Player,Nation,Pos,Squad,Age,Born,MP,Starts,Min,90s,Gls,Ast,G-PK,PK,PKatt,CrdY,CrdR,Gls/90,Ast/90,G+A,G-PK/90,G+A-PK,Sh,SoT,SoT%,Sh/90,SoT/90,G/Sh,G/SoT,Dist,Mn/MP,Min%,Mn/Start,Compl,Subs,Mn/Sub,unSub,PPM,onG,onGA,+/-,+/-90,On-Off,2CrdY,Fls,Fld,Off,Crs,Int,TklW,PKwon,PKcon,OG,League Name,League ID,Season
Ismael Aaneba,fr FRA,DF,Sochaux,22,1999,15,15,1349,15.0,0,0,0,0,0,1,0,0.00,0.00,0.00,0.00,0.00,1,0,0.0,0.07,0.00,0.00,,,90,99.9,90,14,0,,0,1.87,14,8,+6,+0.40,+0.40,0,6,9,0,2,32,15,,,0,Ligue-2,60,2021-2022
Abdel Abdallah,km COM,"DF,MF",Grenoble,24,1997,11,7,663,7.4,1,2,1,0,0,1,0,0.14,0.27,0.41,0.14,0.41,5,1,20.0,0.68,0.14,0.20,1.00,,60,49.1,86,4,4,15,3,1.27,7,9,-2,-0.27,-0.14,0,11,12,1,26,17,3,,,0,Ligue-2,60,2021-2022
Himad Abdelli,fr FRA,MF,Le Havre,21,1999,3,0,38,0.4,0,0,0,0,0,0,0,0.00,0.00,0.00,0.00,0.00,0,0,,0.00,0.00,,,,13,2.8,,0,3,13,4,1.33,0,0,0,0.00,-0.41,0,3,4,0,0,1,0,,,0,Ligue-2,60,2021-2022
Ali Abdi,tn TUN,"DF,MF",Caen,27,1993,12,12,1013,11.3,0,3,0,0,0,4,1,0.00,0.27,0.27,0.00,0.27,11,6,54.5,0.98,0.53,0.00,0.00,,84,75.0,84,8,0,,1,0.92,9,14,-5,-0.44,-1.78,1,16,12,1,30,27,13,,,1,Ligue-2,60,2021-2022
Aly Abeid,mr MTN,"DF,MF",Valenciennes,23,1997,9,7,555,6.2,0,0,0,0,0,1,0,0.00,0.00,0.00,0.00,0.00,2,0,0.0,0.32,0.00,0.00,,,62,41.1,76,4,2,11,4,1.44,6,8,-2,-0.32,+0.58,0,5,3,0,4,10,5,,,0,Ligue-2,60,2021-2022
Charles Abi,fr FRA,FW,Guingamp,21,2000,6,3,222,2.5,1,0,1,0,0,2,0,0.41,0.00,0.41,0.41,0.41,3,1,33.3,1.22,0.41,0.33,1.00,,37,16.4,60,0,3,14,0,1.17,4,3,+1,+0.41,+0.64,0,11,3,2,0,0,2,,,0,Ligue-2,60,2021-2022
Amine Adli,fr FRA,MF,Toulouse,21,2000,1,1,89,1.0,0,0,0,0,0,0,1,0.00,0.00,0.00,0.00,0.00,2,0,0.0,2.02,0.00,0.00,,,89,6.6,89,0,0,,0,1.00,2,2,0,0.00,-1.36,0,2,4,0,4,0,0,,,0,Ligue-2,60,2021-2022
Matteo Ahlinvi,bj BEN,MF,Dijon,22,1999,9,6,505,5.6,0,0,0,0,0,1,0,0.00,0.00,0.00,0.00,0.00,5,1,20.0,0.89,0.18,0.00,0.00,,56,37.4,76,3,3,16,3,1.11,5,10,-5,-0.89,-0.68,0,9,7,1,5,4,4,,,0,Ligue-2,60,2021-2022
Ogou Akichi,ci CIV,"MF,DF",Nancy,31,1990,10,8,739,8.2,0,1,0,0,0,1,0,0.00,0.12,0.12,0.00,0.12,1,0,0.0,0.12,0.00,0.00,,,74,54.7,90,8,2,10,1,0.90,8,13,-5,-0.61,+0.42,0,11,11,0,0,10,9,,,0,Ligue-2,60,2021-2022
Chadrac Akolo,cd COD,"MF,FW",Amiens,26,1995,13,8,683,7.6,1,0,1,0,0,0,0,0.13,0.00,0.13,0.13,0.13,11,6,54.5,1.45,0.79,0.09,0.17,,53,50.6,73,1,5,21,0,0.85,8,10,-2,-0.26,-0.26,0,8,12,3,10,6,1,,,0,Ligue-2,60,2021-2022
Migouel Alfarela,fr FRA,"FW,MF",Paris FC,23,1997,14,4,520,5.8,1,1,1,0,0,1,0,0.17,0.17,0.35,0.17,0.35,15,6,40.0,2.60,1.04,0.07,0.17,,37,38.5,68,0,10,25,1,1.50,6,6,0,0.00,-0.33,0,5,1,2,8,4,5,,,0,Ligue-2,60,2021-2022
Chaker Alhadhur,km COM,"DF,MF",Ajaccio,29,1991,1,0,4,0.0,0,0,0,0,0,0,0,0.00,0.00,0.00,0.00,0.00,0,0,,0.00,0.00,,,,4,0.3,,0,1,4,3,3.00,0,0,0,0.00,-0.60,0,0,0,0,0,0,0,,,0,Ligue-2,60,2021-2022
Nabil Alioui,fr FRA,"MF,FW",Le Havre,22,1999,13,7,626,7.0,0,1,0,0,0,0,0,0.00,0.14,0.14,0.00,0.14,11,1,9.1,1.58,0.14,0.00,0.00,,48,46.4,78,1,6,14,0,1.85,3,2,+1,+0.14,-0.48,0,8,18,1,29,4,3,,,0,Ligue-2,60,2021-2022
Saturnin Allagbé,bj BEN,GK,Valenciennes,27,1993,7,7,630,7.0,0,0,0,0,0,0,0,0.00,0.00,0.00,0.00,0.00,0,0,,0.00,0.00,,,,90,46.7,90,7,0,,2,0.71,4,11,-7,-1.00,-0.63,0,0,0,0,0,0,2,,,0,Ligue-2,60,2021-2022
Mickaël Alphonse,gp GLP,"DF,MF",Amiens,32,1989,15,15,1350,15.0,1,1,1,0,0,2,0,0.07,0.07,0.13,0.07,0.13,16,4,25.0,1.07,0.27,0.06,0.25,,90,100.0,90,15,0,,0,0.93,14,16,-2,-0.13,,0,15,18,2,49,38,21,,,0,Ligue-2,60,2021-2022
Steve Ambri,fr FRA,MF,Sochaux,24,1997,10,3,401,4.5,1,2,0,1,1,3,0,0.22,0.45,0.67,0.00,0.45,9,2,22.2,2.02,0.45,0.00,0.00,,40,29.7,76,1,7,25,0,1.90,6,3,+3,+0.67,+0.39,0,15,17,3,7,3,6,,,0,Ligue-2,60,2021-2022
Achille Anani,ci CIV,FW,Grenoble,26,1994,12,9,748,8.3,1,1,1,0,1,2,0,0.12,0.12,0.24,0.12,0.24,14,7,50.0,1.68,0.84,0.07,0.14,,62,55.4,75,4,3,25,0,1.17,5,13,-8,-0.96,-1.71,0,21,14,12,2,1,3,,,0,Ligue-2,60,2021-2022
Janis Antiste,fr FRA,FW,Toulouse,19,2002,3,1,129,1.4,0,0,0,0,0,0,0,0.00,0.00,0.00,0.00,0.00,3,1,33.3,2.09,0.70,0.00,0.00,,43,9.6,79,0,2,25,0,2.33,3,2,+1,+0.70,-0.63,0,2,2,0,2,1,0,,,0,Ligue-2,60,2021-2022
Said Arab,fr FRA,FW,Paris FC,21,2000,2,0,24,0.3,0,0,0,0,0,0,0,0.00,0.00,0.00,0.00,0.00,1,0,0.0,3.75,0.00,0.00,,,12,1.8,,0,2,12,4,3.00,0,0,0,0.00,-0.20,0,2,0,0,0,0,0,,,0,Ligue-2,60,2021-2022
Taïryk Arconte,fr FRA,FW,Ajaccio,17,2003,8,0,116,1.3,0,0,0,0,0,0,0,0.00,0.00,0.00,0.00,0.00,1,0,0.0,0.78,0.00,0.00,,,15,8.6,,0,8,15,1,1.63,1,0,+1,+0.78,+0.19,0,7,3,3,4,0,2,,,0,Ligue-2,60,2021-2022
Carlens Arcus,ht HAI,DF,Auxerre,25,1996,10,7,634,7.0,0,0,0,0,0,1,0,0.00,0.00,0.00,0.00,0.00,3,0,0.0,0.43,0.00,0.00,,,63,47.0,87,6,3,9,4,2.00,16,7,+9,+1.28,+1.15,0,7,4,1,28,19,7,,,0,Ligue-2,60,2021-2022
Karim Aribi,dz ALG,FW,Nîmes,27,1994,6,2,213,2.4,0,0,0,0,0,1,0,0.00,0.00,0.00,0.00,0.00,5,2,40.0,2.11,0.85,0.00,0.00,,36,15.8,65,0,4,21,1,0.83,4,3,+1,+0.42,+0.66,0,6,4,2,2,1,3,,,0,Ligue-2,60,2021-2022
Romain Armand,fr FRA,MF,Pau FC,34,1987,14,13,1118,12.4,2,2,2,0,0,1,0,0.16,0.16,0.32,0.16,0.32,25,14,56.0,2.01,1.13,0.08,0.14,,80,82.8,84,6,1,25,0,1.43,12,15,-3,-0.24,-1.02,0,7,17,5,42,7,5,,,0,Ligue-2,60,2021-2022
Yoël Armougom,fr FRA,DF,Caen,23,1998,13,12,1084,12.0,0,0,0,0,0,0,0,0.00,0.00,0.00,0.00,0.00,5,1,20.0,0.42,0.08,0.00,0.00,,83,80.3,87,9,1,45,2,1.15,13,12,+1,+0.08,+0.42,0,9,9,0,42,28,14,,,0,Ligue-2,60,2021-2022
Toluwalas Arokodare,ng NGA,FW,Amiens,20,2000,12,3,436,4.8,3,1,2,1,1,2,1,0.62,0.21,0.83,0.41,0.62,17,6,35.3,3.51,1.24,0.12,0.33,,36,32.3,68,1,9,26,0,1.00,7,8,-1,-0.21,-0.11,1,12,6,4,2,2,2,,,0,Ligue-2,60,2021-2022
Roger Assalé,ci CIV,"MF,FW",Dijon,27,1993,4,2,149,1.7,2,0,2,0,0,0,0,1.21,0.00,1.21,1.21,1.21,3,3,100.0,1.81,1.81,0.67,0.67,,37,11.0,55,1,2,20,0,0.25,3,4,-1,-0.60,-0.15,0,2,6,0,1,0,0,,,0,Ligue-2,60,2021-2022
Ebenezer Assifuah,gh GHA,FW,Pau FC,28,1993,15,7,654,7.3,4,0,4,0,0,1,0,0.55,0.00,0.55,0.55,0.55,26,10,38.5,3.58,1.38,0.15,0.40,,44,48.4,69,0,8,21,0,1.40,8,9,-1,-0.14,-0.14,0,25,21,9,12,3,8,,,0,Ligue-2,60,2021-2022
Mathias Autret,fr FRA,MF,Auxerre,30,1991,13,12,1050,11.7,4,1,1,3,3,1,0,0.34,0.09,0.43,0.09,0.17,25,10,40.0,2.14,0.86,0.04,0.10,,81,77.8,84,6,1,45,0,1.77,15,10,+5,+0.43,-1.07,0,13,7,1,55,13,10,,,0,Ligue-2,60,2021-2022
Cédric Avinel,gp GLP,DF,Ajaccio,35,1986,13,11,1044,11.6,0,0,0,0,0,3,0,0.00,0.00,0.00,0.00,0.00,2,0,0.0,0.17,0.00,0.00,,,80,77.3,90,11,2,27,2,1.92,13,7,+6,+0.52,-0.37,0,7,6,0,0,9,3,,,0,Ligue-2,60,2021-2022
Floyd Ayité,tg TOG,"FW,MF",Valenciennes,32,1988,12,9,635,7.1,0,2,0,0,0,1,0,0.00,0.28,0.28,0.00,0.28,12,3,25.0,1.70,0.43,0.00,0.00,,53,47.0,63,3,3,21,0,1.17,8,13,-5,-0.71,-0.08,0,14,19,11,14,2,3,,,0,Ligue-2,60,2021-2022
Neil El Aynaoui,fr FRA,MF,Nancy,20,2001,6,2,161,1.8,0,0,0,0,0,2,0,0.00,0.00,0.00,0.00,0.00,4,1,25.0,2.24,0.56,0.00,0.00,,27,11.9,45,0,4,18,1,0.50,1,3,-2,-1.12,-0.36,0,4,7,0,0,3,3,,,0,Ligue-2,60,2021-2022
Abdoullah Ba,fr FRA,"MF,FW",Le Havre,18,2003,11,5,432,4.8,0,0,0,0,0,3,0,0.00,0.00,0.00,0.00,0.00,7,4,57.1,1.46,0.83,0.00,0.00,,39,32.0,69,0,6,15,3,1.36,3,1,+2,+0.42,+0.02,0,10,12,0,5,4,1,,,0,Ligue-2,60,2021-2022
Alioune Ba,fr FRA,DF,Dunkerque,32,1989,8,8,584,6.5,0,0,0,0,0,5,1,0.00,0.00,0.00,0.00,0.00,2,0,0.0,0.31,0.00,0.00,,,73,43.3,73,6,0,,0,1.13,3,7,-4,-0.62,-0.62,0,8,16,1,0,3,2,,,0,Ligue-2,60,2021-2022
El-Hadji Ba,fr FRA,MF,Guingamp,28,1993,8,4,375,4.2,1,0,1,0,0,0,0,0.24,0.00,0.24,0.24,0.24,3,1,33.3,0.72,0.24,0.33,1.00,,47,27.8,77,0,4,17,3,1.38,6,4,+2,+0.48,+0.85,0,11,10,0,0,5,11,,,0,Ligue-2,60,2021-2022
Aliou Badji,sn SEN,FW,Amiens,24,1997,7,7,458,5.1,1,0,1,0,0,2,0,0.20,0.00,0.20,0.20,0.20,12,4,33.3,2.36,0.79,0.08,0.25,,65,33.9,65,0,0,,0,1.14,4,4,0,0.00,+0.20,0,10,4,2,0,1,1,,,0,Ligue-2,60,2021-2022
Yassine Bahassa,ma MAR,"MF,FW",Quevilly-Rouen,29,1992,15,10,894,9.9,0,3,0,0,0,1,0,0.00,0.30,0.30,0.00,0.30,12,5,41.7,1.21,0.50,0.00,0.00,,60,66.2,77,3,5,26,0,1.13,8,11,-3,-0.30,+0.29,0,13,9,0,49,7,4,,,0,Ligue-2,60,2021-2022
Thierno Balde,fr FRA,DF,Le Havre,19,2002,12,11,946,10.5,0,0,0,0,0,0,0,0.00,0.00,0.00,0.00,0.00,0,0,,0.00,0.00,,,,79,70.1,86,6,1,1,2,1.75,9,5,+4,+0.38,-0.06,0,3,9,0,7,11,10,,,0,Ligue-2,60,2021-2022
Franck-Yves Bambock,fr FRA,"MF,DF",Grenoble,26,1995,9,7,683,7.6,0,0,0,0,0,2,0,0.00,0.00,0.00,0.00,0.00,2,0,0.0,0.26,0.00,0.00,,,76,50.6,90,6,2,28,0,1.89,11,6,+5,+0.66,+1.74,0,12,16,0,0,12,6,,,0,Ligue-2,60,2021-2022
Mamady Bangré,fr FRA,FW,Toulouse,20,2001,4,2,124,1.4,0,0,0,0,0,0,0,0.00,0.00,0.00,0.00,0.00,6,0,0.0,4.35,0.00,0.00,,,31,9.2,45,0,2,17,5,2.25,2,2,0,0.00,-1.39,0,3,4,0,1,1,0,,,0,Ligue-2,60,2021-2022
Damon Bansais,fr FRA,DF,Quevilly-Rouen,27,1994,13,12,1054,11.7,0,1,0,0,0,5,0,0.00,0.09,0.09,0.00,0.09,3,1,33.3,0.26,0.09,0.00,0.00,,81,78.1,86,10,1,23,0,1.23,12,16,-4,-0.34,+0.27,0,27,22,0,12,21,14,,,0,Ligue-2,60,2021-2022
Pierre Bardy,fr FRA,DF,Rodez Aveyron,29,1992,11,10,912,10.1,0,0,0,0,0,2,0,0.00,0.00,0.00,0.00,0.00,6,0,0.0,0.59,0.00,0.00,,,83,67.6,87,8,1,45,2,1.09,9,12,-3,-0.30,-0.91,0,5,17,0,13,22,9,,,0,Ligue-2,60,2021-2022
Mickaël Barreto,fr FRA,"MF,FW",Ajaccio,30,1991,11,7,587,6.5,0,1,0,0,0,0,0,0.00,0.15,0.15,0.00,0.15,15,5,33.3,2.30,0.77,0.00,0.00,,53,43.5,73,0,4,19,0,1.73,8,5,+3,+0.46,-0.25,0,12,3,0,61,9,12,,,0,Ligue-2,60,2021-2022
Maxime Barthelmé,fr FRA,"MF,FW",Guingamp,33,1988,11,10,726,8.1,0,1,0,0,0,1,0,0.00,0.12,0.12,0.00,0.12,12,5,41.7,1.49,0.62,0.00,0.00,,66,53.8,71,0,1,15,3,1.18,7,9,-2,-0.25,-0.25,0,14,15,6,49,3,9,,,0,Ligue-2,60,2021-2022
Thomas Basila,fr FRA,DF,Nancy,22,1999,9,8,754,8.4,0,0,0,0,0,4,1,0.00,0.00,0.00,0.00,0.00,1,0,0.0,0.12,0.00,0.00,,,84,55.9,90,7,1,35,0,1.22,9,9,0,0.00,+1.81,1,12,6,0,1,10,1,,,0,Ligue-2,60,2021-2022
Enzo Basilio,fr FRA,GK,Guingamp,27,1994,15,15,1350,15.0,0,0,0,0,0,0,0,0.00,0.00,0.00,0.00,0.00,0,0,,0.00,0.00,,,,90,100.0,90,15,0,,0,1.20,18,20,-2,-0.13,,0,1,1,0,0,0,0,,,0,Ligue-2,60,2021-2022
Norman Bassette,be BEL,FW,Caen,16,2004,1,0,6,0.1,0,0,0,0,0,0,0,0.00,0.00,0.00,0.00,0.00,0,0,,0.00,0.00,,,,6,0.4,,0,1,6,1,0.00,0,0,0,0.00,0.00,0,0,0,0,0,0,0,,,0,Ligue-2,60,2021-2022
Antoine Batisse,fr FRA,DF,Pau FC,26,1995,13,13,1119,12.4,0,0,0,0,0,4,2,0.00,0.00,0.00,0.00,0.00,6,1,16.7,0.48,0.08,0.00,0.00,,86,82.9,86,11,0,,0,1.38,12,10,+2,+0.16,+1.33,1,18,8,4,3,22,10,,,0,Ligue-2,60,2021-2022
Cyrille Bayala,bf BFA,MF,Ajaccio,25,1996,7,7,471,5.2,0,2,0,0,0,1,0,0.00,0.38,0.38,0.00,0.38,7,2,28.6,1.34,0.38,0.00,0.00,,67,34.9,67,1,0,,0,2.00,6,2,+4,+0.76,+0.25,0,15,3,2,13,4,5,,,0,Ligue-2,60,2021-2022
Yanis Begraoui,fr FRA,FW,Toulouse,20,2001,10,1,226,2.5,0,0,0,0,0,0,0,0.00,0.00,0.00,0.00,0.00,8,3,37.5,3.19,1.19,0.00,0.00,,23,16.7,68,0,9,18,1,2.20,5,3,+2,+0.80,-0.56,0,0,2,1,0,4,2,,,0,Ligue-2,60,2021-2022
Erwan Belhadji,fr FRA,MF,Dijon,20,2001,1,1,90,1.0,0,0,0,0,0,0,0,0.00,0.00,0.00,0.00,0.00,1,0,0.0,1.00,0.00,0.00,,,90,6.7,90,1,0,,6,0.00,0,2,-2,-2.00,-1.64,0,0,0,0,3,1,0,,,0,Ligue-2,60,2021-2022
Sami Belkorchia,fr FRA,DF,Quevilly-Rouen,26,1995,2,0,32,0.4,0,0,0,0,0,0,0,0.00,0.00,0.00,0.00,0.00,0,0,,0.00,0.00,,,,16,2.4,,0,2,16,1,0.50,0,0,0,0.00,+0.41,0,0,0,0,0,0,0,,,0,Ligue-2,60,2021-2022
Anthony Belmonte,fr FRA,"MF,FW",Grenoble,26,1995,11,10,832,9.2,1,0,0,1,1,3,0,0.11,0.00,0.11,0.00,0.00,9,3,33.3,0.97,0.32,0.00,0.00,,76,61.6,80,4,1,33,0,1.00,4,16,-12,-1.30,-2.86,0,15,6,1,26,12,7,,,0,Ligue-2,60,2021-2022
Mohamed Ben Fredj,tn TUN,FW,Auxerre,21,2000,2,0,12,0.1,0,0,0,0,0,0,0,0.00,0.00,0.00,0.00,0.00,1,0,0.0,7.50,0.00,0.00,,,6,0.9,,0,2,6,11,3.00,0,0,0,0.00,-0.67,0,0,0,0,0,0,0,,,0,Ligue-2,60,2021-2022
Chaouki Ben Saada,tn TUN,"FW,MF",Bastia,37,1984,7,0,101,1.1,0,0,0,0,0,0,0,0.00,0.00,0.00,0.00,0.00,1,0,0.0,0.89,0.00,0.00,,,14,7.5,,0,7,14,2,0.71,1,3,-2,-1.78,-1.64,0,4,3,0,1,1,1,,,0,Ligue-2,60,2021-2022
Samy Benchamma,fr FRA,MF,Niort,21,2000,12,6,622,6.9,0,0,0,0,0,0,0,0.00,0.00,0.00,0.00,0.00,3,2,66.7,0.43,0.29,0.00,0.00,,52,46.1,79,1,6,25,3,1.67,5,7,-2,-0.29,-0.54,0,14,2,0,1,8,13,,,0,Ligue-2,60,2021-2022
Jessy Bénet,fr FRA,MF,Amiens,26,1995,8,5,435,4.8,0,0,0,0,0,1,0,0.00,0.00,0.00,0.00,0.00,3,1,33.3,0.62,0.21,0.00,0.00,,54,32.2,76,1,3,18,0,0.75,3,4,-1,-0.21,-0.11,0,6,9,0,12,7,7,,,0,Ligue-2,60,2021-2022
Yassine Benrahou,fr FRA,"MF,FW",Nîmes,22,1999,15,15,1270,14.1,5,5,4,1,1,0,0,0.35,0.35,0.71,0.28,0.64,30,15,50.0,2.13,1.06,0.13,0.27,,85,94.1,85,9,0,,0,1.13,16,16,0,0.00,+2.25,0,15,15,1,93,6,10,,,0,Ligue-2,60,2021-2022
Yassine Benzia,dz ALG,"MF,FW",Dijon,27,1994,12,10,899,10.0,3,2,3,0,0,2,0,0.30,0.20,0.50,0.30,0.50,26,10,38.5,2.60,1.00,0.12,0.30,,75,66.6,86,7,2,21,0,1.33,9,11,-2,-0.20,+0.80,0,15,20,1,95,5,8,,,0,Ligue-2,60,2021-2022
Quentin Bernard,fr FRA,DF,Auxerre,32,1989,15,15,1350,15.0,0,2,0,0,0,2,0,0.00,0.13,0.13,0.00,0.13,4,0,0.0,0.27,0.00,0.00,,,90,100.0,90,15,0,,0,1.93,25,15,+10,+0.67,,0,21,7,2,43,22,20,,,0,Ligue-2,60,2021-2022
Maxime Bernauer,fr FRA,DF,Paris FC,23,1998,13,10,937,10.4,0,1,0,0,0,1,0,0.00,0.10,0.10,0.00,0.10,4,1,25.0,0.38,0.10,0.00,0.00,,72,69.4,88,7,3,20,0,1.38,11,12,-1,-0.10,-0.97,0,13,10,0,59,19,9,,,1,Ligue-2,60,2021-2022
Dorian Bertrand,fr FRA,MF,Nancy,28,1993,6,2,192,2.1,0,0,0,0,0,1,0,0.00,0.00,0.00,0.00,0.00,3,1,33.3,1.41,0.47,0.00,0.00,,32,14.2,69,0,4,14,1,0.83,1,2,-1,-0.47,+0.39,0,3,6,0,6,4,1,,,0,Ligue-2,60,2021-2022
Steeve Beusnard,fr FRA,MF,Pau FC,29,1992,9,8,670,7.4,0,0,0,0,0,2,0,0.00,0.00,0.00,0.00,0.00,7,1,14.3,0.94,0.13,0.00,0.00,,74,49.6,80,3,1,29,0,1.00,4,9,-5,-0.67,-1.20,0,15,17,0,1,5,11,,,0,Ligue-2,60,2021-2022
William Bianda,fr FRA,DF,Nancy,21,2000,9,9,773,8.6,1,1,1,0,0,0,0,0.12,0.12,0.23,0.12,0.23,3,1,33.3,0.35,0.12,0.33,1.00,,86,57.3,86,6,0,,0,1.11,9,14,-5,-0.58,+0.51,0,10,6,0,0,14,3,,,0,Ligue-2,60,2021-2022
Yohan Bilingi,fr FRA,DF,Guingamp,22,1999,8,8,706,7.8,0,0,0,0,0,2,1,0.00,0.00,0.00,0.00,0.00,3,1,33.3,0.38,0.13,0.00,0.00,,88,52.3,88,7,0,,0,1.25,7,8,-1,-0.13,+0.01,1,11,2,0,15,17,5,,,0,Ligue-2,60,2021-2022
Mickaël Biron,mq MTQ,"MF,FW",Nancy,24,1997,15,15,1310,14.6,3,0,2,1,1,2,0,0.21,0.00,0.21,0.14,0.14,48,17,35.4,3.30,1.17,0.04,0.12,,87,97.0,87,9,0,,0,0.80,11,24,-13,-0.89,-3.14,0,32,22,6,9,9,20,,,0,Ligue-2,60,2021-2022
Yohan Bocognano,fr FRA,DF,Bastia,31,1990,14,11,1010,11.2,0,0,0,0,0,1,0,0.00,0.00,0.00,0.00,0.00,4,0,0.0,0.36,0.00,0.00,,,72,74.8,89,10,3,11,1,1.00,10,12,-2,-0.18,+0.35,0,10,9,2,2,23,7,,,0,Ligue-2,60,2021-2022
Yann Boe-Kane,fr FRA,"MF,DF",Quevilly-Rouen,30,1991,13,11,976,10.8,1,0,1,0,0,4,0,0.09,0.00,0.09,0.09,0.09,7,2,28.6,0.65,0.18,0.14,0.50,,75,72.3,87,9,2,11,0,1.00,7,17,-10,-0.92,-1.88,0,19,10,1,3,25,21,,,0,Ligue-2,60,2021-2022
Rémy Boissier,fr FRA,MF,Rodez Aveyron,27,1994,15,14,1251,13.9,1,2,1,0,0,2,0,0.07,0.14,0.22,0.07,0.22,17,7,41.2,1.22,0.50,0.06,0.14,,83,92.7,88,8,1,26,0,1.27,16,15,+1,+0.07,+0.98,0,23,18,2,74,15,14,,,0,Ligue-2,60,2021-2022
Olivier Boissy,sn SEN,FW,Grenoble,22,1999,8,0,137,1.5,0,0,0,0,0,0,0,0.00,0.00,0.00,0.00,0.00,3,0,0.0,1.97,0.00,0.00,,,17,10.1,,0,8,17,0,1.00,0,4,-4,-2.63,-2.70,0,0,1,1,1,0,2,,,0,Ligue-2,60,2021-2022
Warren Bondo,fr FRA,MF,Nancy,18,2003,11,6,677,7.5,1,0,0,1,1,1,0,0.13,0.00,0.13,0.00,0.00,12,2,16.7,1.60,0.27,0.00,0.00,,62,50.1,87,4,5,31,0,0.64,4,14,-10,-1.33,-1.06,0,16,27,0,17,1,20,,,0,Ligue-2,60,2021-2022
Alexandre Bonnet,fr FRA,MF,Le Havre,35,1986,15,4,470,5.2,0,0,0,0,0,1,0,0.00,0.00,0.00,0.00,0.00,3,0,0.0,0.57,0.00,0.00,,,31,34.8,69,0,11,18,0,1.67,2,3,-1,-0.19,-0.91,0,4,6,0,18,4,7,,,0,Ligue-2,60,2021-2022
Ugo Bonnet,fr FRA,FW,Rodez Aveyron,28,1993,15,8,806,9.0,2,1,2,0,0,1,0,0.22,0.11,0.33,0.22,0.33,19,4,21.1,2.12,0.45,0.11,0.50,,54,59.7,78,4,7,26,0,1.27,8,11,-3,-0.33,-0.83,0,7,12,7,10,5,3,,,0,Ligue-2,60,2021-2022
Kenji-Van Boto,fr FRA,DF,Pau FC,25,1996,15,15,1319,14.7,0,1,0,0,0,2,0,0.00,0.07,0.07,0.00,0.07,9,3,33.3,0.61,0.20,0.00,0.00,,88,97.7,88,13,0,,0,1.40,14,16,-2,-0.14,-3.04,0,14,9,1,49,17,22,,,0,Ligue-2,60,2021-2022
Kouamé Botué,bf BFA,FW,Ajaccio,19,2002,11,6,533,5.9,1,0,1,0,0,1,0,0.17,0.00,0.17,0.17,0.17,15,7,46.7,2.53,1.18,0.07,0.14,,48,39.5,75,0,5,17,2,1.73,2,1,+1,+0.17,-0.71,0,13,13,5,4,1,3,,,0,Ligue-2,60,2021-2022
Dimitri Boudaud,fr FRA,MF,Dunkerque,34,1987,3,0,31,0.3,0,0,0,0,0,0,0,0.00,0.00,0.00,0.00,0.00,0,0,,0.00,0.00,,,,10,2.3,,0,3,10,3,0.67,0,0,0,0.00,+0.27,0,1,1,0,2,0,1,,,0,Ligue-2,60,2021-2022
Ismaëlben Boura,fr FRA,DF,Le Havre,21,2000,4,4,340,3.8,0,0,0,0,0,0,0,0.00,0.00,0.00,0.00,0.00,3,0,0.0,0.79,0.00,0.00,,,85,25.2,85,3,0,,0,1.25,3,3,0,0.00,-0.53,0,3,4,0,9,7,1,,,0,Ligue-2,60,2021-2022
Khalid Boutaïb,ma MAR,FW,Le Havre,34,1987,13,12,1033,11.5,3,0,3,0,0,3,1,0.26,0.00,0.26,0.26,0.26,24,8,33.3,2.09,0.70,0.13,0.38,,79,76.5,84,6,1,28,0,1.62,11,8,+3,+0.26,-0.59,0,26,16,8,1,6,18,,,0,Ligue-2,60,2021-2022
Bilal Boutobba,fr FRA,MF,Niort,23,1998,15,14,1239,13.8,3,5,3,0,0,1,0,0.22,0.36,0.58,0.22,0.58,19,11,57.9,1.38,0.80,0.16,0.27,,83,91.8,88,9,1,14,0,1.40,16,15,+1,+0.07,+0.88,0,15,25,4,54,12,12,,,0,Ligue-2,60,2021-2022
Aymen Boutoutaou,fr FRA,"FW,MF",Valenciennes,20,2001,6,5,344,3.8,0,0,0,0,0,0,0,0.00,0.00,0.00,0.00,0.00,8,2,25.0,2.09,0.52,0.00,0.00,,57,25.5,66,0,1,16,0,0.83,1,3,-2,-0.52,+0.19,0,5,12,0,5,2,5,,,0,Ligue-2,60,2021-2022
Samir Bouzar,fr FRA,DF,Nancy,22,1999,1,1,45,0.5,0,0,0,0,0,0,0,0.00,0.00,0.00,0.00,0.00,0,0,,0.00,0.00,,,,45,3.3,45,0,0,,1,0.00,0,3,-3,-6.00,-5.38,0,0,0,0,0,0,1,,,0,Ligue-2,60,2021-2022
Quentin Braat,fr FRA,GK,Niort,24,1997,15,15,1350,15.0,0,0,0,0,0,1,0,0.00,0.00,0.00,0.00,0.00,0,0,,0.00,0.00,,,,90,100.0,90,15,0,,0,1.40,16,16,0,0.00,,0,1,2,0,0,0,0,,,0,Ligue-2,60,2021-2022
Bilal Brahimi,fr FRA,"MF,DF",Dunkerque,21,2000,13,11,986,11.0,2,1,2,0,0,3,0,0.18,0.09,0.27,0.18,0.27,8,3,37.5,0.73,0.27,0.25,0.67,,76,73.0,86,7,2,22,1,1.00,9,11,-2,-0.18,+0.31,0,11,23,0,31,8,10,,,0,Ligue-2,60,2021-2022
Nicolas Bruneel,fr FRA,MF,Dunkerque,24,1997,12,7,588,6.5,1,0,1,0,0,2,0,0.15,0.00,0.15,0.15,0.15,9,1,11.1,1.38,0.15,0.11,1.00,,49,43.6,71,1,5,18,1,1.33,6,8,-2,-0.31,-0.07,0,11,20,0,3,5,14,,,0,Ligue-2,60,2021-2022
Lucas Buadés,fr FRA,MF,Rodez Aveyron,23,1997,14,13,1191,13.2,4,1,4,0,0,0,0,0.30,0.08,0.38,0.30,0.38,13,5,38.5,0.98,0.38,0.31,0.80,,85,88.2,90,12,1,24,0,1.36,16,11,+5,+0.38,+3.21,0,15,16,3,46,21,14,,,0,Ligue-2,60,2021-2022
Plamedi Buni Jorge,ao ANG,MF,Rodez Aveyron,21,2000,2,0,6,0.1,0,0,0,0,0,0,0,0.00,0.00,0.00,0.00,0.00,0,0,,0.00,0.00,,,,3,0.4,,0,2,3,1,3.00,0,0,0,0.00,0.00,0,0,0,0,0,0,0,,,0,Ligue-2,60,2021-2022
Orges Bunjaku,ch SUI,MF,Grenoble,20,2001,13,2,394,4.4,0,0,0,0,0,2,0,0.00,0.00,0.00,0.00,0.00,1,0,0.0,0.23,0.00,0.00,,,30,29.2,85,1,11,20,2,1.38,2,9,-7,-1.60,-1.98,0,9,7,0,9,6,2,,,0,Ligue-2,60,2021-2022
Patrick Burner,mq MTQ,DF,Nîmes,25,1996,14,12,1012,11.2,0,1,0,0,0,2,0,0.00,0.09,0.09,0.00,0.09,8,3,37.5,0.71,0.27,0.00,0.00,,72,75.0,81,6,2,23,1,1.21,13,15,-2,-0.18,-0.18,0,14,12,0,22,17,12,,,0,Ligue-2,60,2021-2022
Warren Caddy,fr FRA,FW,Paris FC,24,1997,12,7,569,6.3,2,0,1,1,2,2,0,0.32,0.00,0.32,0.16,0.16,13,4,30.8,2.06,0.63,0.08,0.25,,47,42.1,69,1,5,18,0,1.25,6,6,0,0.00,-0.35,0,10,4,3,2,0,2,,,0,Ligue-2,60,2021-2022
Hady Camara,gn GUI,DF,Guingamp,19,2002,6,5,504,5.6,0,0,0,0,0,1,0,0.00,0.00,0.00,0.00,0.00,3,0,0.0,0.54,0.00,0.00,,,84,37.3,90,5,1,54,3,1.17,5,8,-3,-0.54,-0.64,0,4,4,1,0,16,4,,,0,Ligue-2,60,2021-2022
Ousman Camara,fr FRA,"DF,MF",Paris FC,18,2003,14,10,1016,11.3,0,0,0,0,0,2,0,0.00,0.00,0.00,0.00,0.00,3,2,66.7,0.27,0.18,0.00,0.00,,73,75.3,90,10,4,29,1,1.64,16,9,+7,+0.62,+1.70,0,13,10,0,1,11,14,,,0,Ligue-2,60,2021-2022
Thibault Campanini,fr FRA,"DF,MF",Paris FC,23,1998,5,3,208,2.3,0,0,0,0,0,0,0,0.00,0.00,0.00,0.00,0.00,2,1,50.0,0.87,0.43,0.00,0.00,,42,15.4,62,0,2,12,6,1.20,2,2,0,0.00,-0.24,0,3,2,0,8,2,2,,,0,Ligue-2,60,2021-2022
Louis Carnot,fr FRA,MF,Guingamp,20,2001,6,1,141,1.6,1,0,1,0,0,1,0,0.64,0.00,0.64,0.64,0.64,1,1,100.0,0.64,0.64,1.00,1.00,,24,10.4,90,1,5,10,4,1.50,1,2,-1,-0.64,-0.56,0,4,2,0,3,4,4,,,0,Ligue-2,60,2021-2022
Josué Casimir,fr FRA,MF,Le Havre,20,2001,2,0,46,0.5,0,0,0,0,0,0,0,0.00,0.00,0.00,0.00,0.00,2,0,0.0,3.91,0.00,0.00,,,23,3.4,,0,2,23,1,0.50,0,0,0,0.00,-0.41,0,1,1,0,4,1,0,,,0,Ligue-2,60,2021-2022
Yohan Cassubie,fr FRA,"DF,MF",Niort,21,2000,7,5,454,5.0,1,0,1,0,0,2,0,0.20,0.00,0.20,0.20,0.20,3,1,33.3,0.59,0.20,0.33,1.00,,65,33.6,81,3,2,24,0,1.14,4,5,-1,-0.20,-0.30,0,9,0,0,3,9,14,,,0,Ligue-2,60,2021-2022
Yoann Cathline,fr FRA,MF,Guingamp,19,2002,4,0,34,0.4,0,0,0,0,0,0,0,0.00,0.00,0.00,0.00,0.00,1,0,0.0,2.65,0.00,0.00,,,9,2.5,,0,4,9,0,0.75,1,1,0,0.00,+0.14,0,2,1,0,3,0,0,,,0,Ligue-2,60,2021-2022
Julien Celestine,fr FRA,DF,Rodez Aveyron,24,1997,11,10,846,9.4,0,0,0,0,0,4,0,0.00,0.00,0.00,0.00,0.00,3,1,33.3,0.32,0.11,0.00,0.00,,77,62.7,84,7,1,5,3,1.55,13,12,+1,+0.11,+0.28,0,19,11,0,0,13,10,,,0,Ligue-2,60,2021-2022
Florian Chabrolle,fr FRA,MF,Ajaccio,23,1998,5,2,176,2.0,0,0,0,0,0,0,0,0.00,0.00,0.00,0.00,0.00,1,0,0.0,0.51,0.00,0.00,,,35,13.0,83,1,3,4,6,1.40,2,1,+1,+0.51,-0.10,0,5,4,0,0,1,3,,,0,Ligue-2,60,2021-2022
Mehdi Chahiri,ma MAR,"MF,FW",Caen,25,1996,9,8,748,8.3,3,0,3,0,0,0,0,0.36,0.00,0.36,0.36,0.36,21,7,33.3,2.53,0.84,0.14,0.43,,83,55.4,89,6,1,36,0,0.78,9,10,-1,-0.12,-0.27,0,6,11,1,22,4,8,,,0,Ligue-2,60,2021-2022
Gaëtan Charbonnier,fr FRA,FW,Auxerre,32,1988,12,11,1011,11.2,8,2,8,0,0,2,0,0.71,0.18,0.89,0.71,0.89,27,15,55.6,2.40,1.34,0.30,0.53,,84,74.9,89,10,1,28,0,1.67,18,12,+6,+0.53,-0.53,0,30,13,13,5,3,9,,,0,Ligue-2,60,2021-2022
Samir Chergui,fr FRA,DF,Paris FC,22,1999,15,14,1250,13.9,0,0,0,0,0,0,0,0.00,0.00,0.00,0.00,0.00,3,1,33.3,0.22,0.07,0.00,0.00,,83,92.6,88,13,1,14,0,1.60,18,15,+3,+0.22,+0.22,0,12,4,0,3,18,10,,,0,Ligue-2,60,2021-2022
Lucas Chevalier,fr FRA,GK,Valenciennes,20,2001,8,8,720,8.0,0,0,0,0,0,0,0,0.00,0.00,0.00,0.00,0.00,0,0,,0.00,0.00,,,,90,53.3,90,8,0,,0,1.38,8,11,-3,-0.37,+0.63,0,0,1,0,0,0,0,,,0,Ligue-2,60,2021-2022
Joris Chougrani,fr FRA,DF,Rodez Aveyron,30,1991,15,11,1040,11.6,0,0,0,0,0,2,0,0.00,0.00,0.00,0.00,0.00,11,2,18.2,0.95,0.17,0.00,0.00,,69,77.0,86,10,4,24,0,1.27,10,12,-2,-0.17,-0.75,0,10,8,0,16,11,7,,,0,Ligue-2,60,2021-2022
Yanis Cimignani,fr FRA,MF,Ajaccio,19,2002,14,11,938,10.4,1,1,1,0,0,4,0,0.10,0.10,0.19,0.10,0.19,11,4,36.4,1.06,0.38,0.09,0.25,,67,69.5,77,2,3,32,0,2.00,11,5,+6,+0.58,-0.08,0,19,5,3,20,10,8,,,0,Ligue-2,60,2021-2022
Amadou Ciss,sn SEN,MF,Amiens,22,1999,6,2,250,2.8,0,1,0,0,0,0,0,0.00,0.36,0.36,0.00,0.36,0,0,,0.00,0.00,,,,42,18.5,76,0,4,25,0,0.83,2,3,-1,-0.36,-0.28,0,3,3,0,5,0,3,,,0,Ligue-2,60,2021-2022
Saliou Ciss,sn SEN,"MF,DF",Nancy,32,1989,9,9,760,8.4,0,0,0,0,0,0,0,0.00,0.00,0.00,0.00,0.00,12,4,33.3,1.42,0.47,0.00,0.00,,84,56.3,84,6,0,,0,0.67,6,13,-7,-0.83,-0.07,0,9,17,0,19,13,7,,,0,Ligue-2,60,2021-2022
Ibrahim Cissé,sn SEN,DF,Dunkerque,25,1996,2,2,180,2.0,0,0,0,0,0,0,0,0.00,0.00,0.00,0.00,0.00,0,0,,0.00,0.00,,,,90,13.3,90,2,0,,1,0.50,2,3,-1,-0.50,-0.27,0,2,5,0,1,5,0,,,0,Ligue-2,60,2021-2022
Ibrahim Cissé,sn SEN,DF,Caen,25,1996,5,4,319,3.5,0,0,0,0,0,0,0,0.00,0.00,0.00,0.00,0.00,0,0,,0.00,0.00,,,,64,23.6,75,2,1,21,0,0.40,0,3,-3,-0.85,-1.11,0,1,3,0,0,7,1,,,0,Ligue-2,60,2021-2022
Mohamed Cissé,fr FRA,"MF,FW",Nancy,18,2003,10,6,562,6.2,0,1,0,0,0,0,0,0.00,0.16,0.16,0.00,0.16,13,1,7.7,2.08,0.16,0.00,0.00,,56,41.6,75,1,4,28,2,0.60,6,13,-7,-1.12,-0.55,0,10,22,10,37,1,11,,,0,Ligue-2,60,2021-2022
Nadjib Cisse,ml MLI,DF,Quevilly-Rouen,20,2000,2,0,49,0.5,0,0,0,0,0,0,0,0.00,0.00,0.00,0.00,0.00,0,0,,0.00,0.00,,,,25,3.6,,0,2,25,7,1.50,2,0,+2,+3.67,+4.23,0,0,1,0,0,0,2,,,0,Ligue-2,60,2021-2022
Sidi Cissé,fr FRA,FW,Niort,18,2003,7,0,73,0.8,0,0,0,0,0,0,0,0.00,0.00,0.00,0.00,0.00,1,1,100.0,1.23,1.23,0.00,0.00,,10,5.4,,0,7,10,3,1.29,1,2,-1,-1.23,-1.30,0,2,3,0,1,0,1,,,0,Ligue-2,60,2021-2022
Souleymane Cissé,sn SEN,MF,Grenoble,30,1991,6,4,363,4.0,0,1,0,0,0,2,0,0.00,0.25,0.25,0.00,0.25,3,1,33.3,0.74,0.25,0.00,0.00,,61,26.9,79,1,2,23,2,1.17,4,4,0,0.00,+0.27,0,3,4,0,4,6,2,,,0,Ligue-2,60,2021-2022
Till Cissokho,fr FRA,DF,Quevilly-Rouen,21,2000,13,13,1108,12.3,0,0,0,0,0,1,1,0.00,0.00,0.00,0.00,0.00,1,0,0.0,0.08,0.00,0.00,,,85,82.1,85,11,0,,0,1.00,11,17,-6,-0.49,-0.49,0,16,6,0,0,21,9,,,0,Ligue-2,60,2021-2022
Alexandre Coeff,fr FRA,"MF,DF",Auxerre,29,1992,9,8,714,7.9,0,1,0,0,0,1,0,0.00,0.13,0.13,0.00,0.13,3,0,0.0,0.38,0.00,0.00,,,79,52.9,87,6,1,22,1,2.00,13,5,+8,+1.01,+0.73,0,6,7,2,14,15,9,,,0,Ligue-2,60,2021-2022
Daniel Congré,fr FRA,DF,Dijon,36,1985,14,14,1260,14.0,0,0,0,0,0,2,0,0.00,0.00,0.00,0.00,0.00,10,2,20.0,0.71,0.14,0.00,0.00,,90,93.3,90,14,0,,0,1.14,13,18,-5,-0.36,+1.64,0,13,11,0,0,21,20,,,0,Ligue-2,60,2021-2022
Ibrahima Conté,gn GUI,DF,Niort,25,1996,12,12,1080,12.0,0,0,0,0,0,1,0,0.00,0.00,0.00,0.00,0.00,3,0,0.0,0.25,0.00,0.00,,,90,80.0,90,12,0,,3,1.25,10,12,-2,-0.17,-0.83,0,9,6,0,0,16,5,,,1,Ligue-2,60,2021-2022
Quentin Cornette,fr FRA,"MF,FW",Le Havre,27,1994,15,12,950,10.6,4,2,4,0,0,1,0,0.38,0.19,0.57,0.38,0.57,29,14,48.3,2.75,1.33,0.14,0.29,,63,70.4,76,3,3,14,0,1.67,13,7,+6,+0.57,+0.57,0,15,19,3,94,8,10,,,0,Ligue-2,60,2021-2022
Joris Correa,fr FRA,"MF,FW",Grenoble,27,1993,5,4,333,3.7,0,0,0,0,0,0,0,0.00,0.00,0.00,0.00,0.00,5,1,20.0,1.35,0.27,0.00,0.00,,67,24.7,72,1,1,45,0,1.40,3,3,0,0.00,+0.27,0,6,8,1,3,1,5,,,0,Ligue-2,60,2021-2022
Killian Corredor,fr FRA,FW,Rodez Aveyron,21,2000,3,0,46,0.5,0,0,0,0,0,0,0,0.00,0.00,0.00,0.00,0.00,1,0,0.0,1.96,0.00,0.00,,,15,3.4,,0,3,15,1,1.00,1,0,+1,+1.96,+2.03,0,0,1,0,2,0,0,,,0,Ligue-2,60,2021-2022
Nuno da Costa,cv CPV,"MF,FW",Caen,30,1991,4,2,199,2.2,0,0,0,0,0,2,0,0.00,0.00,0.00,0.00,0.00,4,1,25.0,1.81,0.45,0.00,0.00,,50,14.7,76,0,2,24,0,0.75,0,3,-3,-1.36,-1.59,0,4,6,1,2,2,2,,,0,Ligue-2,60,2021-2022
Senou Coulibaly,ml MLI,DF,Dijon,27,1994,13,12,1069,11.9,1,0,1,0,0,4,0,0.08,0.00,0.08,0.08,0.08,9,1,11.1,0.76,0.08,0.11,1.00,,82,79.2,89,11,1,6,0,1.00,9,15,-6,-0.51,-0.18,0,10,16,1,0,19,8,,,0,Ligue-2,60,2021-2022
Woyo Coulibaly,fr FRA,DF,Le Havre,22,1999,2,0,38,0.4,0,0,0,0,0,0,0,0.00,0.00,0.00,0.00,0.00,0,0,,0.00,0.00,,,,19,2.8,,0,2,19,0,1.00,0,0,0,0.00,-0.41,0,0,2,0,1,0,1,,,0,Ligue-2,60,2021-2022
Yoann Court,fr FRA,MF,Caen,31,1990,3,3,210,2.3,0,2,0,0,0,0,0,0.00,0.86,0.86,0.00,0.86,5,1,20.0,2.14,0.43,0.00,0.00,,70,15.6,70,1,0,,0,2.00,4,0,+4,+1.71,+2.03,0,5,3,0,9,2,5,,,0,Ligue-2,60,2021-2022
Gaëtan Courtet,fr FRA,FW,Ajaccio,32,1989,14,14,1205,13.4,3,2,3,0,0,6,0,0.22,0.15,0.37,0.22,0.37,29,14,48.3,2.17,1.05,0.10,0.21,,86,89.3,86,9,0,,0,1.93,16,7,+9,+0.67,+0.67,0,41,20,4,10,9,3,,,0,Ligue-2,60,2021-2022
Mathieu Coutadeur,fr FRA,MF,Ajaccio,35,1986,12,12,1073,11.9,0,2,0,0,0,1,0,0.00,0.17,0.17,0.00,0.17,7,1,14.3,0.59,0.08,0.00,0.00,,89,79.5,89,10,0,,0,1.92,12,5,+7,+0.59,-0.06,0,11,9,0,6,22,15,,,0,Ligue-2,60,2021-2022
Adrián Cubas,py PAR,MF,Nîmes,25,1996,11,9,822,9.1,0,2,0,0,0,3,0,0.00,0.22,0.22,0.00,0.22,2,0,0.0,0.22,0.00,0.00,,,75,60.9,86,5,2,26,0,1.45,10,9,+1,+0.11,+0.62,0,25,9,0,0,22,26,,,0,Ligue-2,60,2021-2022
Joffrey Cuffaut,fr FRA,DF,Valenciennes,33,1988,14,14,1244,13.8,1,0,0,1,1,2,0,0.07,0.00,0.07,0.00,0.00,15,6,40.0,1.09,0.43,0.00,0.00,,89,92.1,89,13,0,,0,1.14,11,18,-7,-0.51,+2.04,0,11,23,0,1,29,17,,,0,Ligue-2,60,2021-2022
Sessi D'Almeida,bj BEN,MF,Valenciennes,25,1995,7,6,459,5.1,0,0,0,0,0,3,0,0.00,0.00,0.00,0.00,0.00,3,0,0.0,0.59,0.00,0.00,,,66,34.0,75,3,1,11,3,0.71,3,4,-1,-0.20,+0.71,0,15,6,0,2,10,4,,,0,Ligue-2,60,2021-2022
Ottman Dadoune,fr FRA,"FW,MF",Quevilly-Rouen,27,1994,6,3,287,3.2,0,0,0,0,0,0,0,0.00,0.00,0.00,0.00,0.00,2,1,50.0,0.63,0.31,0.00,0.00,,48,21.3,81,2,3,14,2,1.17,2,4,-2,-0.63,-0.29,0,3,2,2,1,1,0,,,0,Ligue-2,60,2021-2022
Bradley Danger,fr FRA,MF,Rodez Aveyron,23,1998,14,14,1226,13.6,1,0,1,0,0,1,0,0.07,0.00,0.07,0.07,0.07,9,4,44.4,0.66,0.29,0.11,0.25,,88,90.8,88,11,0,,0,1.36,15,12,+3,+0.22,+2.40,0,20,24,0,6,18,21,,,0,Ligue-2,60,2021-2022
Quentin Daubin,fr FRA,MF,Pau FC,26,1995,14,14,1192,13.2,0,0,0,0,0,4,0,0.00,0.00,0.00,0.00,0.00,8,4,50.0,0.60,0.30,0.00,0.00,,85,88.3,85,10,0,,0,1.43,13,14,-1,-0.08,-0.08,0,21,27,0,0,29,38,,,0,Ligue-2,60,2021-2022
Florian David,gp GLP,FW,Rodez Aveyron,28,1992,14,7,605,6.7,2,1,2,0,0,1,0,0.30,0.15,0.45,0.30,0.45,26,12,46.2,3.87,1.79,0.08,0.17,,43,44.8,67,0,7,19,1,1.14,8,7,+1,+0.15,+0.27,0,3,5,4,11,4,1,,,0,Ligue-2,60,2021-2022
Lucas Deaux,fr FRA,MF,Dijon,32,1988,7,5,502,5.6,0,1,0,0,0,2,0,0.00,0.18,0.18,0.00,0.18,5,2,40.0,0.90,0.36,0.00,0.00,,72,37.2,87,4,2,33,0,0.43,5,11,-6,-1.08,-0.97,0,18,8,0,12,5,8,,,1,Ligue-2,60,2021-2022
Mathieu Debuchy,fr FRA,"MF,DF",Valenciennes,36,1985,11,10,885,9.8,0,0,0,0,0,1,0,0.00,0.00,0.00,0.00,0.00,10,1,10.0,1.02,0.10,0.00,0.00,,80,65.6,86,9,1,30,0,1.00,8,14,-6,-0.61,+0.16,0,17,10,0,42,28,22,,,0,Ligue-2,60,2021-2022
Brecht Dejaegere,be BEL,MF,Toulouse,30,1991,14,14,1052,11.7,2,3,2,0,0,3,0,0.17,0.26,0.43,0.17,0.43,15,4,26.7,1.28,0.34,0.13,0.50,,75,77.9,75,4,0,,0,1.93,22,10,+12,+1.03,-1.09,0,29,24,2,18,14,9,,,0,Ligue-2,60,2021-2022
Nathan Dekoke,fr FRA,DF,Quevilly-Rouen,25,1996,10,10,860,9.6,0,0,0,0,0,1,0,0.00,0.00,0.00,0.00,0.00,1,0,0.0,0.10,0.00,0.00,,,86,63.7,86,7,0,,1,1.10,7,12,-5,-0.52,-0.34,0,13,6,0,7,14,15,,,0,Ligue-2,60,2021-2022
Shaquil Delos,fr FRA,"DF,MF",Nancy,22,1999,15,13,1213,13.5,0,1,0,0,0,1,0,0.00,0.07,0.07,0.00,0.07,5,3,60.0,0.37,0.22,0.00,0.00,,81,89.9,90,13,2,22,0,0.80,11,18,-7,-0.52,+2.77,0,14,15,1,35,31,21,,,0,Ligue-2,60,2021-2022
Léon Delpech,fr FRA,MF,Nîmes,19,2002,12,4,446,5.0,1,1,1,0,0,2,0,0.20,0.20,0.40,0.20,0.40,6,1,16.7,1.21,0.20,0.17,1.00,,37,33.0,89,3,8,11,2,1.17,8,7,+1,+0.20,+0.50,0,8,7,0,4,5,5,,,0,Ligue-2,60,2021-2022
Vincent Demarconnay,fr FRA,GK,Paris FC,38,1983,13,13,1170,13.0,0,0,0,0,0,0,0,0.00,0.00,0.00,0.00,0.00,0,0,,0.00,0.00,,,,90,86.7,90,13,0,,1,1.62,17,13,+4,+0.31,+0.81,0,0,8,0,0,0,0,,,0,Ligue-2,60,2021-2022
Mahamadou Dembélé,fr FRA,"DF,MF",Pau FC,22,1999,14,6,662,7.4,0,0,0,0,0,2,0,0.00,0.00,0.00,0.00,0.00,4,0,0.0,0.54,0.00,0.00,,,47,49.0,87,5,8,17,1,1.50,7,9,-2,-0.27,-0.40,0,9,3,0,7,20,9,,,0,Ligue-2,60,2021-2022
Malaly Dembélé,fr FRA,FW,Rodez Aveyron,24,1997,10,5,404,4.5,2,1,2,0,0,1,0,0.45,0.22,0.67,0.45,0.67,12,4,33.3,2.67,0.89,0.17,0.50,,40,29.9,68,0,5,13,1,1.20,5,3,+2,+0.45,+0.64,0,5,10,3,1,2,5,,,0,Ligue-2,60,2021-2022
Jessy Deminguet,fr FRA,MF,Caen,23,1998,12,11,992,11.0,1,3,1,0,0,3,0,0.09,0.27,0.36,0.09,0.36,14,8,57.1,1.27,0.73,0.07,0.13,,83,73.5,86,9,1,45,0,1.25,13,11,+2,+0.18,+0.68,0,25,35,0,31,13,15,,,0,Ligue-2,60,2021-2022
Yohan Demoncy,fr FRA,MF,Paris FC,25,1996,7,5,467,5.2,0,1,0,0,0,0,0,0.00,0.19,0.19,0.00,0.19,4,3,75.0,0.77,0.58,0.00,0.00,,67,34.6,77,3,2,41,4,0.57,4,7,-3,-0.58,-1.19,0,6,8,0,19,4,10,,,0,Ligue-2,60,2021-2022
Branco van den Boomen,nl NED,MF,Toulouse,26,1995,15,15,1293,14.4,4,8,1,3,3,3,0,0.28,0.56,0.84,0.07,0.63,19,10,52.6,1.32,0.70,0.05,0.10,,86,95.8,86,12,0,,0,2.00,31,12,+19,+1.32,+1.32,0,19,10,0,126,11,22,,,0,Ligue-2,60,2021-2022
Clément Depres,fr FRA,FW,Rodez Aveyron,26,1994,11,10,806,9.0,3,0,3,0,0,3,0,0.33,0.00,0.33,0.33,0.33,18,12,66.7,2.01,1.34,0.17,0.25,,73,59.7,78,4,1,27,0,1.18,11,12,-1,-0.11,-0.28,0,16,11,3,1,1,1,,,0,Ligue-2,60,2021-2022
Mikkel Desler,dk DEN,"DF,MF",Toulouse,26,1995,15,15,1325,14.7,1,2,1,0,0,3,0,0.07,0.14,0.20,0.07,0.20,9,2,22.2,0.61,0.14,0.11,0.50,,88,98.1,88,14,0,,0,2.00,30,13,+17,+1.15,-6.05,0,30,24,1,34,22,18,,,0,Ligue-2,60,2021-2022
Sieben Dewaele,be BEL,MF,Nancy,22,1999,8,7,583,6.5,0,1,0,0,0,2,0,0.00,0.15,0.15,0.00,0.15,0,0,,0.00,0.00,,,,73,43.2,82,1,1,7,0,1.25,6,8,-2,-0.31,+0.86,0,9,6,0,26,4,6,,,0,Ligue-2,60,2021-2022
Alassane Diaby,ml MLI,MF,Quevilly-Rouen,26,1995,9,9,757,8.4,1,0,1,0,0,3,1,0.12,0.00,0.12,0.12,0.12,3,1,33.3,0.36,0.12,0.33,1.00,,84,56.1,84,7,0,,2,1.44,8,9,-1,-0.12,+0.64,0,23,29,0,0,5,7,,,0,Ligue-2,60,2021-2022
Sidy Diagne,fr FRA,DF,Sochaux,19,2002,1,0,13,0.1,0,0,0,0,0,0,0,0.00,0.00,0.00,0.00,0.00,0,0,,0.00,0.00,,,,13,1.0,,0,1,13,5,3.00,1,0,+1,+6.92,+6.59,0,0,0,0,0,1,0,,,0,Ligue-2,60,2021-2022
Adama Diakhaby,fr FRA,"FW,MF",Amiens,25,1996,11,4,457,5.1,0,0,0,0,0,1,0,0.00,0.00,0.00,0.00,0.00,5,1,20.0,0.98,0.20,0.00,0.00,,42,33.9,74,1,7,23,0,0.55,3,7,-4,-0.79,-0.99,0,15,7,1,9,2,2,,,0,Ligue-2,60,2021-2022
Bafodé Diakité,fr FRA,DF,Toulouse,20,2001,6,6,540,6.0,1,0,1,0,0,1,0,0.17,0.00,0.17,0.17,0.17,3,1,33.3,0.50,0.17,0.33,1.00,,90,40.0,90,6,0,,2,1.17,12,7,+5,+0.83,-0.72,0,10,3,0,0,5,5,,,1,Ligue-2,60,2021-2022
Oumar Diakité,fr FRA,MF,Paris FC,18,2002,14,8,665,7.4,0,2,0,0,0,2,0,0.00,0.27,0.27,0.00,0.27,13,3,23.1,1.76,0.41,0.00,0.00,,48,49.3,68,1,6,21,1,1.64,8,11,-3,-0.41,-1.19,0,14,16,3,21,5,10,,,0,Ligue-2,60,2021-2022
Ismael Diallo,ci CIV,DF,Ajaccio,24,1997,11,10,927,10.3,0,0,0,0,0,3,0,0.00,0.00,0.00,0.00,0.00,1,0,0.0,0.10,0.00,0.00,,,84,68.7,85,6,1,74,0,1.82,8,5,+3,+0.29,-0.99,0,11,10,0,24,13,16,,,0,Ligue-2,60,2021-2022
Mamadou Diallo,sn SEN,"FW,MF",Grenoble,27,1994,10,7,697,7.7,2,1,2,0,0,1,0,0.26,0.13,0.39,0.26,0.39,13,6,46.2,1.68,0.77,0.15,0.33,,70,51.6,86,4,3,31,0,1.90,11,6,+5,+0.65,+1.75,0,8,27,5,12,3,4,,,0,Ligue-2,60,2021-2022
Djibril Dianessy,fr FRA,MF,Pau FC,25,1996,8,2,256,2.8,1,0,1,0,0,0,0,0.35,0.00,0.35,0.35,0.35,8,5,62.5,2.81,1.76,0.13,0.20,,32,19.0,66,0,6,21,5,1.00,3,5,-2,-0.70,-0.79,0,4,2,3,12,3,3,,,0,Ligue-2,60,2021-2022
Moussa Diarra,fr FRA,DF,Toulouse,20,2000,9,6,573,6.4,0,0,0,0,0,0,0,0.00,0.00,0.00,0.00,0.00,3,0,0.0,0.47,0.00,0.00,,,64,42.4,88,5,3,15,6,2.33,14,6,+8,+1.26,-0.02,0,9,7,0,10,8,7,,,0,Ligue-2,60,2021-2022
Souleymane Diarra,ml MLI,MF,Guingamp,26,1995,13,12,956,10.6,0,1,0,0,0,4,0,0.00,0.09,0.09,0.00,0.09,9,0,0.0,0.85,0.00,0.00,,,74,70.8,78,5,1,17,1,1.31,13,15,-2,-0.19,-0.19,0,14,18,0,4,20,11,,,0,Ligue-2,60,2021-2022
Lucas Dias,fr FRA,GK,Nîmes,22,1999,4,3,315,3.5,0,0,0,0,0,0,0,0.00,0.00,0.00,0.00,0.00,0,0,,0.00,0.00,,,,79,23.3,90,3,1,45,11,0.25,4,8,-4,-1.14,-1.32,0,0,0,0,0,0,0,,,0,Ligue-2,60,2021-2022
Christophe Diedhiou,sn SEN,DF,Sochaux,33,1988,7,2,189,2.1,0,0,0,0,0,0,0,0.00,0.00,0.00,0.00,0.00,2,0,0.0,0.95,0.00,0.00,,,27,14.0,90,2,5,2,4,2.00,2,2,0,0.00,-0.47,0,0,2,0,0,3,2,,,0,Ligue-2,60,2021-2022
Noah Diliberto,fr FRA,MF,Valenciennes,20,2001,2,0,25,0.3,0,0,0,0,0,0,0,0.00,0.00,0.00,0.00,0.00,0,0,,0.00,0.00,,,,13,1.9,,0,2,13,0,0.50,0,0,0,0.00,+0.68,0,0,0,0,0,1,1,,,0,Ligue-2,60,2021-2022
Maguette Diongue,fr FRA,MF,Bastia,29,1992,6,5,418,4.6,2,1,2,0,0,1,0,0.43,0.22,0.65,0.43,0.65,9,4,44.4,1.94,0.86,0.22,0.50,,70,31.0,77,1,1,35,0,1.00,4,4,0,0.00,+0.39,0,7,4,0,2,3,6,,,0,Ligue-2,60,2021-2022
Souleymane Djimou Cissé,sn SEN,DF,Quevilly-Rouen,22,1999,1,0,64,0.7,0,0,0,0,0,0,0,0.00,0.00,0.00,0.00,0.00,0,0,,0.00,0.00,,,,64,4.7,,0,1,64,2,0.00,0,1,-1,-1.41,-1.06,0,0,1,0,0,1,2,,,0,Ligue-2,60,2021-2022
Maxime Do Couto Teixeira,fr FRA,MF,Sochaux,24,1996,15,13,965,10.7,1,1,1,0,0,2,0,0.09,0.09,0.19,0.09,0.19,25,4,16.0,2.33,0.37,0.04,0.25,,64,71.5,70,0,2,28,0,1.87,8,3,+5,+0.47,+0.23,0,22,18,3,12,8,18,,,0,Ligue-2,60,2021-2022
Mihai Dobre,ro ROU,"FW,MF",Dijon,23,1998,9,6,532,5.9,2,2,2,0,0,1,0,0.34,0.34,0.68,0.34,0.68,19,8,42.1,3.21,1.35,0.11,0.25,,59,39.4,82,3,3,13,1,1.11,4,5,-1,-0.17,+0.49,0,6,6,0,7,2,1,,,0,Ligue-2,60,2021-2022
Laurent Dos Santos,fr FRA,"DF,MF",Valenciennes,28,1993,10,5,477,5.3,0,0,0,0,0,0,1,0.00,0.00,0.00,0.00,0.00,3,0,0.0,0.57,0.00,0.00,,,48,35.3,76,3,5,20,1,1.20,4,6,-2,-0.38,+0.45,0,9,7,0,17,4,10,,,0,Ligue-2,60,2021-2022
Mathieu Dossevi,tg TOG,MF,Amiens,33,1988,1,1,35,0.4,0,0,0,0,0,0,0,0.00,0.00,0.00,0.00,0.00,0,0,,0.00,0.00,,,,35,2.6,35,0,0,,0,0.00,0,1,-1,-2.57,-2.50,0,0,1,0,1,0,0,,,0,Ligue-2,60,2021-2022
Mahamadou Doucouré,ml MLI,FW,Nîmes,21,2000,9,4,401,4.5,0,0,0,0,0,0,0,0.00,0.00,0.00,0.00,0.00,5,3,60.0,1.12,0.67,0.00,0.00,,45,29.7,72,0,5,23,1,1.44,7,4,+3,+0.67,+1.15,0,7,4,5,0,1,0,,,0,Ligue-2,60,2021-2022
Brahima Doukansy,fr FRA,MF,Niort,22,1999,10,8,560,6.2,0,0,0,0,0,0,0,0.00,0.00,0.00,0.00,0.00,1,0,0.0,0.16,0.00,0.00,,,56,41.5,68,1,2,9,5,1.80,9,5,+4,+0.64,+1.10,0,9,8,0,0,5,8,,,0,Ligue-2,60,2021-2022
Ismaël Doukouré,fr FRA,DF,Valenciennes,18,2003,5,3,255,2.8,0,0,0,0,0,1,0,0.00,0.00,0.00,0.00,0.00,1,0,0.0,0.35,0.00,0.00,,,51,18.9,78,2,2,11,4,1.40,2,6,-4,-1.41,-0.92,0,3,4,0,0,5,3,,,0,Ligue-2,60,2021-2022
Tom Ducrocq,fr FRA,MF,Bastia,22,1999,14,12,1123,12.5,0,0,0,0,0,3,0,0.00,0.00,0.00,0.00,0.00,5,1,20.0,0.40,0.08,0.00,0.00,,80,83.2,88,11,2,34,0,1.00,10,11,-1,-0.08,+1.11,0,21,10,0,7,23,23,,,0,Ligue-2,60,2021-2022
Émeric Dudouit,fr FRA,MF,Dunkerque,30,1991,11,8,788,8.8,0,1,0,0,0,4,0,0.00,0.11,0.11,0.00,0.11,3,1,33.3,0.34,0.11,0.00,0.00,,72,58.4,87,5,3,30,1,0.73,7,14,-7,-0.80,-1.28,0,14,17,0,46,6,6,,,0,Ligue-2,60,2021-2022
Rémy Dugimont,fr FRA,"MF,FW",Auxerre,35,1986,6,2,165,1.8,0,0,0,0,0,0,1,0.00,0.00,0.00,0.00,0.00,2,1,50.0,1.09,0.55,0.00,0.00,,28,12.2,69,1,4,7,1,1.83,2,6,-4,-2.18,-3.25,0,2,8,1,5,0,0,,,0,Ligue-2,60,2021-2022
Maxime Dupé,fr FRA,GK,Toulouse,28,1993,15,15,1350,15.0,0,0,0,0,0,0,0,0.00,0.00,0.00,0.00,0.00,0,0,,0.00,0.00,,,,90,100.0,90,15,0,,0,2.00,32,13,+19,+1.27,,0,0,0,0,0,0,0,,,0,Ligue-2,60,2021-2022
Bruno Ecuele Manga,ga GAB,DF,Dijon,33,1988,5,5,450,5.0,0,0,0,0,0,1,0,0.00,0.00,0.00,0.00,0.00,0,0,,0.00,0.00,,,,90,33.3,90,5,0,,3,1.80,6,6,0,0.00,+0.70,0,3,6,1,0,3,6,,,0,Ligue-2,60,2021-2022
Niclas Eliasson,se SWE,MF,Nîmes,25,1995,14,12,1050,11.7,3,1,3,0,0,0,0,0.26,0.09,0.34,0.26,0.34,12,4,33.3,1.03,0.34,0.25,0.75,,75,77.8,84,7,2,24,0,1.00,14,15,-1,-0.09,+0.21,0,12,25,5,43,3,7,,,0,Ligue-2,60,2021-2022
Théo Emmanuelli,fr FRA,FW,Ajaccio,21,2000,1,0,5,0.1,0,0,0,0,0,0,0,0.00,0.00,0.00,0.00,0.00,0,0,,0.00,0.00,,,,5,0.4,,0,1,5,1,1.00,0,0,0,0.00,-0.60,0,1,0,0,0,0,0,,,0,Ligue-2,60,2021-2022
Samuel Essende,fr FRA,FW,Pau FC,23,1998,12,4,401,4.5,2,0,2,0,0,1,0,0.45,0.00,0.45,0.45,0.45,14,8,57.1,3.14,1.80,0.14,0.25,,33,29.7,59,0,8,21,3,1.25,4,4,0,0.00,+0.09,0,17,3,3,1,0,2,,,0,Ligue-2,60,2021-2022
Hatim Far,fr FRA,MF,Rodez Aveyron,19,2002,1,0,10,0.1,0,0,0,0,0,0,0,0.00,0.00,0.00,0.00,0.00,0,0,,0.00,0.00,,,,10,0.7,,0,1,10,1,3.00,0,0,0,0.00,0.00,0,0,0,0,0,0,0,,,0,Ligue-2,60,2021-2022
Samy Faraj,fr FRA,MF,Sochaux,20,2001,2,0,33,0.4,0,0,0,0,0,0,0,0.00,0.00,0.00,0.00,0.00,2,1,50.0,5.45,2.73,0.00,0.00,,17,2.4,,0,2,17,1,3.00,1,0,+1,+2.73,+2.39,0,1,2,1,0,1,0,,,0,Ligue-2,60,2021-2022
Zinedine Ferhat,dz ALG,"FW,MF",Nîmes,28,1993,7,4,391,4.3,0,0,0,0,0,1,0,0.00,0.00,0.00,0.00,0.00,5,0,0.0,1.15,0.00,0.00,,,56,29.0,86,3,3,16,0,0.57,1,12,-11,-2.53,-3.38,0,2,8,1,19,4,0,,,0,Ligue-2,60,2021-2022
Enzo Fernández,es ESP,MF,Rodez Aveyron,26,1995,10,2,224,2.5,0,0,0,0,0,0,0,0.00,0.00,0.00,0.00,0.00,3,0,0.0,1.21,0.00,0.00,,,22,16.6,64,0,8,12,2,1.00,2,3,-1,-0.40,-0.48,0,8,1,0,15,4,2,,,0,Ligue-2,60,2021-2022
Ivan Filipović,hr CRO,GK,Paris FC,26,1994,2,2,180,2.0,0,0,0,0,0,0,0,0.00,0.00,0.00,0.00,0.00,0,0,,0.00,0.00,,,,90,13.3,90,2,0,,9,1.50,1,2,-1,-0.50,-0.81,0,0,0,0,0,0,0,,,0,Ligue-2,60,2021-2022
Adama Fofana,ci CIV,"DF,MF",Dijon,22,1999,9,9,762,8.5,0,0,0,0,0,0,0,0.00,0.00,0.00,0.00,0.00,3,0,0.0,0.35,0.00,0.00,,,85,56.4,85,7,0,,0,1.67,7,7,0,0.00,+1.07,0,14,16,1,26,8,19,,,0,Ligue-2,60,2021-2022
Mamadou Fofana,ml MLI,DF,Amiens,23,1998,12,10,898,10.0,0,0,0,0,0,0,0,0.00,0.00,0.00,0.00,0.00,2,0,0.0,0.20,0.00,0.00,,,75,66.5,88,9,2,8,0,1.17,11,7,+4,+0.40,+1.60,0,3,7,0,3,16,17,,,0,Ligue-2,60,2021-2022
Mamadou Fofana,fr FRA,MF,Amiens,21,2000,7,2,253,2.8,0,0,0,0,0,0,0,0.00,0.00,0.00,0.00,0.00,5,0,0.0,1.78,0.00,0.00,,,36,18.7,81,1,5,18,1,0.71,1,4,-3,-1.07,-1.15,0,8,5,0,1,1,3,,,0,Ligue-2,60,2021-2022
Yahia Fofana,fr FRA,GK,Le Havre,21,2000,15,15,1350,15.0,0,1,0,0,0,1,0,0.00,0.07,0.07,0.00,0.07,0,0,,0.00,0.00,,,,90,100.0,90,15,0,,0,1.67,14,8,+6,+0.40,,0,1,9,0,0,1,0,,,0,Ligue-2,60,2021-2022
Lamine Fomba,fr FRA,MF,Nîmes,23,1998,13,13,1093,12.1,2,0,2,0,0,2,0,0.16,0.00,0.16,0.16,0.16,13,5,38.5,1.07,0.41,0.15,0.40,,84,81.0,84,7,0,,0,1.31,14,14,0,0.00,+0.70,0,21,6,0,3,19,19,,,0,Ligue-2,60,2021-2022
Jean-Pascal Fontaine,fr FRA,MF,Le Havre,32,1989,7,7,584,6.5,0,0,0,0,0,0,0,0.00,0.00,0.00,0.00,0.00,7,2,28.6,1.08,0.31,0.00,0.00,,83,43.3,83,2,0,,0,2.14,9,4,+5,+0.77,+0.65,0,5,9,0,8,5,5,,,0,Ligue-2,60,2021-2022
Aloys Fouda,cm CMR,"DF,MF",Caen,21,2000,9,7,623,6.9,0,0,0,0,0,1,0,0.00,0.00,0.00,0.00,0.00,2,0,0.0,0.29,0.00,0.00,,,69,46.1,84,6,2,19,3,1.33,10,6,+4,+0.58,+1.07,0,7,10,0,16,7,6,,,0,Ligue-2,60,2021-2022
Dylan G'Beuly,fr FRA,FW,Quevilly-Rouen,20,2000,1,0,4,0.0,0,0,0,0,0,0,0,0.00,0.00,0.00,0.00,0.00,0,0,,0.00,0.00,,,,4,0.3,,0,1,4,1,0.00,0,0,0,0.00,+0.40,0,0,0,0,0,0,0,,,0,Ligue-2,60,2021-2022
Ruben Gabrielsen,no NOR,DF,Toulouse,29,1992,6,6,540,6.0,1,0,1,0,0,1,0,0.17,0.00,0.17,0.17,0.17,2,1,50.0,0.33,0.17,0.50,1.00,,90,40.0,90,6,0,,0,2.67,13,4,+9,+1.50,+0.39,0,5,5,0,0,10,2,,,0,Ligue-2,60,2021-2022
Marvin Gakpa,fr FRA,"MF,FW",Paris FC,28,1993,4,4,317,3.5,2,1,2,0,0,0,0,0.57,0.28,0.85,0.57,0.85,11,6,54.5,3.12,1.70,0.18,0.33,,79,23.5,79,1,0,,0,2.50,9,2,+7,+1.99,+2.34,0,3,3,0,13,4,1,,,0,Ligue-2,60,2021-2022
Jordy Gaspar,fr FRA,"MF,DF",Grenoble,24,1997,12,7,676,7.5,0,0,0,0,0,1,0,0.00,0.00,0.00,0.00,0.00,3,1,33.3,0.40,0.13,0.00,0.00,,56,50.1,80,4,5,23,0,1.58,9,7,+2,+0.27,+0.93,0,6,10,0,9,6,8,,,0,Ligue-2,60,2021-2022
Garland Gbelle,fr FRA,MF,Quevilly-Rouen,28,1992,14,13,1113,12.4,4,1,3,1,1,1,0,0.32,0.08,0.40,0.24,0.32,19,7,36.8,1.54,0.57,0.16,0.43,,80,82.4,85,9,1,13,0,1.21,12,15,-3,-0.24,+0.90,0,27,13,2,10,13,9,,,0,Ligue-2,60,2021-2022
Valentin Gendrey,fr FRA,DF,Amiens,21,2000,1,1,90,1.0,0,0,0,0,0,0,0,0.00,0.00,0.00,0.00,0.00,1,0,0.0,1.00,0.00,0.00,,,90,6.7,90,1,0,,0,0.00,1,2,-1,-1.00,-0.93,0,0,1,0,0,0,0,,,0,Ligue-2,60,2021-2022
Denis Genreau,au AUS,MF,Toulouse,22,1999,12,6,553,6.1,0,3,0,0,0,1,0,0.00,0.49,0.49,0.00,0.49,8,1,12.5,1.30,0.16,0.00,0.00,,46,41.0,72,2,6,21,0,1.92,15,8,+7,+1.14,-0.22,0,18,5,1,19,6,11,,,0,Ligue-2,60,2021-2022
Alec Georgen,fr FRA,DF,Auxerre,23,1998,6,5,421,4.7,0,0,0,0,0,1,0,0.00,0.00,0.00,0.00,0.00,2,0,0.0,0.43,0.00,0.00,,,70,31.2,83,4,1,7,9,1.83,3,9,-6,-1.28,-2.83,0,6,5,1,10,15,14,,,0,Ligue-2,60,2021-2022
Alex Gersbach,au AUS,"MF,DF",Grenoble,24,1997,8,8,716,8.0,0,1,0,0,0,1,0,0.00,0.13,0.13,0.00,0.13,1,1,100.0,0.13,0.13,0.00,0.00,,90,53.0,90,7,0,,1,2.13,11,5,+6,+0.75,+2.03,0,9,3,0,35,13,10,,,0,Ligue-2,60,2021-2022
Pierre Gibaud,fr FRA,DF,Le Havre,33,1988,12,12,1080,12.0,0,0,0,0,0,2,0,0.00,0.00,0.00,0.00,0.00,8,2,25.0,0.67,0.17,0.00,0.00,,90,80.0,90,12,0,,0,1.75,11,5,+6,+0.50,+0.50,0,5,6,1,1,14,8,,,0,Ligue-2,60,2021-2022
Nicholas Gioacchini,us USA,FW,Caen,21,2000,3,1,116,1.3,0,0,0,0,0,0,0,0.00,0.00,0.00,0.00,0.00,1,0,0.0,0.78,0.00,0.00,,,39,8.6,75,0,2,21,0,1.33,0,1,-1,-0.78,-0.85,0,4,3,0,0,2,3,,,0,Ligue-2,60,2021-2022
Eddy Gnahoré,fr FRA,MF,Amiens,27,1993,3,0,39,0.4,0,0,0,0,0,0,0,0.00,0.00,0.00,0.00,0.00,1,0,0.0,2.31,0.00,0.00,,,13,2.9,,0,3,13,0,1.67,0,0,0,0.00,+0.14,0,2,0,0,0,1,2,,,0,Ligue-2,60,2021-2022
Ylan Gomes,fr FRA,FW,Le Havre,19,2002,4,0,47,0.5,0,0,0,0,0,0,0,0.00,0.00,0.00,0.00,0.00,0,0,,0.00,0.00,,,,12,3.5,,0,4,12,3,1.25,0,0,0,0.00,-0.41,0,1,0,1,0,1,2,,,0,Ligue-2,60,2021-2022
Charbel Gomez,bj BEN,FW,Amiens,20,2001,5,0,112,1.2,0,0,0,0,0,0,0,0.00,0.00,0.00,0.00,0.00,5,0,0.0,4.02,0.00,0.00,,,22,8.3,,0,5,22,2,0.80,0,1,-1,-0.80,-0.73,0,1,0,0,7,1,3,,,0,Ligue-2,60,2021-2022
Adon Gomis,fr FRA,DF,Dunkerque,29,1992,15,14,1246,13.8,1,1,1,0,0,1,0,0.07,0.07,0.14,0.07,0.14,5,2,40.0,0.36,0.14,0.20,0.50,,83,92.3,88,13,1,12,0,1.07,14,17,-3,-0.22,+0.65,0,17,12,1,1,13,19,,,0,Ligue-2,60,2021-2022
David Gomis,gw GNB,MF,Pau FC,28,1992,14,7,655,7.3,1,0,1,0,0,1,0,0.14,0.00,0.14,0.14,0.14,11,2,18.2,1.51,0.27,0.09,0.50,,47,48.5,68,0,7,26,0,1.50,8,6,+2,+0.27,+0.66,0,5,9,3,4,5,5,,,0,Ligue-2,60,2021-2022
Iron Gomis,fr FRA,MF,Amiens,21,1999,12,5,459,5.1,0,0,0,0,0,1,0,0.00,0.00,0.00,0.00,0.00,2,0,0.0,0.39,0.00,0.00,,,38,34.0,67,0,7,17,0,0.75,3,9,-6,-1.18,-1.58,0,10,17,0,7,3,4,,,0,Ligue-2,60,2021-2022
Yannick Gomis,sn SEN,"MF,FW",Guingamp,29,1992,15,10,916,10.2,0,1,0,0,0,1,0,0.00,0.10,0.10,0.00,0.10,14,3,21.4,1.38,0.29,0.00,0.00,,61,67.9,83,5,5,18,0,1.20,10,13,-3,-0.29,-0.50,0,7,13,8,21,6,6,,,0,Ligue-2,60,2021-2022
Anthony Gonçalves,fr FRA,MF,Caen,35,1986,7,2,215,2.4,0,1,0,0,0,1,0,0.00,0.42,0.42,0.00,0.42,2,1,50.0,0.84,0.42,0.00,0.00,,31,15.9,62,0,5,18,8,1.29,3,1,+2,+0.84,+1.00,0,10,1,0,21,4,5,,,0,Ligue-2,60,2021-2022
Oumar Gonzalez,cm CMR,DF,Ajaccio,23,1998,13,13,1110,12.3,3,0,3,0,0,6,0,0.24,0.00,0.24,0.24,0.24,7,3,42.9,0.57,0.24,0.43,1.00,,85,82.2,85,10,0,,0,2.00,14,6,+8,+0.65,+0.27,0,16,33,0,0,28,10,,,0,Ligue-2,60,2021-2022
Alimani Gory,ml MLI,"FW,MF",Paris FC,25,1996,1,0,13,0.1,0,0,0,0,0,1,0,0.00,0.00,0.00,0.00,0.00,0,0,,0.00,0.00,,,,13,1.0,,0,1,13,0,0.00,0,1,-1,-6.92,-7.19,0,1,2,0,0,0,0,,,0,Ligue-2,60,2021-2022
Axel Guessand,fr FRA,DF,Nancy,17,2004,2,2,145,1.6,0,0,0,0,0,0,0,0.00,0.00,0.00,0.00,0.00,0,0,,0.00,0.00,,,,73,10.7,73,1,0,,2,0.50,0,2,-2,-1.24,-0.49,0,0,1,0,0,1,1,,,0,Ligue-2,60,2021-2022
Kelyan Guessoum,fr FRA,DF,Nîmes,22,1999,11,6,586,6.5,0,0,0,0,0,3,0,0.00,0.00,0.00,0.00,0.00,2,1,50.0,0.31,0.15,0.00,0.00,,53,43.4,90,6,5,9,4,1.00,4,12,-8,-1.23,-1.94,0,11,6,0,0,15,6,,,0,Ligue-2,60,2021-2022
Doumé Guidi,fr FRA,DF,Bastia,25,1996,6,5,481,5.3,0,0,0,0,0,0,1,0.00,0.00,0.00,0.00,0.00,5,0,0.0,0.94,0.00,0.00,,,80,35.6,90,5,1,31,6,0.83,4,5,-1,-0.19,+0.12,0,3,7,0,0,4,5,,,1,Ligue-2,60,2021-2022
Morgan Guilavogui,fr FRA,"MF,FW",Paris FC,23,1998,13,10,751,8.3,4,1,4,0,0,1,0,0.48,0.12,0.60,0.48,0.60,21,8,38.1,2.52,0.96,0.19,0.50,,58,55.6,69,2,3,21,0,1.62,13,7,+6,+0.72,+1.17,0,26,8,2,15,6,9,,,0,Ligue-2,60,2021-2022
Baptiste Guillaume,be BEL,FW,Valenciennes,26,1995,11,11,817,9.1,2,1,2,0,0,1,0,0.22,0.11,0.33,0.22,0.33,15,4,26.7,1.65,0.44,0.13,0.50,,74,60.5,74,7,0,,0,1.18,7,12,-5,-0.55,+0.29,0,16,18,7,2,2,3,,,0,Ligue-2,60,2021-2022
Régis Gurtner,fr FRA,GK,Amiens,34,1986,15,15,1350,15.0,0,0,0,0,0,0,0,0.00,0.00,0.00,0.00,0.00,0,0,,0.00,0.00,,,,90,100.0,90,15,0,,0,0.93,14,16,-2,-0.13,,0,0,5,0,0,0,0,,,0,Ligue-2,60,2021-2022
Giovanni Haag,fr FRA,"MF,DF",Nancy,21,2000,7,7,482,5.4,1,0,1,0,0,4,4,0.19,0.00,0.19,0.19,0.19,14,3,21.4,2.61,0.56,0.07,0.33,,69,35.7,69,2,0,,0,0.86,4,9,-5,-0.93,-0.21,2,13,18,0,6,8,12,,,0,Ligue-2,60,2021-2022
Manoubi Haddad,tn TUN,"MF,FW",Quevilly-Rouen,25,1996,15,11,980,10.9,2,1,1,1,2,0,0,0.18,0.09,0.28,0.09,0.18,15,7,46.7,1.38,0.64,0.07,0.14,,65,72.6,80,5,4,26,0,1.13,12,12,0,0.00,+1.46,0,12,17,1,54,7,19,,,0,Ligue-2,60,2021-2022
Jaouen Hadjam,fr FRA,DF,Paris FC,18,2003,8,5,488,5.4,0,0,0,0,0,0,0,0.00,0.00,0.00,0.00,0.00,3,0,0.0,0.55,0.00,0.00,,,61,36.1,88,3,3,17,1,2.38,8,4,+4,+0.74,+0.84,0,7,10,0,6,7,6,,,0,Ligue-2,60,2021-2022
Ilyes Hamache,fr FRA,"MF,FW",Valenciennes,18,2003,6,3,290,3.2,1,0,1,0,0,1,0,0.31,0.00,0.31,0.31,0.31,6,4,66.7,1.86,1.24,0.17,0.25,,48,21.5,77,1,3,20,5,1.67,2,5,-3,-0.93,-0.34,0,5,1,2,6,6,7,,,0,Ligue-2,60,2021-2022
Florent Hanin,dz ALG,"DF,MF",Paris FC,31,1990,15,14,1232,13.7,0,1,0,0,0,0,0,0.00,0.07,0.07,0.00,0.07,6,1,16.7,0.44,0.07,0.00,0.00,,82,91.3,87,11,1,10,0,1.60,16,13,+3,+0.22,+0.22,0,8,17,1,42,18,14,,,0,Ligue-2,60,2021-2022
Yassine Haouari,fr FRA,FW,Valenciennes,18,2003,4,0,59,0.7,1,0,1,0,0,1,0,1.53,0.00,1.53,1.53,1.53,1,1,100.0,1.53,1.53,1.00,1.00,,15,4.4,,0,4,15,3,1.00,1,2,-1,-1.53,-0.90,0,2,0,0,3,0,0,,,0,Ligue-2,60,2021-2022
Rhys Healey,wls WAL,FW,Toulouse,26,1994,14,14,1151,12.8,7,3,7,0,0,4,0,0.55,0.23,0.78,0.55,0.78,46,19,41.3,3.60,1.49,0.15,0.37,,82,85.3,82,7,0,,0,2.07,30,11,+19,+1.49,+1.49,0,29,16,21,5,3,5,,,0,Ligue-2,60,2021-2022
Gauthier Hein,fr FRA,"MF,FW",Auxerre,25,1996,15,15,1261,14.0,2,5,2,0,0,3,0,0.14,0.36,0.50,0.14,0.50,19,8,42.1,1.36,0.57,0.11,0.25,,84,93.4,84,5,0,,0,1.93,22,12,+10,+0.71,+0.71,0,16,10,2,43,5,8,,,0,Ligue-2,60,2021-2022
David Henen,tg TOG,"MF,FW",Grenoble,25,1996,11,5,478,5.3,1,1,1,0,0,1,0,0.19,0.19,0.38,0.19,0.38,11,3,27.3,2.07,0.56,0.09,0.33,,43,35.4,76,1,6,17,2,1.73,6,7,-1,-0.19,+0.02,0,4,6,1,7,1,0,,,0,Ligue-2,60,2021-2022
Valentin Henry,fr FRA,DF,Sochaux,28,1993,12,12,1026,11.4,0,2,0,0,0,3,0,0.00,0.18,0.18,0.00,0.18,2,0,0.0,0.18,0.00,0.00,,,86,76.0,86,8,0,,1,1.58,9,7,+2,+0.18,-0.94,0,12,9,0,41,8,16,,,0,Ligue-2,60,2021-2022
Loup Hervieu,fr FRA,MF,Caen,21,2000,1,0,21,0.2,0,0,0,0,0,0,0,0.00,0.00,0.00,0.00,0.00,1,0,0.0,4.29,0.00,0.00,,,21,1.6,,0,1,21,3,1.00,0,1,-1,-4.29,-4.35,0,0,0,0,1,2,0,,,0,Ligue-2,60,2021-2022
Andreas Hountondji,bj BEN,"MF,FW",Caen,19,2002,10,2,320,3.6,1,0,1,0,0,0,0,0.28,0.00,0.28,0.28,0.28,13,4,30.8,3.66,1.13,0.08,0.25,,32,23.7,59,0,8,25,2,0.90,6,5,+1,+0.28,+0.37,0,3,4,1,11,3,1,,,0,Ligue-2,60,2021-2022
Matthieu Huard,fr FRA,DF,Ajaccio,23,1998,4,3,288,3.2,0,1,0,0,0,1,0,0.00,0.31,0.31,0.00,0.31,0,0,,0.00,0.00,,,,72,21.3,90,3,1,18,1,2.00,6,3,+3,+0.94,+0.43,0,6,3,0,6,5,2,,,0,Ligue-2,60,2021-2022
Jérémy Huysman,fr FRA,DF,Dunkerque,32,1988,5,0,113,1.3,0,0,0,0,0,1,0,0.00,0.00,0.00,0.00,0.00,1,0,0.0,0.80,0.00,0.00,,,23,8.4,,0,5,23,1,0.40,0,2,-2,-1.59,-1.45,0,5,6,0,2,1,3,,,0,Ligue-2,60,2021-2022
Pape Ibnou Bâ,sn SEN,"FW,MF",Niort,28,1993,5,5,403,4.5,0,0,0,0,0,1,0,0.00,0.00,0.00,0.00,0.00,4,0,0.0,0.89,0.00,0.00,,,81,29.9,81,1,0,,0,1.40,3,4,-1,-0.22,-0.32,0,6,2,6,0,0,0,,,0,Ligue-2,60,2021-2022
Pape Ibnou Bâ,sn SEN,FW,Le Havre,28,1993,9,4,394,4.4,2,0,2,0,0,1,0,0.46,0.00,0.46,0.46,0.46,9,3,33.3,2.06,0.69,0.22,0.67,,44,29.2,67,0,5,25,0,1.78,5,4,+1,+0.23,-0.24,0,7,8,1,3,2,3,,,0,Ligue-2,60,2021-2022
Mounaim El Idrissy,fr FRA,FW,Ajaccio,22,1999,7,4,322,3.6,1,2,1,0,0,2,0,0.28,0.56,0.84,0.28,0.84,8,2,25.0,2.24,0.56,0.13,0.50,,46,23.9,77,1,3,5,1,1.86,5,1,+4,+1.12,+0.68,0,11,10,1,6,1,2,,,0,Ligue-2,60,2021-2022
Zeidane Inoussa,bj BEN,MF,Caen,19,2002,4,1,102,1.1,0,0,0,0,0,0,1,0.00,0.00,0.00,0.00,0.00,0,0,,0.00,0.00,,,,26,7.6,69,0,3,11,5,0.25,4,2,+2,+1.76,+1.91,0,4,0,0,2,1,0,,,0,Ligue-2,60,2021-2022
Manuel de Iriondo,ar ARG,MF,Grenoble,28,1993,9,4,289,3.2,0,0,0,0,0,1,1,0.00,0.00,0.00,0.00,0.00,1,1,100.0,0.31,0.31,0.00,0.00,,32,21.4,54,0,5,14,2,1.56,2,6,-4,-1.25,-1.33,0,8,6,0,0,7,6,,,0,Ligue-2,60,2021-2022
Valentin Jacob,fr FRA,MF,Dijon,27,1994,13,6,535,5.9,0,0,0,0,0,1,0,0.00,0.00,0.00,0.00,0.00,13,3,23.1,2.19,0.50,0.00,0.00,,41,39.6,62,0,7,24,1,0.77,5,9,-4,-0.67,-0.34,0,10,12,2,14,7,7,,,0,Ligue-2,60,2021-2022
Mario Jason Kikonda,fr FRA,MF,Paris FC,25,1996,2,0,23,0.3,0,0,0,0,0,0,0,0.00,0.00,0.00,0.00,0.00,0,0,,0.00,0.00,,,,12,1.7,,0,2,12,2,3.00,1,0,+1,+3.91,+3.78,0,0,1,1,0,0,0,,,0,Ligue-2,60,2021-2022
Mario Jason Kikonda,fr FRA,MF,Dunkerque,25,1996,9,6,444,4.9,0,0,0,0,0,3,1,0.00,0.00,0.00,0.00,0.00,0,0,,0.00,0.00,,,,49,32.9,64,1,3,21,0,1.56,6,3,+3,+0.61,+1.30,1,14,12,0,3,9,10,,,0,Ligue-2,60,2021-2022
Benjamin Jeannot,fr FRA,"MF,FW",Caen,29,1992,8,3,253,2.8,0,0,0,0,0,0,0,0.00,0.00,0.00,0.00,0.00,3,1,33.3,1.07,0.36,0.00,0.00,,32,18.7,55,1,5,17,0,1.25,2,2,0,0.00,0.00,0,7,3,1,2,1,1,,,0,Ligue-2,60,2021-2022
Evens Joseph,fr FRA,FW,Caen,22,1999,2,0,36,0.4,0,0,0,0,0,0,0,0.00,0.00,0.00,0.00,0.00,0,0,,0.00,0.00,,,,18,2.7,,0,2,18,1,0.50,0,0,0,0.00,0.00,0,3,1,0,2,0,2,,,0,Ligue-2,60,2021-2022
Florian Jozefzoon,sr SUR,MF,Quevilly-Rouen,30,1991,8,7,543,6.0,0,0,0,0,0,1,0,0.00,0.00,0.00,0.00,0.00,8,4,50.0,1.33,0.66,0.00,0.00,,68,40.2,71,2,1,45,1,1.13,4,9,-5,-0.83,-0.72,0,5,4,3,20,4,5,,,0,Ligue-2,60,2021-2022
Jubal,br BRA,DF,Auxerre,28,1993,15,15,1350,15.0,1,0,1,0,0,0,0,0.07,0.00,0.07,0.07,0.07,10,4,40.0,0.67,0.27,0.10,0.25,,90,100.0,90,15,0,,0,1.93,25,15,+10,+0.67,,0,6,9,0,1,14,14,,,0,Ligue-2,60,2021-2022
Andrew Jung,fr FRA,FW,Nancy,24,1997,12,7,662,7.4,2,0,1,1,1,2,0,0.27,0.00,0.27,0.14,0.14,21,5,23.8,2.85,0.68,0.05,0.20,,55,49.0,78,3,5,23,1,0.75,5,13,-8,-1.09,-0.56,0,22,9,8,1,3,2,,,0,Ligue-2,60,2021-2022
Younès Kaabouni,fr FRA,MF,Sochaux,26,1995,9,3,283,3.1,0,1,0,0,0,1,0,0.00,0.32,0.32,0.00,0.32,4,0,0.0,1.27,0.00,0.00,,,31,21.0,75,0,6,10,2,1.56,5,3,+2,+0.64,+0.30,0,2,1,0,1,2,4,,,0,Ligue-2,60,2021-2022
Mohamed Kaba,fr FRA,MF,Valenciennes,20,2001,13,11,955,10.6,0,2,0,0,0,3,0,0.00,0.19,0.19,0.00,0.19,3,2,66.7,0.28,0.19,0.00,0.00,,73,70.7,83,7,2,23,2,1.00,10,16,-6,-0.57,+0.35,0,19,23,1,0,12,14,,,0,Ligue-2,60,2021-2022
Abdoul Kader Bamba,fr FRA,MF,Amiens,27,1994,7,7,570,6.3,1,2,1,0,0,2,1,0.16,0.32,0.47,0.16,0.47,10,5,50.0,1.58,0.79,0.10,0.20,,81,42.2,81,3,0,,0,1.14,8,6,+2,+0.32,+0.78,0,6,23,0,27,1,5,,,0,Ligue-2,60,2021-2022
Kylian Kaïboué,fr FRA,"MF,DF",Bastia,23,1998,10,2,274,3.0,0,0,0,0,0,0,0,0.00,0.00,0.00,0.00,0.00,4,1,25.0,1.31,0.33,0.00,0.00,,27,20.3,70,0,8,17,3,0.80,3,5,-2,-0.66,-0.49,0,4,6,2,21,3,4,,,0,Ligue-2,60,2021-2022
Aldo Kalulu,fr FRA,FW,Sochaux,25,1996,15,14,1225,13.6,4,0,4,0,0,2,0,0.29,0.00,0.29,0.29,0.29,23,9,39.1,1.69,0.66,0.17,0.44,,82,90.7,84,3,1,45,0,1.87,11,5,+6,+0.44,+0.44,0,16,8,16,14,3,2,,,0,Ligue-2,60,2021-2022
Gedeon Kalulu,cd COD,DF,Ajaccio,24,1997,13,10,926,10.3,0,0,0,0,0,3,0,0.00,0.00,0.00,0.00,0.00,3,1,33.3,0.29,0.10,0.00,0.00,,71,68.6,87,7,3,19,1,1.69,10,6,+4,+0.39,-0.67,0,11,9,1,16,16,22,,,1,Ligue-2,60,2021-2022
Ousmane Kanté,gn GUI,DF,Paris FC,32,1989,12,12,1044,11.6,1,0,1,0,0,4,0,0.09,0.00,0.09,0.09,0.09,10,3,30.0,0.86,0.26,0.10,0.33,,87,77.3,87,11,0,,0,1.50,12,12,0,0.00,-0.88,0,15,5,0,0,21,14,,,0,Ligue-2,60,2021-2022
Abdelhamid El Kaoutari,ma MAR,DF,Nancy,31,1990,5,5,439,4.9,0,0,0,0,0,2,0,0.00,0.00,0.00,0.00,0.00,1,0,0.0,0.21,0.00,0.00,,,88,32.5,88,4,0,,1,1.20,5,4,+1,+0.21,+1.49,0,5,3,0,0,5,2,,,0,Ligue-2,60,2021-2022
Souleymane Karamoko,fr FRA,"DF,MF",Nancy,29,1992,12,9,853,9.5,0,0,0,0,0,0,0,0.00,0.00,0.00,0.00,0.00,1,1,100.0,0.11,0.11,0.00,0.00,,71,63.2,90,9,3,14,2,0.58,6,18,-12,-1.27,-1.27,0,14,22,0,44,11,16,,,0,Ligue-2,60,2021-2022
Olivier Kemen,fr FRA,FW,Niort,25,1996,1,1,90,1.0,0,0,0,0,0,0,0,0.00,0.00,0.00,0.00,0.00,4,1,25.0,4.00,1.00,0.00,0.00,,90,6.7,90,1,0,,0,1.00,0,0,0,0.00,0.00,0,3,3,0,3,0,1,,,0,Ligue-2,60,2021-2022
Alan Kerouedan,fr FRA,MF,Rodez Aveyron,21,2000,4,2,171,1.9,0,0,0,0,0,0,0,0.00,0.00,0.00,0.00,0.00,1,0,0.0,0.53,0.00,0.00,,,43,12.7,69,0,2,17,1,1.00,1,4,-3,-1.58,-1.81,0,1,0,0,9,2,4,,,0,Ligue-2,60,2021-2022
Redouane Kerrouche,fr FRA,"MF,DF",Dunkerque,27,1994,10,7,607,6.7,0,0,0,0,0,2,0,0.00,0.00,0.00,0.00,0.00,4,1,25.0,0.59,0.15,0.00,0.00,,61,45.0,79,2,3,19,1,1.30,8,9,-1,-0.15,+0.22,0,16,14,0,4,13,2,,,0,Ligue-2,60,2021-2022
Billy Ketkeophomphone,fr FRA,FW,Dunkerque,31,1990,3,1,119,1.3,0,0,0,0,0,0,0,0.00,0.00,0.00,0.00,0.00,9,2,22.2,6.81,1.51,0.00,0.00,,40,8.8,68,0,2,26,1,0.33,0,1,-1,-0.76,-0.54,0,1,3,1,8,0,0,,,0,Ligue-2,60,2021-2022
Guy-Marcelin Kilama,cm CMR,DF,Niort,22,1999,6,5,435,4.8,0,0,0,0,0,1,0,0.00,0.00,0.00,0.00,0.00,0,0,,0.00,0.00,,,,73,32.2,80,4,1,34,2,2.00,9,7,+2,+0.41,+0.61,0,4,10,0,0,7,5,,,0,Ligue-2,60,2021-2022
Yann Kitala,cd COD,DF,Sochaux,23,1998,6,0,37,0.4,0,0,0,0,0,1,0,0.00,0.00,0.00,0.00,0.00,1,1,100.0,2.43,2.43,0.00,0.00,,6,2.7,,0,6,6,0,1.50,0,0,0,0.00,-0.41,0,6,0,1,1,0,0,,,0,Ligue-2,60,2021-2022
Erwin Koffi,fr FRA,DF,Pau FC,26,1995,13,13,1170,13.0,1,1,1,0,0,1,0,0.08,0.08,0.15,0.08,0.15,4,2,50.0,0.31,0.15,0.25,0.50,,90,86.7,90,13,0,,0,1.38,13,12,+1,+0.08,+1.08,0,8,14,1,43,12,8,,,0,Ligue-2,60,2021-2022
Giorgi Kokhreidze,ge GEO,MF,Grenoble,22,1998,2,0,28,0.3,0,0,0,0,0,1,0,0.00,0.00,0.00,0.00,0.00,1,1,100.0,3.21,3.21,0.00,0.00,,14,2.1,,0,2,14,1,2.00,1,1,0,0.00,+0.20,0,3,0,0,0,0,0,,,0,Ligue-2,60,2021-2022
Moussa Koné,sn SEN,FW,Nîmes,24,1996,8,4,391,4.3,4,0,3,1,1,4,0,0.92,0.00,0.92,0.69,0.69,11,5,45.5,2.53,1.15,0.27,0.60,,49,29.0,76,1,4,22,0,0.63,5,10,-5,-1.15,-1.43,0,4,8,2,2,0,1,,,0,Ligue-2,60,2021-2022
Yoan Koré,fr FRA,FW,Paris FC,16,2004,1,0,1,0.0,0,0,0,0,0,0,0,0.00,0.00,0.00,0.00,0.00,0,0,,0.00,0.00,,,,1,0.1,,0,1,1,2,3.00,0,0,0,0.00,-0.20,0,0,0,0,0,0,0,,,0,Ligue-2,60,2021-2022
Loïc Kouagba,fr FRA,DF,Dunkerque,27,1994,8,7,575,6.4,0,0,0,0,0,0,0,0.00,0.00,0.00,0.00,0.00,0,0,,0.00,0.00,,,,72,42.6,82,5,1,1,6,1.25,7,10,-3,-0.47,-0.35,0,9,4,0,8,11,4,,,0,Ligue-2,60,2021-2022
Xavier Kouassi,ci CIV,DF,Pau FC,31,1989,14,14,1213,13.5,0,0,0,0,0,2,1,0.00,0.00,0.00,0.00,0.00,0,0,,0.00,0.00,,,,87,89.9,87,11,0,,0,1.50,15,15,0,0.00,+0.66,0,11,10,0,0,24,17,,,1,Ligue-2,60,2021-2022
Per Kristian Bråtveit,no NOR,GK,Nîmes,25,1996,12,12,1035,11.5,0,0,0,0,0,0,0,0.00,0.00,0.00,0.00,0.00,0,0,,0.00,0.00,,,,86,76.7,86,11,0,,1,1.42,13,11,+2,+0.17,+1.32,0,0,1,0,0,0,0,,,0,Ligue-2,60,2021-2022
Zinédine Labyad,fr FRA,MF,Grenoble,21,2000,1,1,45,0.5,0,0,0,0,0,0,0,0.00,0.00,0.00,0.00,0.00,0,0,,0.00,0.00,,,,45,3.3,45,0,0,,1,0.00,0,1,-1,-2.00,-1.86,0,0,0,1,0,0,1,,,0,Ligue-2,60,2021-2022
Mathis Lachuer,fr FRA,MF,Amiens,21,2000,13,12,943,10.5,0,1,0,0,0,3,0,0.00,0.10,0.10,0.00,0.10,8,0,0.0,0.76,0.00,0.00,,,73,69.9,79,3,1,1,1,0.92,9,11,-2,-0.19,-0.19,0,17,12,0,29,13,16,,,0,Ligue-2,60,2021-2022
Qazim Laçi,al ALB,MF,Ajaccio,25,1996,13,11,975,10.8,2,0,2,0,0,1,0,0.18,0.00,0.18,0.18,0.18,13,3,23.1,1.20,0.28,0.15,0.67,,75,72.2,86,8,2,16,0,1.92,10,7,+3,+0.28,-1.16,0,17,19,0,7,12,11,,,0,Ligue-2,60,2021-2022
Jack Lahne,se SWE,FW,Amiens,20,2001,10,5,413,4.6,2,0,2,0,0,0,0,0.44,0.00,0.44,0.44,0.44,5,2,40.0,1.09,0.44,0.40,1.00,,41,30.6,67,0,5,15,1,0.70,5,4,+1,+0.22,+0.51,0,3,1,3,1,3,0,,,0,Ligue-2,60,2021-2022
Jean Lambert Evans,fr FRA,MF,Pau FC,23,1998,10,3,348,3.9,0,2,0,0,0,1,0,0.00,0.52,0.52,0.00,0.52,4,1,25.0,1.03,0.26,0.00,0.00,,35,25.8,66,0,7,21,5,1.10,5,5,0,0.00,+0.09,0,6,2,2,34,1,1,,,0,Ligue-2,60,2021-2022
Stéphane Lambèse,ht HAI,DF,Quevilly-Rouen,26,1995,5,3,226,2.5,0,0,0,0,0,0,0,0.00,0.00,0.00,0.00,0.00,0,0,,0.00,0.00,,,,45,16.7,58,0,2,27,0,0.40,1,2,-1,-0.40,0.00,0,5,2,0,4,3,4,,,0,Ligue-2,60,2021-2022
Mohamed Lamine Diaby,fr FRA,FW,Paris FC,20,2001,2,0,5,0.1,0,0,0,0,0,0,0,0.00,0.00,0.00,0.00,0.00,0,0,,0.00,0.00,,,,3,0.4,,0,2,3,2,1.50,0,0,0,0.00,-0.20,0,0,0,0,0,0,0,,,0,Ligue-2,60,2021-2022
Rosario Latouchent,mq MTQ,"MF,DF",Nancy,25,1996,6,6,508,5.6,1,0,1,0,0,0,0,0.18,0.00,0.18,0.18,0.18,5,1,20.0,0.89,0.18,0.20,1.00,,85,37.6,85,4,0,,6,0.67,4,11,-7,-1.24,-0.71,0,6,2,0,21,5,3,,,0,Ligue-2,60,2021-2022
Gaëtan Laura,fr FRA,FW,Paris FC,26,1995,13,9,828,9.2,3,2,3,0,0,2,1,0.33,0.22,0.54,0.33,0.54,26,14,53.8,2.83,1.52,0.12,0.21,,64,61.3,83,2,4,21,0,1.62,11,12,-1,-0.11,-0.80,0,16,8,4,20,2,6,,,0,Ligue-2,60,2021-2022
Mickaël Le Bihan,fr FRA,FW,Dijon,31,1990,12,9,684,7.6,2,0,1,1,1,2,0,0.26,0.00,0.26,0.13,0.13,16,4,25.0,2.11,0.53,0.06,0.25,,57,50.7,68,2,3,25,0,1.25,7,11,-4,-0.53,-0.12,0,6,11,5,7,4,2,,,0,Ligue-2,60,2021-2022
Julien Le Cardinal,fr FRA,DF,Bastia,24,1997,14,12,1075,11.9,0,1,0,0,0,2,0,0.00,0.08,0.08,0.00,0.08,8,1,12.5,0.67,0.08,0.00,0.00,,77,79.6,85,9,2,28,1,1.07,11,13,-2,-0.17,+0.49,0,11,13,0,13,27,11,,,0,Ligue-2,60,2021-2022
Paolo Lebas,pt POR,MF,Ajaccio,18,2003,1,0,4,0.0,0,0,0,0,0,0,0,0.00,0.00,0.00,0.00,0.00,0,0,,0.00,0.00,,,,4,0.3,,0,1,4,0,3.00,0,0,0,0.00,-0.60,0,1,0,0,0,0,0,,,0,Ligue-2,60,2021-2022
Tom Lebeau,fr FRA,"MF,FW",Niort,23,1998,8,3,252,2.8,0,0,0,0,0,0,0,0.00,0.00,0.00,0.00,0.00,2,0,0.0,0.71,0.00,0.00,,,32,18.7,64,0,5,12,6,0.75,0,4,-4,-1.43,-1.76,0,5,7,0,14,4,3,,,0,Ligue-2,60,2021-2022
Jordan Leborgne,fr FRA,MF,Rodez Aveyron,26,1995,14,13,915,10.2,0,1,0,0,0,3,1,0.00,0.10,0.10,0.00,0.10,14,9,64.3,1.38,0.89,0.00,0.00,,65,67.8,68,1,1,28,0,1.29,8,11,-3,-0.30,-0.92,1,13,25,0,16,11,4,,,0,Ligue-2,60,2021-2022
Quentin Lecoeuche,fr FRA,"MF,DF",Valenciennes,27,1994,7,6,535,5.9,0,0,0,0,0,2,0,0.00,0.00,0.00,0.00,0.00,0,0,,0.00,0.00,,,,76,39.6,86,2,1,21,2,0.71,5,10,-5,-0.84,-0.29,0,8,10,1,37,5,2,,,0,Ligue-2,60,2021-2022
Gregoire Lefebvre,fr FRA,MF,Nancy,27,1994,12,8,637,7.1,0,0,0,0,0,1,0,0.00,0.00,0.00,0.00,0.00,3,0,0.0,0.42,0.00,0.00,,,53,47.2,75,3,4,10,3,0.75,6,15,-9,-1.27,-0.89,0,12,15,0,13,2,11,,,0,Ligue-2,60,2021-2022
Victor Lekhal,dz ALG,MF,Le Havre,27,1994,15,15,1350,15.0,1,0,0,1,1,2,0,0.07,0.00,0.07,0.00,0.00,5,2,40.0,0.33,0.13,0.00,0.00,,90,100.0,90,15,0,,0,1.67,14,8,+6,+0.40,,0,13,16,0,3,31,22,,,0,Ligue-2,60,2021-2022
Nicolas Lemaître,fr FRA,GK,Quevilly-Rouen,24,1997,15,15,1350,15.0,0,0,0,0,0,1,0,0.00,0.00,0.00,0.00,0.00,0,0,,0.00,0.00,,,,90,100.0,90,15,0,,0,1.13,13,19,-6,-0.40,,0,1,4,0,0,0,1,,,0,Ligue-2,60,2021-2022
Pierre Lemonnier,fr FRA,DF,Guingamp,28,1993,10,10,765,8.5,0,0,0,0,0,1,0,0.00,0.00,0.00,0.00,0.00,2,0,0.0,0.24,0.00,0.00,,,77,56.7,77,8,0,,0,1.40,11,9,+2,+0.24,+0.85,0,9,6,0,0,13,6,,,0,Ligue-2,60,2021-2022
Donovan Léon,gf GUF,GK,Auxerre,29,1992,15,15,1350,15.0,0,0,0,0,0,1,0,0.00,0.00,0.00,0.00,0.00,0,0,,0.00,0.00,,,,90,100.0,90,15,0,,0,1.93,25,15,+10,+0.67,,0,1,4,0,0,1,2,,,0,Ligue-2,60,2021-2022
Johann Lepenant,fr FRA,MF,Caen,19,2002,15,14,1118,12.4,0,0,0,0,0,2,0,0.00,0.00,0.00,0.00,0.00,8,1,12.5,0.64,0.08,0.00,0.00,,75,82.8,80,6,1,4,0,1.13,13,15,-2,-0.16,-0.94,0,25,28,0,5,14,25,,,0,Ligue-2,60,2021-2022
Benjamin Leroy,fr FRA,GK,Ajaccio,32,1989,13,13,1170,13.0,0,0,0,0,0,1,0,0.00,0.00,0.00,0.00,0.00,0,0,,0.00,0.00,,,,90,86.7,90,13,0,,0,1.85,14,7,+7,+0.54,-0.46,0,1,1,0,0,1,0,,,0,Ligue-2,60,2021-2022
Allan Linguet,fr FRA,DF,Valenciennes,22,1999,1,1,90,1.0,0,0,0,0,0,0,0,0.00,0.00,0.00,0.00,0.00,0,0,,0.00,0.00,,,,90,6.7,90,1,0,,3,0.00,0,1,-1,-1.00,-0.36,0,0,4,0,0,0,1,,,0,Ligue-2,60,2021-2022
Jérémy Livolant,fr FRA,MF,Guingamp,23,1998,15,8,758,8.4,0,0,0,0,0,2,0,0.00,0.00,0.00,0.00,0.00,18,3,16.7,2.14,0.36,0.00,0.00,,51,56.1,76,2,7,22,0,1.20,9,11,-2,-0.24,-0.24,0,9,23,1,27,5,9,,,0,Ligue-2,60,2021-2022
Victor Lobry,fr FRA,MF,Pau FC,26,1995,15,15,1348,15.0,4,1,3,1,1,0,0,0.27,0.07,0.33,0.20,0.27,24,7,29.2,1.60,0.47,0.13,0.43,,90,99.9,90,13,0,,0,1.40,15,16,-1,-0.07,-0.07,0,15,20,4,51,8,16,,,0,Ligue-2,60,2021-2022
Emmanuel Lomotey,gh GHA,"MF,DF",Amiens,23,1997,11,10,865,9.6,0,0,0,0,0,6,1,0.00,0.00,0.00,0.00,0.00,5,0,0.0,0.52,0.00,0.00,,,79,64.1,85,7,1,14,0,1.09,13,11,+2,+0.21,+0.95,1,18,17,0,3,19,7,,,0,Ligue-2,60,2021-2022
Julien López,dz ALG,MF,Paris FC,29,1992,14,7,728,8.1,0,0,0,0,1,0,0,0.00,0.00,0.00,0.00,0.00,15,4,26.7,1.85,0.49,0.00,0.00,,52,53.9,75,0,7,29,1,1.50,5,7,-2,-0.25,-0.97,0,6,14,6,41,2,4,,,0,Ligue-2,60,2021-2022
Joseph Lopy,sn SEN,MF,Sochaux,29,1992,8,6,531,5.9,0,0,0,0,0,3,1,0.00,0.00,0.00,0.00,0.00,10,3,30.0,1.69,0.51,0.00,0.00,,66,39.3,79,3,2,28,0,2.00,7,4,+3,+0.51,+0.18,1,10,3,0,3,8,11,,,0,Ligue-2,60,2021-2022
Dylan Louiserre,fr FRA,MF,Niort,26,1995,15,14,1269,14.1,1,2,1,0,0,3,0,0.07,0.14,0.21,0.07,0.21,16,6,37.5,1.13,0.43,0.06,0.17,,85,94.0,90,13,1,13,0,1.40,16,16,0,0.00,0.00,0,16,22,0,3,19,17,,,0,Ligue-2,60,2021-2022
Arnaud Lusamba,fr FRA,MF,Amiens,24,1997,14,14,1196,13.3,2,1,1,1,1,2,0,0.15,0.08,0.23,0.08,0.15,10,3,30.0,0.75,0.23,0.10,0.33,,85,88.6,85,10,0,,0,1.00,13,14,-1,-0.08,+0.51,0,17,25,0,24,14,11,,,0,Ligue-2,60,2021-2022
Bradley M'Bondo,fr FRA,"DF,MF",Niort,20,2001,10,8,720,8.0,0,0,0,0,0,1,0,0.00,0.00,0.00,0.00,0.00,3,0,0.0,0.37,0.00,0.00,,,72,53.3,82,6,2,34,2,1.70,9,2,+7,+0.87,+1.87,0,7,5,0,6,10,11,,,0,Ligue-2,60,2021-2022
Youssouf M'Changama,km COM,MF,Guingamp,31,1990,13,13,1141,12.7,4,8,4,0,0,2,0,0.32,0.63,0.95,0.32,0.95,27,8,29.6,2.13,0.63,0.15,0.50,,88,84.5,88,11,0,,0,1.15,17,16,+1,+0.08,+1.37,0,17,26,7,97,7,3,,,0,Ligue-2,60,2021-2022
Elies Mahmoud,fr FRA,FW,Le Havre,20,2001,1,0,14,0.2,0,0,0,0,0,0,0,0.00,0.00,0.00,0.00,0.00,0,0,,0.00,0.00,,,,14,1.0,,0,1,14,2,0.00,0,0,0,0.00,-0.40,0,0,0,0,3,0,0,,,0,Ligue-2,60,2021-2022
Marco Majouga,fr FRA,MF,Dunkerque,20,2001,7,1,180,2.0,0,0,0,0,0,0,0,0.00,0.00,0.00,0.00,0.00,5,2,40.0,2.50,1.00,0.00,0.00,,26,13.3,67,0,6,19,2,1.14,3,1,+2,+1.00,+1.46,0,3,1,1,3,1,3,,,0,Ligue-2,60,2021-2022
Adilson Malanda,fr FRA,DF,Rodez Aveyron,20,2001,14,12,1084,12.0,0,0,0,0,0,1,1,0.00,0.00,0.00,0.00,0.00,0,0,,0.00,0.00,,,,77,80.3,87,10,2,20,1,1.29,15,10,+5,+0.42,+2.11,0,14,9,0,3,30,13,,,0,Ligue-2,60,2021-2022
Cyril Mandouki,mq MTQ,MF,Paris FC,30,1991,9,9,735,8.2,0,0,0,0,0,0,0,0.00,0.00,0.00,0.00,0.00,6,3,50.0,0.73,0.37,0.00,0.00,,82,54.4,82,8,0,,0,1.78,10,7,+3,+0.37,+0.37,0,14,7,1,4,13,7,,,0,Ligue-2,60,2021-2022
Elías Már Ómarsson,is ISL,FW,Nîmes,26,1995,10,5,456,5.1,1,0,1,0,0,2,0,0.20,0.00,0.20,0.20,0.20,9,2,22.2,1.78,0.39,0.11,0.50,,46,33.8,67,1,5,24,0,1.10,4,4,0,0.00,+0.20,0,9,6,2,0,0,0,,,0,Ligue-2,60,2021-2022
Axel Maraval,fr FRA,GK,Dunkerque,28,1993,10,9,811,9.0,0,0,0,0,0,2,0,0.00,0.00,0.00,0.00,0.00,0,0,,0.00,0.00,,,,81,60.1,90,9,1,1,5,0.90,7,12,-5,-0.55,-0.72,0,0,2,0,0,0,0,,,0,Ligue-2,60,2021-2022
Yannick Marchand,ch SUI,MF,Grenoble,21,2000,5,3,181,2.0,0,0,0,0,0,0,0,0.00,0.00,0.00,0.00,0.00,0,0,,0.00,0.00,,,,36,13.4,56,0,2,7,2,1.00,0,3,-3,-1.49,-1.49,0,2,2,0,2,2,1,,,0,Ligue-2,60,2021-2022
Vincent Marchetti,fr FRA,MF,Ajaccio,24,1997,5,3,310,3.4,0,0,0,0,0,1,0,0.00,0.00,0.00,0.00,0.00,4,0,0.0,1.16,0.00,0.00,,,62,23.0,90,3,2,20,0,1.60,6,3,+3,+0.87,+0.35,0,2,8,0,3,4,6,,,0,Ligue-2,60,2021-2022
Pablo Martinez,fr FRA,DF,Nîmes,32,1989,11,11,962,10.7,0,0,0,0,0,4,0,0.00,0.00,0.00,0.00,0.00,3,2,66.7,0.28,0.19,0.00,0.00,,87,71.3,87,10,0,,0,1.27,14,12,+2,+0.19,+1.11,0,7,23,1,0,12,7,,,0,Ligue-2,60,2021-2022
Julien Masson,fr FRA,MF,Valenciennes,23,1998,11,10,905,10.1,0,1,0,0,0,2,0,0.00,0.10,0.10,0.00,0.10,10,3,30.0,0.99,0.30,0.00,0.00,,82,67.0,88,8,1,25,1,0.64,6,15,-9,-0.90,-0.69,0,17,27,0,9,5,15,,,0,Ligue-2,60,2021-2022
Brice Maubleu,fr FRA,GK,Grenoble,31,1989,15,15,1350,15.0,0,0,0,0,0,0,0,0.00,0.00,0.00,0.00,0.00,0,0,,0.00,0.00,,,,90,100.0,90,15,0,,0,1.40,15,18,-3,-0.20,,0,0,4,0,0,1,0,,,0,Ligue-2,60,2021-2022
Tony Mauricio,fr FRA,MF,Sochaux,27,1994,15,15,1269,14.1,1,1,1,0,0,1,0,0.07,0.07,0.14,0.07,0.14,19,5,26.3,1.35,0.35,0.05,0.20,,85,94.0,85,8,0,,0,1.87,13,8,+5,+0.35,-0.76,0,13,32,0,60,11,21,,,0,Ligue-2,60,2021-2022
Fernand Mayembo,cg CGO,DF,Le Havre,25,1996,9,9,798,8.9,0,0,0,0,0,2,0,0.00,0.00,0.00,0.00,0.00,4,1,25.0,0.45,0.11,0.00,0.00,,89,59.1,89,8,0,,0,1.78,9,5,+4,+0.45,+0.13,0,6,6,0,0,17,2,,,0,Ligue-2,60,2021-2022
Nolan Mbemba,cg CGO,DF,Le Havre,26,1995,10,9,740,8.2,0,0,0,0,0,0,0,0.00,0.00,0.00,0.00,0.00,5,0,0.0,0.61,0.00,0.00,,,74,54.8,80,6,1,20,1,1.70,7,4,+3,+0.36,-0.08,0,7,7,0,5,14,8,,,0,Ligue-2,60,2021-2022
Farés Mehenni,fr FRA,FW,Nancy,19,2002,1,0,1,0.0,0,0,0,0,0,0,0,0.00,0.00,0.00,0.00,0.00,0,0,,0.00,0.00,,,,1,0.1,,0,1,1,1,0.00,0,1,-1,-90.00,-89.27,0,0,0,0,0,0,0,,,0,Ligue-2,60,2021-2022
Joseph Mendes,gw GNB,FW,Niort,30,1991,11,7,688,7.6,3,1,2,1,1,2,0,0.39,0.13,0.52,0.26,0.39,16,9,56.3,2.09,1.18,0.13,0.22,,63,51.0,82,3,4,28,0,1.55,11,9,+2,+0.26,+0.53,0,14,24,4,1,0,3,,,0,Ligue-2,60,2021-2022
Alexandre Mendy,gw GNB,FW,Caen,27,1994,13,13,1079,12.0,7,1,5,2,2,1,1,0.58,0.08,0.67,0.42,0.50,24,13,54.2,2.00,1.08,0.21,0.38,,83,79.9,83,7,0,,0,1.23,13,14,-1,-0.08,-0.42,0,25,16,11,5,1,2,,,0,Ligue-2,60,2021-2022
Formose Mendy,sn SEN,DF,Amiens,20,2001,11,10,894,9.9,1,0,1,0,0,0,0,0.10,0.00,0.10,0.10,0.10,5,1,20.0,0.50,0.10,0.20,1.00,,81,66.2,89,9,1,6,3,1.09,7,5,+2,+0.20,+0.99,0,6,15,0,1,20,16,,,0,Ligue-2,60,2021-2022
Umut Meraş,tr TUR,DF,Le Havre,25,1995,4,4,338,3.8,0,0,0,0,0,0,1,0.00,0.00,0.00,0.00,0.00,0,0,,0.00,0.00,,,,85,25.0,85,2,0,,0,1.75,5,3,+2,+0.53,+0.18,0,5,4,0,4,8,2,,,0,Ligue-2,60,2021-2022
Nicolas Mercier,fr FRA,FW,Auxerre,18,2003,3,0,34,0.4,0,1,0,0,0,0,0,0.00,2.65,2.65,0.00,2.65,1,0,0.0,2.65,0.00,0.00,,,11,2.5,,0,3,11,6,2.00,1,1,0,0.00,-0.68,0,1,0,0,0,0,0,,,0,Ligue-2,60,2021-2022
Yanis Merdji,dz ALG,"FW,MF",Niort,28,1993,13,5,499,5.5,0,0,0,0,0,0,0,0.00,0.00,0.00,0.00,0.00,9,5,55.6,1.62,0.90,0.00,0.00,,38,37.0,76,0,8,15,0,1.38,3,5,-2,-0.36,-0.57,0,6,7,5,11,4,3,,,0,Ligue-2,60,2021-2022
Mehdi Merghem,fr FRA,MF,Guingamp,24,1997,10,3,321,3.6,0,0,0,0,0,2,0,0.00,0.00,0.00,0.00,0.00,13,3,23.1,3.64,0.84,0.00,0.00,,32,23.8,70,0,7,16,0,1.20,6,7,-1,-0.28,-0.19,0,9,12,0,16,1,4,,,0,Ligue-2,60,2021-2022
Florian Michel,fr FRA,MF,Grenoble,29,1992,9,8,607,6.7,0,0,0,0,0,0,0,0.00,0.00,0.00,0.00,0.00,13,6,46.2,1.93,0.89,0.00,0.00,,67,45.0,74,0,1,16,0,1.89,11,3,+8,+1.19,+2.52,0,12,10,0,8,15,10,,,0,Ligue-2,60,2021-2022
Iyad Mohamed,km COM,MF,Auxerre,20,2001,3,1,112,1.2,1,0,1,0,0,0,0,0.80,0.00,0.80,0.80,0.80,1,1,100.0,0.80,0.80,1.00,1.00,,37,8.3,90,1,2,11,4,2.00,2,6,-4,-3.21,-4.23,0,0,1,0,0,0,2,,,0,Ligue-2,60,2021-2022
Jérôme Mombris,mg MAD,DF,Grenoble,33,1987,2,2,158,1.8,0,0,0,0,0,0,0,0.00,0.00,0.00,0.00,0.00,0,0,,0.00,0.00,,,,79,11.7,79,1,0,,1,0.00,0,6,-6,-3.42,-3.64,0,1,3,0,3,1,0,,,0,Ligue-2,60,2021-2022
Jérôme Mombris,mg MAD,DF,Guingamp,33,1987,5,4,441,4.9,0,1,0,0,0,1,0,0.00,0.20,0.20,0.00,0.20,2,0,0.0,0.41,0.00,0.00,,,88,32.7,90,4,1,81,5,0.80,8,10,-2,-0.41,-0.41,0,6,6,0,15,6,3,,,0,Ligue-2,60,2021-2022
Adrien Monfray,fr FRA,DF,Grenoble,30,1990,14,13,1218,13.5,1,0,1,0,0,3,0,0.07,0.00,0.07,0.07,0.07,9,1,11.1,0.67,0.07,0.11,1.00,,87,90.2,90,13,1,48,0,1.29,11,16,-5,-0.37,-1.73,0,6,13,0,0,18,23,,,0,Ligue-2,60,2021-2022
Nathan Monzango,fr FRA,DF,Amiens,20,2001,2,2,180,2.0,0,0,0,0,0,0,0,0.00,0.00,0.00,0.00,0.00,1,0,0.0,0.50,0.00,0.00,,,90,13.3,90,2,0,,3,0.00,2,6,-4,-2.00,-2.15,0,2,0,0,0,1,2,,,0,Ligue-2,60,2021-2022
Bevic Moussiti-Oko,cg CGO,FW,Ajaccio,26,1995,7,5,410,4.6,2,1,2,0,0,1,0,0.44,0.22,0.66,0.44,0.66,10,4,40.0,2.20,0.88,0.20,0.50,,59,30.4,72,1,2,25,0,2.00,9,5,+4,+0.88,+0.40,0,7,9,0,5,0,2,,,0,Ligue-2,60,2021-2022
Joris Moutachy,fr FRA,DF,Niort,24,1997,7,5,467,5.2,0,1,0,0,0,0,0,0.00,0.19,0.19,0.00,0.19,0,0,,0.00,0.00,,,,67,34.6,86,4,2,18,0,1.43,5,7,-2,-0.39,-0.59,0,4,12,0,12,9,7,,,0,Ligue-2,60,2021-2022
Lionel Mpasi,cd COD,GK,Rodez Aveyron,27,1994,15,15,1350,15.0,0,0,0,0,0,2,0,0.00,0.00,0.00,0.00,0.00,0,0,,0.00,0.00,,,,90,100.0,90,15,0,,0,1.27,16,16,0,0.00,,0,1,3,0,0,0,0,,,0,Ligue-2,60,2021-2022
Tristan Muyumba,cd COD,MF,Guingamp,24,1997,13,10,894,9.9,1,0,1,0,0,4,0,0.10,0.00,0.10,0.10,0.10,9,2,22.2,0.91,0.20,0.11,0.50,,69,66.2,85,4,3,15,1,1.15,12,15,-3,-0.30,-0.50,0,15,7,0,2,10,21,,,0,Ligue-2,60,2021-2022
Steve Mvoué,cm CMR,MF,Toulouse,19,2002,1,1,65,0.7,1,0,1,0,0,0,0,1.38,0.00,1.38,1.38,1.38,1,1,100.0,1.38,1.38,1.00,1.00,,65,4.8,65,0,0,,3,3.00,4,0,+4,+5.54,+4.49,0,0,0,0,1,2,0,,,0,Ligue-2,60,2021-2022
Alassane N'Diaye,fr FRA,"FW,MF",Ajaccio,30,1991,7,0,117,1.3,0,0,0,0,0,0,0,0.00,0.00,0.00,0.00,0.00,3,1,33.3,2.31,0.77,0.00,0.00,,17,8.7,,0,7,17,3,2.29,2,0,+2,+1.54,+1.03,0,5,1,0,0,2,1,,,0,Ligue-2,60,2021-2022
Abdallah N'dour,sn SEN,DF,Sochaux,27,1993,15,15,1349,15.0,0,0,0,0,0,0,0,0.00,0.00,0.00,0.00,0.00,5,2,40.0,0.33,0.13,0.00,0.00,,90,99.9,90,14,0,,0,1.87,14,8,+6,+0.40,+0.40,0,10,12,4,69,9,13,,,0,Ligue-2,60,2021-2022
Nathan N'Goumou,fr FRA,"MF,FW",Toulouse,21,2000,14,8,912,10.1,4,3,4,0,0,1,0,0.39,0.30,0.69,0.39,0.69,16,9,56.3,1.58,0.89,0.25,0.44,,65,67.6,88,5,6,35,0,2.07,22,7,+15,+1.48,+0.66,0,9,12,3,40,4,4,,,0,Ligue-2,60,2021-2022
Kenny Nagera,fr FRA,FW,Bastia,19,2002,6,1,176,2.0,0,0,0,0,0,0,0,0.00,0.00,0.00,0.00,0.00,2,1,50.0,1.02,0.51,0.00,0.00,,29,13.0,59,0,5,23,1,0.33,0,3,-3,-1.53,-1.46,0,3,2,0,1,0,1,,,0,Ligue-2,60,2021-2022
Zakaria Naidji,dz ALG,FW,Pau FC,26,1995,5,4,323,3.6,0,0,0,0,0,0,0,0.00,0.00,0.00,0.00,0.00,5,4,80.0,1.39,1.11,0.00,0.00,,65,23.9,70,0,1,45,0,1.20,2,2,0,0.00,+0.09,0,4,5,7,2,3,1,,,0,Ligue-2,60,2021-2022
Ilyes Najim,fr FRA,MF,Caen,19,2002,1,1,15,0.2,0,0,0,0,0,0,0,0.00,0.00,0.00,0.00,0.00,2,0,0.0,12.00,0.00,0.00,,,15,1.1,15,0,0,,0,3.00,0,0,0,0.00,0.00,0,0,1,0,0,0,0,,,0,Ligue-2,60,2021-2022
Moustapha Name,sn SEN,MF,Paris FC,26,1995,13,13,1170,13.0,1,1,1,0,0,2,0,0.08,0.08,0.15,0.08,0.15,22,6,27.3,1.69,0.46,0.05,0.17,,90,86.7,90,13,0,,0,1.85,18,13,+5,+0.38,+1.38,0,12,18,0,22,6,16,,,0,Ligue-2,60,2021-2022
Duckens Nazon,ht HAI,FW,Quevilly-Rouen,27,1994,9,8,658,7.3,3,0,3,0,0,4,0,0.41,0.00,0.41,0.41,0.41,30,5,16.7,4.10,0.68,0.10,0.60,,73,48.7,82,4,1,1,0,1.44,6,10,-4,-0.55,-0.29,0,16,11,9,4,1,1,,,0,Ligue-2,60,2021-2022
Logan Ndenbe,be BEL,DF,Guingamp,21,2000,8,8,720,8.0,0,1,0,0,0,0,0,0.00,0.12,0.12,0.00,0.12,3,2,66.7,0.37,0.25,0.00,0.00,,90,53.3,90,8,0,,5,1.50,11,10,+1,+0.12,+0.55,0,13,15,1,21,12,12,,,0,Ligue-2,60,2021-2022
Rassoul Ndiaye,fr FRA,MF,Sochaux,19,2001,12,5,505,5.6,1,0,1,0,0,3,0,0.18,0.00,0.18,0.18,0.18,8,1,12.5,1.43,0.18,0.13,1.00,,42,37.4,75,1,7,18,2,1.83,4,2,+2,+0.36,-0.07,0,11,6,0,3,7,6,,,0,Ligue-2,60,2021-2022
Bridge Ndilu,fr FRA,FW,Quevilly-Rouen,21,2000,8,2,284,3.2,0,0,0,0,0,0,0,0.00,0.00,0.00,0.00,0.00,7,1,14.3,2.22,0.32,0.00,0.00,,36,21.0,90,2,6,17,1,1.13,3,5,-2,-0.63,-0.30,0,7,3,5,10,0,1,,,0,Ligue-2,60,2021-2022
Aly Ndom,fr FRA,MF,Auxerre,25,1996,10,2,266,3.0,1,0,1,0,0,1,0,0.34,0.00,0.34,0.34,0.34,2,1,50.0,0.68,0.34,0.50,1.00,,27,19.7,69,0,8,16,1,2.00,6,2,+4,+1.35,+0.86,0,6,5,0,1,4,2,,,0,Ligue-2,60,2021-2022
Loris Néry,fr FRA,DF,Grenoble,30,1991,13,10,943,10.5,0,2,0,0,0,2,0,0.00,0.19,0.19,0.00,0.19,1,0,0.0,0.10,0.00,0.00,,,73,69.9,87,8,3,25,0,1.38,13,12,+1,+0.10,+0.98,0,6,11,1,28,12,16,,,0,Ligue-2,60,2021-2022
Loïc Nestor,fr FRA,DF,Grenoble,32,1989,14,14,1250,13.9,2,0,2,0,0,0,0,0.14,0.00,0.14,0.14,0.14,6,4,66.7,0.43,0.29,0.33,0.50,,89,92.6,89,13,0,,0,1.50,13,14,-1,-0.07,+1.73,0,5,2,1,5,21,6,,,0,Ligue-2,60,2021-2022
Ahmad Ngouyamsa,cm CMR,"MF,DF",Dijon,20,2000,8,6,540,6.0,0,0,0,0,0,1,1,0.00,0.00,0.00,0.00,0.00,1,0,0.0,0.17,0.00,0.00,,,68,40.0,77,4,2,39,4,1.25,6,9,-3,-0.50,-0.06,0,17,5,0,16,7,6,,,0,Ligue-2,60,2021-2022
Adama Niane,ml MLI,FW,Sochaux,28,1993,2,0,13,0.1,0,0,0,0,0,0,0,0.00,0.00,0.00,0.00,0.00,2,0,0.0,13.85,0.00,0.00,,,7,1.0,,0,2,7,3,1.50,0,0,0,0.00,-0.40,0,0,0,0,0,0,0,,,0,Ligue-2,60,2021-2022
Rasmus Nicolaisen,dk DEN,"DF,MF",Toulouse,24,1997,9,9,810,9.0,1,0,1,0,0,2,0,0.11,0.00,0.11,0.11,0.11,11,1,9.1,1.22,0.11,0.09,1.00,,90,60.0,90,9,0,,0,1.56,19,9,+10,+1.11,-0.39,0,15,8,0,0,22,4,,,0,Ligue-2,60,2021-2022
Jovan Nišić,rs SRB,MF,Pau FC,23,1998,13,8,617,6.9,0,2,0,0,0,1,0,0.00,0.29,0.29,0.00,0.29,3,1,33.3,0.44,0.15,0.00,0.00,,47,45.7,66,1,5,18,1,1.38,9,7,+2,+0.29,+0.66,0,15,10,0,23,8,13,,,0,Ligue-2,60,2021-2022
Riad Nouri,fr FRA,MF,Ajaccio,36,1985,15,8,803,8.9,4,1,4,0,0,2,0,0.45,0.11,0.56,0.45,0.56,18,5,27.8,2.02,0.56,0.22,0.80,,54,59.5,77,2,7,26,0,1.87,11,5,+6,+0.67,+0.18,0,12,6,3,39,6,11,,,0,Ligue-2,60,2021-2022
Emmanuel Ntim,gh GHA,DF,Valenciennes,25,1996,15,15,1324,14.7,0,0,0,0,0,3,0,0.00,0.00,0.00,0.00,0.00,10,3,30.0,0.68,0.20,0.00,0.00,,88,98.1,88,13,0,,0,1.07,12,21,-9,-0.61,+2.85,0,17,19,0,2,33,12,,,0,Ligue-2,60,2021-2022
Johann Obiang,ga GAB,MF,Rodez Aveyron,28,1993,12,5,544,6.0,0,3,0,0,0,0,0,0.00,0.50,0.50,0.00,0.50,0,0,,0.00,0.00,,,,45,40.3,81,2,7,20,1,1.08,7,7,0,0.00,0.00,0,10,2,1,35,10,7,,,0,Ligue-2,60,2021-2022
Alexandre Olliero,fr FRA,GK,Pau FC,25,1996,15,15,1350,15.0,0,0,0,0,0,1,0,0.00,0.00,0.00,0.00,0.00,0,0,,0.00,0.00,,,,90,100.0,90,15,0,,0,1.40,15,16,-1,-0.07,,0,1,3,0,0,0,0,,,0,Ligue-2,60,2021-2022
Ado Onaiwu,jp JPN,FW,Toulouse,25,1995,15,11,938,10.4,5,0,5,0,0,1,0,0.48,0.00,0.48,0.48,0.48,23,11,47.8,2.21,1.06,0.22,0.45,,63,69.5,73,3,4,33,0,2.00,21,7,+14,+1.34,+0.25,0,19,9,2,1,2,5,,,0,Ligue-2,60,2021-2022
Terell Ondaan,gy GUY,MF,Grenoble,28,1993,2,2,113,1.3,0,0,0,0,0,0,0,0.00,0.00,0.00,0.00,0.00,1,0,0.0,0.80,0.00,0.00,,,57,8.4,57,0,0,,0,0.50,0,2,-2,-1.59,-1.52,0,1,2,1,4,2,1,,,0,Ligue-2,60,2021-2022
Prince Oniangué,cg CGO,DF,Caen,33,1988,15,14,1231,13.7,0,0,0,0,0,0,0,0.00,0.00,0.00,0.00,0.00,8,1,12.5,0.58,0.07,0.00,0.00,,82,91.2,87,13,1,7,0,1.13,15,16,-1,-0.07,-0.83,0,8,5,0,0,25,5,,,0,Ligue-2,60,2021-2022
Mohamed Ouadah,dz ALG,"DF,MF",Dunkerque,27,1994,10,5,503,5.6,0,0,0,0,0,2,0,0.00,0.00,0.00,0.00,0.00,10,3,30.0,1.79,0.54,0.00,0.00,,50,37.3,84,3,5,17,0,1.00,2,9,-7,-1.25,-1.57,0,12,15,0,17,5,5,,,0,Ligue-2,60,2021-2022
Nassim Ouammou,ma MAR,MF,Rodez Aveyron,28,1993,13,10,839,9.3,1,3,1,0,0,2,0,0.11,0.32,0.43,0.11,0.43,10,4,40.0,1.07,0.43,0.10,0.25,,65,62.1,77,3,3,24,1,1.23,9,10,-1,-0.11,-0.28,0,8,9,0,83,11,4,,,0,Ligue-2,60,2021-2022
Abou Ouattara,bf BFA,"FW,MF",Valenciennes,21,1999,14,3,718,8.0,0,1,0,0,0,2,0,0.00,0.13,0.13,0.00,0.13,12,4,33.3,1.50,0.50,0.00,0.00,,51,53.2,88,2,11,41,1,0.93,5,13,-8,-1.00,-0.72,0,19,9,3,13,8,9,,,0,Ligue-2,60,2021-2022
Romain Padovani,fr FRA,DF,Quevilly-Rouen,32,1989,10,9,766,8.5,1,0,1,0,0,0,0,0.12,0.00,0.12,0.12,0.12,1,1,100.0,0.12,0.12,1.00,1.00,,77,56.7,85,8,1,1,0,1.20,7,12,-5,-0.59,-0.43,0,2,4,0,0,16,8,,,0,Ligue-2,60,2021-2022
Lloyd Palun,ga GAB,DF,Bastia,32,1988,13,13,1125,12.5,0,0,0,0,0,2,0,0.00,0.00,0.00,0.00,0.00,4,1,25.0,0.32,0.08,0.00,0.00,,87,83.3,87,12,0,,0,1.08,10,13,-3,-0.24,+0.16,0,5,7,0,21,35,20,,,0,Ligue-2,60,2021-2022
Jayson Papeau,fr FRA,MF,Amiens,25,1996,5,3,242,2.7,1,0,1,0,0,1,0,0.37,0.00,0.37,0.37,0.37,3,2,66.7,1.12,0.74,0.33,0.50,,48,17.9,69,0,2,18,0,1.00,2,1,+1,+0.37,+0.62,0,4,8,0,4,2,10,,,0,Ligue-2,60,2021-2022
Gaëtan Paquiez,fr FRA,DF,Nîmes,27,1994,11,3,346,3.8,0,0,0,0,0,2,0,0.00,0.00,0.00,0.00,0.00,0,0,,0.00,0.00,,,,31,25.6,75,2,8,15,3,1.09,4,6,-2,-0.52,-0.52,0,7,5,0,7,2,7,,,0,Ligue-2,60,2021-2022
Bryan Passi,fr FRA,DF,Niort,24,1997,12,12,1080,12.0,1,0,1,0,0,2,0,0.08,0.00,0.08,0.08,0.08,6,3,50.0,0.50,0.25,0.17,0.33,,90,80.0,90,12,0,,0,1.42,14,14,0,0.00,0.00,0,4,13,0,1,23,7,,,0,Ligue-2,60,2021-2022
Kelvin Patrick,cv CPV,"MF,DF",Nancy,21,2000,6,3,339,3.8,0,0,0,0,0,1,0,0.00,0.00,0.00,0.00,0.00,3,1,33.3,0.80,0.27,0.00,0.00,,57,25.1,90,3,3,23,3,0.50,3,6,-3,-0.80,0.00,0,10,2,0,0,6,6,,,0,Ligue-2,60,2021-2022
Mateo Pavlović,ba BIH,DF,Amiens,31,1990,9,8,744,8.3,1,0,1,0,0,3,0,0.12,0.00,0.12,0.12,0.12,3,1,33.3,0.36,0.12,0.33,1.00,,83,55.1,90,8,1,24,0,1.00,8,7,+1,+0.12,+0.57,0,7,3,0,0,22,6,,,0,Ligue-2,60,2021-2022
Théo Pellenard,fr FRA,DF,Auxerre,27,1994,15,15,1350,15.0,0,0,0,0,0,1,0,0.00,0.00,0.00,0.00,0.00,0,0,,0.00,0.00,,,,90,100.0,90,15,0,,0,1.93,25,15,+10,+0.67,,0,11,8,0,1,17,14,,,0,Ligue-2,60,2021-2022
Manuel Perez,fr FRA,MF,Grenoble,30,1991,5,4,241,2.7,0,0,0,0,0,0,1,0.00,0.00,0.00,0.00,0.00,0,0,,0.00,0.00,,,,48,17.9,56,0,1,16,0,1.20,2,6,-4,-1.49,-1.57,0,11,1,0,0,3,4,,,1,Ligue-2,60,2021-2022
Gaëtan Perrin,fr FRA,"FW,MF",Auxerre,25,1996,15,11,897,10.0,3,0,3,0,0,1,0,0.30,0.00,0.30,0.30,0.30,22,9,40.9,2.21,0.90,0.14,0.33,,60,66.4,73,1,4,23,0,1.93,19,7,+12,+1.20,+1.60,0,13,14,2,22,5,7,,,0,Ligue-2,60,2021-2022
Matthias Phaeton,gp GLP,"MF,FW",Guingamp,21,2000,14,6,607,6.7,1,0,1,0,0,2,0,0.15,0.00,0.15,0.15,0.15,13,6,46.2,1.93,0.89,0.08,0.17,,43,45.0,75,2,8,19,0,1.21,10,8,+2,+0.30,+0.78,0,7,14,4,7,2,1,,,0,Ligue-2,60,2021-2022
Enzo Philibert,fr FRA,DF,Nîmes,19,2002,1,0,6,0.1,0,0,0,0,0,0,0,0.00,0.00,0.00,0.00,0.00,0,0,,0.00,0.00,,,,6,0.4,,0,1,6,9,0.00,0,0,0,0.00,+0.13,0,0,0,0,0,0,0,,,0,Ligue-2,60,2021-2022
Romain Philippoteaux,fr FRA,MF,Dijon,33,1988,5,4,322,3.6,0,0,0,0,0,0,0,0.00,0.00,0.00,0.00,0.00,2,1,50.0,0.56,0.28,0.00,0.00,,64,23.9,73,0,1,30,0,1.80,2,4,-2,-0.56,-0.12,0,1,2,2,9,1,2,,,0,Ligue-2,60,2021-2022
Jessy Pi,fr FRA,MF,Dijon,28,1993,13,12,1026,11.4,0,1,0,0,0,2,0,0.00,0.09,0.09,0.00,0.09,21,4,19.0,1.84,0.35,0.00,0.00,,79,76.0,84,8,1,21,0,1.23,10,11,-1,-0.09,+1.58,0,9,10,0,5,19,16,,,0,Ligue-2,60,2021-2022
Charles Pickel,ch SUI,MF,Grenoble,24,1997,3,3,270,3.0,1,0,1,0,0,1,0,0.33,0.00,0.33,0.33,0.33,2,1,50.0,0.67,0.33,0.50,1.00,,90,20.0,90,3,0,,0,1.33,2,1,+1,+0.33,+0.67,0,5,2,0,0,2,2,,,0,Ligue-2,60,2021-2022
Mathis Picouleau,fr FRA,"MF,DF",Valenciennes,21,2000,13,6,669,7.4,1,0,1,0,0,0,0,0.13,0.00,0.13,0.13,0.13,6,2,33.3,0.81,0.27,0.17,0.50,,51,49.6,87,4,7,21,0,1.00,6,9,-3,-0.40,+0.52,0,8,6,1,24,4,2,,,0,Ligue-2,60,2021-2022
Leverton Pierre,ht HAI,MF,Dunkerque,23,1998,12,8,630,7.0,1,0,1,0,0,1,0,0.14,0.00,0.14,0.14,0.14,10,3,30.0,1.43,0.43,0.10,0.33,,53,46.7,72,1,4,14,0,1.00,7,9,-2,-0.29,-0.04,0,16,11,0,9,8,8,,,0,Ligue-2,60,2021-2022
Frantzdy Pierrot,ht HAI,FW,Guingamp,24,1997,12,7,712,7.9,5,1,5,0,0,4,0,0.63,0.13,0.76,0.63,0.76,17,8,47.1,2.15,1.01,0.29,0.63,,59,52.7,82,4,5,27,0,1.33,12,13,-1,-0.13,+0.01,0,17,11,6,1,1,2,,,0,Ligue-2,60,2021-2022
Florentin Pogba,gn GUI,DF,Sochaux,31,1990,13,13,1170,13.0,0,0,0,0,0,2,0,0.00,0.00,0.00,0.00,0.00,4,0,0.0,0.31,0.00,0.00,,,90,86.7,90,13,0,,0,2.08,14,7,+7,+0.54,+1.04,0,8,3,0,0,11,12,,,0,Ligue-2,60,2021-2022
Julien Ponceau,fr FRA,MF,Nîmes,20,2000,15,14,1172,13.0,0,0,0,0,0,1,0,0.00,0.00,0.00,0.00,0.00,6,1,16.7,0.46,0.08,0.00,0.00,,78,86.8,82,6,1,24,0,1.13,14,13,+1,+0.08,+1.59,0,21,26,3,15,7,5,,,0,Ligue-2,60,2021-2022
Maxence Prevot,fr FRA,GK,Sochaux,24,1997,15,15,1350,15.0,0,0,0,0,0,1,0,0.00,0.00,0.00,0.00,0.00,0,0,,0.00,0.00,,,,90,100.0,90,15,0,,0,1.87,14,8,+6,+0.40,,0,0,4,0,0,0,0,,,0,Ligue-2,60,2021-2022
Stephen Quemper,fr FRA,DF,Bastia,28,1993,13,13,1160,12.9,0,1,0,0,0,3,0,0.00,0.08,0.08,0.00,0.08,0,0,,0.00,0.00,,,,89,85.9,89,12,0,,0,1.00,11,15,-4,-0.31,-0.31,0,14,9,1,33,20,20,,,0,Ligue-2,60,2021-2022
Anthony Racioppi,ch SUI,GK,Dijon,22,1998,1,1,90,1.0,0,0,0,0,0,0,0,0.00,0.00,0.00,0.00,0.00,0,0,,0.00,0.00,,,,90,6.7,90,1,0,,14,0.00,0,1,-1,-1.00,-0.57,0,0,0,0,0,0,0,,,0,Ligue-2,60,2021-2022
Lorenzo Rajot,fr FRA,MF,Rodez Aveyron,24,1997,13,2,355,3.9,0,0,0,0,0,1,0,0.00,0.00,0.00,0.00,0.00,6,0,0.0,1.52,0.00,0.00,,,27,26.3,65,0,11,20,2,1.23,6,6,0,0.00,0.00,0,9,9,0,6,2,3,,,0,Ligue-2,60,2021-2022
Tom Rapnouil,fr FRA,MF,Toulouse,20,2001,2,0,77,0.9,0,0,0,0,0,0,0,0.00,0.00,0.00,0.00,0.00,0,0,,0.00,0.00,,,,39,5.7,,0,2,39,2,3.00,0,0,0,0.00,-1.34,0,0,0,0,2,0,0,,,0,Ligue-2,60,2021-2022
Rafael Ratão,br BRA,MF,Toulouse,25,1995,5,2,193,2.1,2,0,2,0,0,1,0,0.93,0.00,0.93,0.93,0.93,7,3,42.9,3.26,1.40,0.29,0.67,,39,14.3,59,0,3,25,0,1.40,6,1,+5,+2.33,+1.24,0,1,4,1,2,2,1,,,0,Ligue-2,60,2021-2022
Yoric Ravet,fr FRA,"MF,FW",Grenoble,32,1989,12,11,891,9.9,4,3,3,1,2,0,0,0.40,0.30,0.71,0.30,0.61,26,5,19.2,2.63,0.51,0.12,0.60,,74,66.0,79,3,1,24,0,1.42,11,13,-2,-0.20,-0.01,0,6,10,2,42,9,2,,,0,Ligue-2,60,2021-2022
Pedro Rebocho,pt POR,DF,Guingamp,26,1995,3,3,270,3.0,0,0,0,0,0,0,0,0.00,0.00,0.00,0.00,0.00,1,0,0.0,0.33,0.00,0.00,,,90,20.0,90,3,0,,0,0.67,1,3,-2,-0.67,-0.67,0,2,3,0,13,2,2,,,0,Ligue-2,60,2021-2022
Samuel Renel,fr FRA,MF,Niort,20,2001,11,2,279,3.1,2,0,2,0,0,0,0,0.65,0.00,0.65,0.65,0.65,8,4,50.0,2.58,1.29,0.25,0.50,,25,20.7,73,1,9,15,2,1.18,3,4,-1,-0.32,-0.41,0,7,3,0,10,2,5,,,0,Ligue-2,60,2021-2022
Baptiste Reynet,fr FRA,GK,Dijon,31,1990,14,14,1260,14.0,0,0,0,0,0,0,0,0.00,0.00,0.00,0.00,0.00,0,0,,0.00,0.00,,,,90,93.3,90,14,0,,0,1.14,14,20,-6,-0.43,+0.57,0,0,2,0,0,2,0,,,0,Ligue-2,60,2021-2022
Amir Richardson,fr FRA,MF,Le Havre,19,2002,14,13,1161,12.9,0,0,0,0,0,3,0,0.00,0.00,0.00,0.00,0.00,7,1,14.3,0.54,0.08,0.00,0.00,,83,86.0,87,9,1,28,0,1.71,13,7,+6,+0.47,+0.47,0,26,14,0,1,16,20,,,0,Ligue-2,60,2021-2022
Matthis Riou,fr FRA,DF,Guingamp,20,2001,1,1,90,1.0,0,0,0,0,0,1,0,0.00,0.00,0.00,0.00,0.00,1,0,0.0,1.00,0.00,0.00,,,90,6.7,90,1,0,,4,0.00,0,2,-2,-2.00,-2.00,0,1,0,0,3,4,1,,,0,Ligue-2,60,2021-2022
Rémy Riou,fr FRA,GK,Caen,34,1987,15,15,1350,15.0,0,0,0,0,0,1,0,0.00,0.00,0.00,0.00,0.00,0,0,,0.00,0.00,,,,90,100.0,90,15,0,,0,1.13,16,16,0,0.00,,0,1,5,0,0,0,0,,,0,Ligue-2,60,2021-2022
Jonathan Rivierez,fr FRA,DF,Caen,32,1989,15,14,1305,14.5,1,0,1,0,0,1,0,0.07,0.00,0.07,0.07,0.07,2,1,50.0,0.14,0.07,0.50,1.00,,87,96.7,90,14,1,45,0,1.13,16,15,+1,+0.07,+2.07,0,11,4,0,1,21,13,,,0,Ligue-2,60,2021-2022
Gaëtan Robail,fr FRA,"FW,MF",Valenciennes,27,1994,14,13,1131,12.6,4,2,4,0,0,2,0,0.32,0.16,0.48,0.32,0.48,37,15,40.5,2.94,1.19,0.11,0.27,,81,83.8,85,7,1,32,0,1.07,11,18,-7,-0.56,+0.68,0,22,12,4,81,12,12,,,0,Ligue-2,60,2021-2022
Antony Robic,fr FRA,"FW,MF",Bastia,35,1986,13,6,606,6.7,0,0,0,0,0,3,0,0.00,0.00,0.00,0.00,0.00,14,5,35.7,2.08,0.74,0.00,0.00,,47,44.9,74,2,7,23,0,0.92,5,6,-1,-0.15,+0.21,0,12,13,2,22,0,2,,,0,Ligue-2,60,2021-2022
Christopher Rocchia,fr FRA,"MF,DF",Dijon,23,1998,13,8,801,8.9,0,1,0,0,0,2,0,0.00,0.11,0.11,0.00,0.11,3,1,33.3,0.34,0.11,0.00,0.00,,62,59.3,86,7,5,22,0,1.23,9,15,-6,-0.67,-0.51,0,16,23,3,38,10,7,,,0,Ligue-2,60,2021-2022
Kévin Rocheteau,fr FRA,"FW,MF",Dunkerque,28,1993,11,9,749,8.3,3,2,2,1,1,1,0,0.36,0.24,0.60,0.24,0.48,19,10,52.6,2.28,1.20,0.11,0.20,,68,55.5,78,2,2,26,0,1.36,11,9,+2,+0.24,+1.14,0,10,11,4,32,5,9,,,0,Ligue-2,60,2021-2022
Anthony Roncaglia,fr FRA,DF,Bastia,22,1999,2,0,27,0.3,0,0,0,0,0,0,0,0.00,0.00,0.00,0.00,0.00,0,0,,0.00,0.00,,,,14,2.0,,0,2,14,6,1.00,0,1,-1,-3.33,-3.13,0,1,1,0,0,0,1,,,0,Ligue-2,60,2021-2022
Johan Rotsen,fr FRA,"MF,FW",Quevilly-Rouen,25,1996,6,2,181,2.0,0,0,0,0,0,0,0,0.00,0.00,0.00,0.00,0.00,0,0,,0.00,0.00,,,,30,13.4,68,1,4,12,5,1.17,1,3,-2,-0.99,-0.69,0,7,1,0,0,0,3,,,0,Ligue-2,60,2021-2022
Anthony Rouault,fr FRA,DF,Toulouse,20,2001,9,9,752,8.4,1,0,1,0,0,1,0,0.12,0.00,0.12,0.12,0.12,7,2,28.6,0.84,0.24,0.14,0.50,,84,55.7,84,7,0,,0,2.56,19,5,+14,+1.68,+0.92,0,9,3,0,2,11,7,,,0,Ligue-2,60,2021-2022
Baptiste Roux,fr FRA,"DF,MF",Guingamp,21,1999,14,12,1124,12.5,0,0,0,0,0,2,0,0.00,0.00,0.00,0.00,0.00,7,2,28.6,0.56,0.16,0.00,0.00,,80,83.3,89,11,2,31,1,1.07,15,18,-3,-0.24,-0.64,0,14,1,1,1,18,16,,,0,Ligue-2,60,2021-2022
Idriss Saadi,dz ALG,FW,Bastia,29,1992,11,6,463,5.1,2,1,2,0,0,0,0,0.39,0.19,0.58,0.39,0.58,5,2,40.0,0.97,0.39,0.40,1.00,,42,34.3,60,0,5,21,0,1.27,4,5,-1,-0.19,+0.11,0,10,1,5,1,0,0,,,0,Ligue-2,60,2021-2022
Joris Sainati,fr FRA,DF,Bastia,33,1988,6,4,344,3.8,0,0,0,0,0,2,0,0.00,0.00,0.00,0.00,0.00,2,0,0.0,0.52,0.00,0.00,,,57,25.5,82,2,2,8,9,1.00,2,4,-2,-0.52,-0.34,0,8,0,0,0,4,0,,,1,Ligue-2,60,2021-2022
Théo Sainte-Luce,fr FRA,DF,Nîmes,23,1998,15,15,1335,14.8,1,1,1,0,0,3,0,0.07,0.07,0.13,0.07,0.13,8,2,25.0,0.54,0.13,0.13,0.50,,89,98.9,89,13,0,,0,1.13,17,17,0,0.00,+12.00,0,15,9,1,42,27,30,,,0,Ligue-2,60,2021-2022
Hamza Sakhi,ma MAR,MF,Auxerre,25,1996,10,9,839,9.3,2,1,2,0,0,0,0,0.21,0.11,0.32,0.21,0.32,20,9,45.0,2.15,0.97,0.10,0.22,,84,62.1,90,9,1,29,0,1.70,13,6,+7,+0.75,+0.22,0,11,27,0,42,7,13,,,0,Ligue-2,60,2021-2022
Sebastien Salles-Lamonge,fr FRA,MF,Bastia,25,1996,14,12,1011,11.2,1,4,1,0,0,0,0,0.09,0.36,0.45,0.09,0.45,12,3,25.0,1.07,0.27,0.08,0.33,,72,74.9,80,6,2,28,0,1.00,10,12,-2,-0.18,+0.35,0,10,17,2,50,16,11,,,0,Ligue-2,60,2021-2022
Frédéric Sammaritano,fr FRA,MF,Dijon,35,1986,8,1,159,1.8,0,0,0,0,0,0,0,0.00,0.00,0.00,0.00,0.00,5,2,40.0,2.83,1.13,0.00,0.00,,20,11.8,60,0,7,14,6,0.88,3,5,-2,-1.13,-0.75,0,1,2,1,7,0,3,,,0,Ligue-2,60,2021-2022
Amadou Samoura,fr FRA,FW,Le Havre,17,2003,1,0,20,0.2,0,0,0,0,0,0,0,0.00,0.00,0.00,0.00,0.00,0,0,,0.00,0.00,,,,20,1.5,,0,1,20,0,1.00,0,0,0,0.00,-0.41,0,1,1,0,0,0,1,,,0,Ligue-2,60,2021-2022
Philipe Sampaio,br BRA,DF,Guingamp,26,1994,6,6,540,6.0,1,0,1,0,0,2,0,0.17,0.00,0.17,0.17,0.17,7,2,28.6,1.17,0.33,0.14,0.50,,90,40.0,90,6,0,,0,1.17,4,5,-1,-0.17,-0.06,0,15,8,1,0,8,6,,,0,Ligue-2,60,2021-2022
Amiran Sanaia,ge GEO,DF,Rodez Aveyron,32,1989,2,2,148,1.6,0,0,0,0,0,0,0,0.00,0.00,0.00,0.00,0.00,0,0,,0.00,0.00,,,,74,11.0,74,0,0,,4,0.50,0,2,-2,-1.22,-1.37,0,0,1,0,0,3,0,,,0,Ligue-2,60,2021-2022
Arouna Sangante,sn SEN,DF,Le Havre,19,2002,13,6,574,6.4,0,0,0,0,0,1,0,0.00,0.00,0.00,0.00,0.00,1,1,100.0,0.16,0.16,0.00,0.00,,44,42.5,90,6,7,5,2,1.85,5,3,+2,+0.31,-0.15,0,9,5,0,0,8,3,,,0,Ligue-2,60,2021-2022
Gustavo Sangaré,bf BFA,MF,Quevilly-Rouen,24,1996,14,11,950,10.6,0,0,0,0,0,4,1,0.00,0.00,0.00,0.00,0.00,9,2,22.2,0.85,0.19,0.00,0.00,,68,70.4,81,6,3,19,0,1.21,10,11,-1,-0.09,+1.03,0,24,31,1,5,24,21,,,0,Ligue-2,60,2021-2022
Sam Sanna,fr FRA,MF,Toulouse,22,1999,4,0,70,0.8,0,0,0,0,0,0,0,0.00,0.00,0.00,0.00,0.00,2,0,0.0,2.57,0.00,0.00,,,18,5.2,,0,4,18,10,2.50,3,2,+1,+1.29,+0.02,0,0,0,0,1,1,1,,,0,Ligue-2,60,2021-2022
Benjamin Santelli,fr FRA,"FW,MF",Bastia,29,1991,14,13,1068,11.9,5,1,4,1,1,3,0,0.42,0.08,0.51,0.34,0.42,22,9,40.9,1.85,0.76,0.18,0.44,,76,79.1,80,6,1,24,0,1.00,11,12,-1,-0.08,+0.87,0,23,10,14,29,9,5,,,0,Ligue-2,60,2021-2022
Aurélien Scheidler,fr FRA,FW,Dijon,23,1998,15,6,754,8.4,4,0,4,0,0,3,0,0.48,0.00,0.48,0.48,0.48,25,10,40.0,2.98,1.19,0.16,0.40,,50,55.9,78,3,9,32,0,1.07,8,13,-5,-0.60,-0.29,0,25,15,6,2,2,3,,,0,Ligue-2,60,2021-2022
Kevin Schur,fr FRA,"MF,FW",Bastia,30,1990,13,10,928,10.3,2,0,2,0,0,4,0,0.19,0.00,0.19,0.19,0.19,13,9,69.2,1.26,0.87,0.15,0.22,,71,68.7,82,7,3,36,0,1.08,8,10,-2,-0.19,+0.23,0,11,10,0,18,7,5,,,0,Ligue-2,60,2021-2022
Désiré Segbé Azankpo,bj BEN,"FW,MF",Dunkerque,28,1993,12,8,684,7.6,1,0,1,0,0,0,0,0.13,0.00,0.13,0.13,0.13,17,6,35.3,2.24,0.79,0.06,0.17,,57,50.7,78,3,4,15,1,1.00,7,8,-1,-0.13,+0.27,0,19,3,2,13,1,3,,,0,Ligue-2,60,2021-2022
Manuel Semedo,pt POR,FW,Dunkerque,21,2000,2,0,29,0.3,0,0,0,0,0,0,0,0.00,0.00,0.00,0.00,0.00,0,0,,0.00,0.00,,,,15,2.1,,0,2,15,1,0.00,0,1,-1,-3.10,-2.90,0,2,0,0,1,0,0,,,0,Ligue-2,60,2021-2022
Marvin Senaya,tg TOG,DF,Sochaux,20,2001,7,3,311,3.5,0,0,0,0,0,1,0,0.00,0.00,0.00,0.00,0.00,1,0,0.0,0.29,0.00,0.00,,,44,23.0,86,2,4,14,2,2.14,4,1,+3,+0.87,+0.61,0,7,6,0,7,12,8,,,0,Ligue-2,60,2021-2022
Steve Shamal,fr FRA,MF,Caen,25,1996,13,5,595,6.6,1,0,1,0,0,0,0,0.15,0.00,0.15,0.15,0.15,14,2,14.3,2.12,0.30,0.07,0.50,,46,44.1,70,1,8,31,1,1.23,7,4,+3,+0.45,+0.81,0,8,5,2,25,6,5,,,0,Ligue-2,60,2021-2022
Mahame Siby,ml MLI,MF,Paris FC,25,1996,4,4,359,4.0,1,0,1,0,0,0,0,0.25,0.00,0.25,0.25,0.25,5,3,60.0,1.25,0.75,0.20,0.33,,90,26.6,90,3,0,,0,1.75,4,3,+1,+0.25,+0.07,0,3,1,1,4,1,2,,,0,Ligue-2,60,2021-2022
Kalidou Sidibé,fr FRA,"MF,DF",Quevilly-Rouen,22,1999,8,8,697,7.7,1,0,1,0,0,4,0,0.13,0.00,0.13,0.13,0.13,6,2,33.3,0.77,0.26,0.17,0.50,,87,51.6,87,6,0,,0,1.13,6,8,-2,-0.26,+0.29,0,19,27,0,0,11,13,,,0,Ligue-2,60,2021-2022
Elliot Simoes,ao ANG,"MF,FW",Nancy,21,1999,8,2,199,2.2,0,0,0,0,0,0,0,0.00,0.00,0.00,0.00,0.00,2,1,50.0,0.90,0.45,0.00,0.00,,25,14.7,52,0,6,16,0,1.13,2,4,-2,-0.90,-0.12,0,4,3,0,11,1,3,,,0,Ligue-2,60,2021-2022
Lassine Sinayoko,ml MLI,"FW,MF",Auxerre,21,1999,13,7,665,7.4,1,3,1,0,0,4,0,0.14,0.41,0.54,0.14,0.54,21,8,38.1,2.84,1.08,0.05,0.13,,51,49.3,82,2,6,16,0,2.00,15,6,+9,+1.22,+1.09,0,21,9,5,5,2,8,,,0,Ligue-2,60,2021-2022
Ibrahim Sissoko,ml MLI,FW,Niort,25,1995,5,1,132,1.5,1,0,1,0,0,1,0,0.68,0.00,0.68,0.68,0.68,4,2,50.0,2.73,1.36,0.25,0.50,,26,9.8,59,0,4,18,0,1.40,2,2,0,0.00,0.00,0,2,2,1,1,0,2,,,0,Ligue-2,60,2021-2022
Maxime Sivis,fr FRA,DF,Guingamp,23,1998,6,6,523,5.8,2,0,2,0,0,1,0,0.34,0.00,0.34,0.34,0.34,6,3,50.0,1.03,0.52,0.33,0.67,,87,38.7,87,5,0,,0,1.33,10,10,0,0.00,+0.22,0,4,10,1,14,4,6,,,0,Ligue-2,60,2021-2022
Naatan Skyttä,fi FIN,MF,Toulouse,19,2002,4,0,67,0.7,0,0,0,0,0,0,0,0.00,0.00,0.00,0.00,0.00,2,0,0.0,2.69,0.00,0.00,,,17,5.0,,0,4,17,6,1.75,1,0,+1,+1.34,+0.08,0,0,1,0,0,0,0,,,0,Ligue-2,60,2021-2022
Soares,gw GNB,DF,Nancy,20,2001,1,0,2,0.0,0,0,0,0,0,0,0,0.00,0.00,0.00,0.00,0.00,0,0,,0.00,0.00,,,,2,0.1,,0,1,2,1,0.00,0,0,0,0.00,+0.80,0,0,0,0,0,0,0,,,0,Ligue-2,60,2021-2022
François-Joseph Sollacaro,fr FRA,GK,Ajaccio,27,1994,2,2,180,2.0,0,0,0,0,0,1,0,0.00,0.00,0.00,0.00,0.00,0,0,,0.00,0.00,,,,90,13.3,90,2,0,,11,2.33,5,1,+4,+2.00,+1.62,0,0,0,0,0,0,0,,,0,Ligue-2,60,2021-2022
Bryan Soumaré,fr FRA,MF,Dijon,22,1999,6,6,409,4.5,0,1,0,0,0,0,0,0.00,0.22,0.22,0.00,0.22,4,3,75.0,0.88,0.66,0.00,0.00,,68,30.3,68,1,0,,0,0.17,3,8,-5,-1.10,-0.91,0,1,9,0,20,1,2,,,0,Ligue-2,60,2021-2022
Yaya Soumaré,fr FRA,"MF,FW",Dijon,21,2000,5,3,294,3.3,0,0,0,0,0,0,0,0.00,0.00,0.00,0.00,0.00,2,0,0.0,0.61,0.00,0.00,,,59,21.8,79,0,2,29,5,0.20,5,8,-3,-0.92,-0.58,0,5,5,1,3,4,3,,,0,Ligue-2,60,2021-2022
Maxime Spano,dz ALG,DF,Valenciennes,27,1994,6,5,419,4.7,0,0,0,0,0,0,0,0.00,0.00,0.00,0.00,0.00,1,0,0.0,0.21,0.00,0.00,,,70,31.0,81,3,1,16,5,1.50,5,10,-5,-1.07,-0.59,0,2,3,0,0,1,3,,,0,Ligue-2,60,2021-2022
Stijn Spierings,nl NED,"MF,DF",Toulouse,25,1996,14,11,993,11.0,1,3,1,0,0,5,0,0.09,0.27,0.36,0.09,0.36,9,3,33.3,0.82,0.27,0.11,0.33,,71,73.6,87,9,3,11,0,1.93,19,10,+9,+0.82,-1.71,0,16,8,0,7,20,15,,,0,Ligue-2,60,2021-2022
Bart Straalman,nl NED,DF,Grenoble,25,1996,1,1,42,0.5,0,0,0,0,0,0,0,0.00,0.00,0.00,0.00,0.00,0,0,,0.00,0.00,,,,42,3.1,42,0,0,,0,0.00,0,1,-1,-2.14,-2.01,0,0,0,0,0,0,0,,,0,Ligue-2,60,2021-2022
Harouna Sy,fr FRA,"DF,MF",Amiens,25,1996,11,10,816,9.1,0,0,0,0,0,1,0,0.00,0.00,0.00,0.00,0.00,2,0,0.0,0.22,0.00,0.00,,,74,60.4,82,6,1,1,2,1.00,7,9,-2,-0.22,-0.22,0,9,11,1,25,18,10,,,0,Ligue-2,60,2021-2022
Harouna Sy,fr FRA,DF,Dunkerque,25,1996,1,1,90,1.0,0,1,0,0,0,1,0,0.00,1.00,1.00,0.00,1.00,1,1,100.0,1.00,1.00,0.00,0.00,,90,6.7,90,1,0,,0,1.00,1,1,0,0.00,+0.29,0,2,5,0,1,0,0,,,0,Ligue-2,60,2021-2022
Issiaga Sylla,gn GUI,"DF,MF",Toulouse,27,1994,12,12,1016,11.3,0,1,0,0,0,2,0,0.00,0.09,0.09,0.00,0.09,2,0,0.0,0.18,0.00,0.00,,,85,75.3,85,11,0,,0,2.08,27,9,+18,+1.59,+1.33,0,10,8,4,37,19,22,,,0,Ligue-2,60,2021-2022
Jules Sylvestre Brac,fr FRA,DF,Grenoble,23,1998,8,4,421,4.7,1,0,1,0,0,0,0,0.21,0.00,0.21,0.21,0.21,3,1,33.3,0.64,0.21,0.33,1.00,,53,31.2,90,4,4,15,6,1.75,8,6,+2,+0.43,+0.91,0,4,0,0,2,16,3,,,0,Ligue-2,60,2021-2022
Eddy Sylvestre,fr FRA,MF,Pau FC,22,1999,13,4,368,4.1,0,0,0,0,0,2,0,0.00,0.00,0.00,0.00,0.00,5,1,20.0,1.22,0.24,0.00,0.00,,28,27.3,65,0,9,12,1,1.54,5,3,+2,+0.49,+0.76,0,11,10,0,12,5,8,,,0,Ligue-2,60,2021-2022
Robin Taillan,fr FRA,DF,Quevilly-Rouen,29,1992,1,0,10,0.1,0,0,0,0,0,0,0,0.00,0.00,0.00,0.00,0.00,0,0,,0.00,0.00,,,,10,0.7,,0,1,10,1,1.00,0,0,0,0.00,+0.40,0,0,0,0,0,0,0,,,0,Ligue-2,60,2021-2022
Amine Talal,ma MAR,MF,Bastia,25,1996,7,7,511,5.7,0,0,0,0,0,0,0,0.00,0.00,0.00,0.00,0.00,10,4,40.0,1.76,0.70,0.00,0.00,,73,37.9,73,2,0,,0,1.14,5,6,-1,-0.18,+0.15,0,8,19,0,9,2,4,,,0,Ligue-2,60,2021-2022
Adil Taoui,fr FRA,"MF,FW",Bastia,20,2001,7,4,384,4.3,0,0,0,0,0,0,0,0.00,0.00,0.00,0.00,0.00,6,2,33.3,1.41,0.47,0.00,0.00,,55,28.4,68,0,3,37,2,0.43,1,5,-4,-0.94,-0.94,0,6,7,3,13,3,4,,,0,Ligue-2,60,2021-2022
Arnaud Tattevin,cf CTA,"MF,FW",Paris FC,21,2000,4,2,149,1.7,1,0,1,0,0,0,0,0.60,0.00,0.60,0.60,0.60,7,5,71.4,4.23,3.02,0.14,0.20,,37,11.0,59,0,2,16,2,0.75,2,1,+1,+0.60,+0.45,0,2,2,0,1,0,2,,,0,Ligue-2,60,2021-2022
Malik Tchokounté,fr FRA,FW,Dunkerque,33,1988,15,14,1221,13.6,5,1,5,0,0,2,0,0.37,0.07,0.44,0.37,0.44,23,8,34.8,1.70,0.59,0.22,0.63,,81,90.4,86,11,1,22,0,1.07,14,15,-1,-0.07,+2.02,0,27,30,13,9,4,8,,,0,Ligue-2,60,2021-2022
Hermann Tebily,fr FRA,FW,Sochaux,19,2002,10,2,208,2.3,0,0,0,0,0,1,0,0.00,0.00,0.00,0.00,0.00,5,1,20.0,2.16,0.43,0.00,0.00,,21,15.4,53,0,8,13,4,1.90,3,3,0,0.00,-0.47,0,10,3,4,5,1,2,,,0,Ligue-2,60,2021-2022
Alexandre Tegar,fr FRA,DF,Quevilly-Rouen,21,2000,4,4,360,4.0,0,0,0,0,0,0,0,0.00,0.00,0.00,0.00,0.00,0,0,,0.00,0.00,,,,90,26.7,90,4,0,,1,1.50,6,6,0,0.00,+0.55,0,4,2,0,0,9,9,,,0,Ligue-2,60,2021-2022
Demba Thiam,fr FRA,"DF,MF",Dunkerque,31,1989,14,13,1180,13.1,0,2,0,0,0,1,0,0.00,0.15,0.15,0.00,0.15,2,0,0.0,0.15,0.00,0.00,,,84,87.4,90,13,1,10,0,0.93,11,16,-5,-0.38,-0.91,0,10,25,0,36,20,10,,,0,Ligue-2,60,2021-2022
Mamadou Thiam,sn SEN,"MF,FW",Nancy,26,1995,14,8,698,7.8,1,1,1,0,0,0,0,0.13,0.13,0.26,0.13,0.26,19,5,26.3,2.45,0.64,0.05,0.20,,50,51.7,76,3,6,16,0,0.79,5,14,-9,-1.16,-0.75,0,8,7,1,33,2,5,,,1,Ligue-2,60,2021-2022
Jamal Thiaré,sn SEN,FW,Le Havre,28,1993,12,11,931,10.3,3,3,3,0,0,0,0,0.29,0.29,0.58,0.29,0.58,20,5,25.0,1.93,0.48,0.15,0.60,,78,69.0,82,6,1,28,0,1.75,11,5,+6,+0.58,+0.58,0,9,30,0,3,3,6,,,0,Ligue-2,60,2021-2022
Ousseynou Thioune,sn SEN,MF,Sochaux,27,1993,15,15,1247,13.9,0,0,0,0,0,3,0,0.00,0.00,0.00,0.00,0.00,6,2,33.3,0.43,0.14,0.00,0.00,,83,92.4,83,6,0,,0,1.87,11,7,+4,+0.29,-1.46,0,20,29,0,4,25,15,,,0,Ligue-2,60,2021-2022
Tyron Tormin,fr FRA,MF,Niort,20,2001,2,1,82,0.9,0,0,0,0,0,0,0,0.00,0.00,0.00,0.00,0.00,1,0,0.0,1.10,0.00,0.00,,,41,6.1,70,0,1,12,2,0.50,0,2,-2,-2.20,-2.34,0,0,2,0,0,2,4,,,0,Ligue-2,60,2021-2022
Birama Touré,ml MLI,MF,Auxerre,29,1992,13,13,1136,12.6,1,0,1,0,0,2,1,0.08,0.00,0.08,0.08,0.08,8,2,25.0,0.63,0.16,0.13,0.50,,87,84.1,87,12,0,,0,2.00,23,13,+10,+0.79,+0.79,0,18,17,0,4,24,20,,,0,Ligue-2,60,2021-2022
Souleymane Touré,fr FRA,DF,Le Havre,18,2003,7,4,398,4.4,0,0,0,0,0,1,0,0.00,0.00,0.00,0.00,0.00,2,1,50.0,0.45,0.23,0.00,0.00,,57,29.5,79,2,3,28,2,2.29,6,3,+3,+0.68,+0.39,0,3,6,1,0,6,3,,,0,Ligue-2,60,2021-2022
Zargo Touré,sn SEN,DF,Dijon,31,1989,2,2,148,1.6,0,0,0,0,0,0,0,0.00,0.00,0.00,0.00,0.00,1,0,0.0,0.61,0.00,0.00,,,74,11.0,74,1,0,,2,0.00,0,3,-3,-1.82,-1.52,0,0,2,0,0,2,2,,,0,Ligue-2,60,2021-2022
Brahim Traoré,fr FRA,"MF,DF",Caen,17,2004,4,2,164,1.8,0,0,0,0,0,0,0,0.00,0.00,0.00,0.00,0.00,1,0,0.0,0.55,0.00,0.00,,,41,12.1,68,1,2,15,8,0.50,2,2,0,0.00,0.00,0,0,3,0,0,4,1,,,0,Ligue-2,60,2021-2022
Cheick Traoré,ml MLI,"DF,MF",Dijon,26,1995,11,10,880,9.8,0,0,0,0,0,4,1,0.00,0.00,0.00,0.00,0.00,1,0,0.0,0.10,0.00,0.00,,,80,65.2,84,9,1,45,1,1.09,11,14,-3,-0.31,+0.46,0,23,11,0,29,9,12,,,0,Ligue-2,60,2021-2022
Gaoussou Traoré,fr FRA,MF,Amiens,21,1999,2,1,67,0.7,0,0,0,0,0,0,0,0.00,0.00,0.00,0.00,0.00,0,0,,0.00,0.00,,,,34,5.0,66,0,1,1,2,0.50,1,1,0,0.00,+0.14,0,0,0,0,0,0,0,,,0,Ligue-2,60,2021-2022
Vinni Triboulet,fr FRA,"FW,MF",Nancy,22,1999,12,7,618,6.9,1,0,1,0,0,0,0,0.15,0.00,0.15,0.15,0.15,16,3,18.8,2.33,0.44,0.06,0.33,,52,45.8,74,1,5,20,2,0.75,6,8,-2,-0.29,+0.94,0,11,7,2,1,3,13,,,0,Ligue-2,60,2021-2022
Driss Trichard,fr FRA,"MF,DF",Dunkerque,26,1995,9,7,645,7.2,0,0,0,0,0,0,0,0.00,0.00,0.00,0.00,0.00,0,0,,0.00,0.00,,,,72,47.8,86,6,2,21,2,1.56,9,7,+2,+0.28,+1.05,0,12,8,0,22,9,10,,,0,Ligue-2,60,2021-2022
Nathan Trott,eng ENG,GK,Nancy,22,1998,12,12,1080,12.0,0,0,0,0,0,1,0,0.00,0.00,0.00,0.00,0.00,0,0,,0.00,0.00,,,,90,80.0,90,12,0,,2,0.83,9,20,-11,-0.92,-0.58,0,1,2,0,0,1,0,,,0,Ligue-2,60,2021-2022
Alexis Trouillet,fr FRA,MF,Auxerre,20,2000,5,2,157,1.7,0,2,0,0,0,0,0,0.00,1.15,1.15,0.00,1.15,5,3,60.0,2.87,1.72,0.00,0.00,,31,11.6,64,0,3,10,1,2.60,6,1,+5,+2.87,+2.49,0,2,2,0,0,2,3,,,0,Ligue-2,60,2021-2022
Naomichi Ueda,jp JPN,DF,Nîmes,27,1994,13,13,1164,12.9,0,0,0,0,0,1,0,0.00,0.00,0.00,0.00,0.00,5,2,40.0,0.39,0.15,0.00,0.00,,90,86.2,90,12,0,,2,1.31,16,16,0,0.00,+0.97,0,4,9,1,1,9,8,,,0,Ligue-2,60,2021-2022
Jérémy Vachoux,fr FRA,GK,Dunkerque,27,1994,6,6,539,6.0,0,0,0,0,0,1,0,0.00,0.00,0.00,0.00,0.00,0,0,,0.00,0.00,,,,90,39.9,90,5,0,,6,1.67,7,6,+1,+0.17,+0.72,0,0,1,0,0,0,0,,,0,Ligue-2,60,2021-2022
Antoine Valerio,fr FRA,MF,Nîmes,21,1999,11,4,384,4.3,0,0,0,0,0,0,0,0.00,0.00,0.00,0.00,0.00,4,1,25.0,0.94,0.23,0.00,0.00,,35,28.4,82,2,7,8,4,1.18,5,5,0,0.00,+0.19,0,6,3,0,3,6,6,,,0,Ligue-2,60,2021-2022
Baptiste Valette,fr FRA,GK,Nancy,29,1992,3,3,270,3.0,0,0,0,0,0,0,0,0.00,0.00,0.00,0.00,0.00,0,0,,0.00,0.00,,,,90,20.0,90,3,0,,12,0.67,3,4,-1,-0.33,+0.58,0,0,2,0,0,0,0,,,0,Ligue-2,60,2021-2022
Lenny Vallier,fr FRA,MF,Niort,22,1999,14,12,969,10.8,2,2,2,0,0,3,0,0.19,0.19,0.37,0.19,0.37,12,4,33.3,1.11,0.37,0.17,0.50,,69,71.8,78,2,2,16,0,1.43,14,12,+2,+0.19,+0.66,0,9,17,1,11,8,16,,,0,Ligue-2,60,2021-2022
Thomas Vannoye,fr FRA,DF,Dunkerque,23,1998,9,7,721,8.0,0,0,0,0,0,1,0,0.00,0.00,0.00,0.00,0.00,4,0,0.0,0.50,0.00,0.00,,,80,53.4,90,7,2,46,0,0.67,5,11,-6,-0.75,-1.04,0,7,4,1,2,24,13,,,1,Ligue-2,60,2021-2022
Clément Vidal,fr FRA,DF,Ajaccio,21,2000,10,5,427,4.7,0,0,0,0,0,3,1,0.00,0.00,0.00,0.00,0.00,3,2,66.7,0.63,0.42,0.00,0.00,,43,31.6,79,4,5,6,3,1.50,5,2,+3,+0.63,+0.05,1,5,3,0,5,6,5,,,0,Ligue-2,60,2021-2022
Malcolm Viltard,fr FRA,MF,Sochaux,19,2002,1,0,5,0.1,0,0,0,0,0,0,0,0.00,0.00,0.00,0.00,0.00,0,0,,0.00,0.00,,,,5,0.4,,0,1,5,1,1.00,0,0,0,0.00,-0.40,0,0,1,0,0,1,0,,,0,Ligue-2,60,2021-2022
Thomas Vincensini,fr FRA,GK,Bastia,28,1993,15,15,1350,15.0,0,0,0,0,0,0,0,0.00,0.00,0.00,0.00,0.00,0,0,,0.00,0.00,,,,90,100.0,90,15,0,,0,1.00,12,16,-4,-0.27,,0,0,2,0,0,0,0,,,0,Ligue-2,60,2021-2022
Christophe Vincent,fr FRA,MF,Bastia,28,1992,15,14,1210,13.4,0,1,0,0,0,3,0,0.00,0.07,0.07,0.00,0.07,10,4,40.0,0.74,0.30,0.00,0.00,,81,89.6,85,10,1,23,0,1.00,10,15,-5,-0.37,-1.01,0,19,16,6,12,10,14,,,0,Ligue-2,60,2021-2022
Alan Virginius,fr FRA,MF,Sochaux,18,2003,10,1,179,2.0,2,1,2,0,0,0,0,1.01,0.50,1.51,1.01,1.51,3,2,66.7,1.51,1.01,0.67,1.00,,18,13.3,45,0,9,15,2,1.50,3,3,0,0.00,-0.46,0,1,4,0,10,3,2,,,0,Ligue-2,60,2021-2022
Franklin Wadja,cm CMR,MF,Caen,26,1995,11,8,730,8.1,1,0,1,0,0,2,0,0.12,0.00,0.12,0.12,0.12,9,1,11.1,1.11,0.12,0.11,1.00,,66,54.1,79,5,3,33,0,1.27,8,9,-1,-0.12,-0.27,0,13,9,0,1,13,17,,,0,Ligue-2,60,2021-2022
Abdelwahed Wahib,ma MAR,DF,Le Havre,21,2000,3,1,142,1.6,0,0,0,0,0,0,0,0.00,0.00,0.00,0.00,0.00,0,0,,0.00,0.00,,,,47,10.5,90,1,2,26,8,1.00,1,1,0,0.00,-0.45,0,3,0,0,3,4,0,,,0,Ligue-2,60,2021-2022
Gaëtan Weissbeck,fr FRA,MF,Sochaux,24,1997,14,13,1177,13.1,2,1,2,0,0,3,0,0.15,0.08,0.23,0.15,0.23,38,17,44.7,2.91,1.30,0.05,0.12,,84,87.2,88,10,1,31,0,1.79,10,6,+4,+0.31,-0.73,0,23,13,1,55,14,10,,,0,Ligue-2,60,2021-2022
Matthéo Xantippe,fr FRA,"DF,MF",Amiens,19,2002,8,5,497,5.5,0,1,0,0,0,1,0,0.00,0.18,0.18,0.00,0.18,1,0,0.0,0.18,0.00,0.00,,,62,36.8,85,3,3,24,5,0.88,8,7,+1,+0.18,+0.50,0,6,2,1,16,13,5,,,0,Ligue-2,60,2021-2022
Sambou Yatabaré,ml MLI,"MF,FW",Valenciennes,32,1989,10,7,632,7.0,1,0,1,0,0,3,0,0.14,0.00,0.14,0.14,0.14,8,1,12.5,1.14,0.14,0.13,1.00,,63,46.8,81,4,3,22,0,0.90,7,13,-6,-0.85,-0.35,0,21,5,1,17,9,13,,,0,Ligue-2,60,2021-2022
Samuel Yohou,fr FRA,DF,Dunkerque,30,1991,6,6,500,5.6,0,0,0,0,0,0,0,0.00,0.00,0.00,0.00,0.00,2,1,50.0,0.36,0.18,0.00,0.00,,83,37.0,83,2,0,,3,1.67,7,4,+3,+0.54,+1.28,0,1,5,1,0,13,3,,,0,Ligue-2,60,2021-2022
Darlin Yongwa,cm CMR,DF,Niort,21,2000,14,14,1233,13.7,0,0,0,0,0,4,1,0.00,0.00,0.00,0.00,0.00,9,1,11.1,0.66,0.07,0.00,0.00,,88,91.3,88,13,0,,0,1.29,14,15,-1,-0.07,-0.84,1,24,28,1,23,27,20,,,0,Ligue-2,60,2021-2022
Wilitty Younoussa,cm CMR,"MF,DF",Dijon,20,2001,9,7,619,6.9,0,1,0,0,0,3,0,0.00,0.15,0.15,0.00,0.15,14,2,14.3,2.04,0.29,0.00,0.00,,69,45.9,83,4,2,20,2,1.33,8,9,-1,-0.15,+0.59,0,12,11,0,3,13,16,,,0,Ligue-2,60,2021-2022
Mohamed Youssouf,km COM,"DF,MF",Ajaccio,33,1988,10,8,676,7.5,0,0,0,0,0,2,0,0.00,0.00,0.00,0.00,0.00,0,0,,0.00,0.00,,,,68,50.1,81,7,2,15,0,2.20,12,3,+9,+1.20,+1.20,0,8,7,1,13,12,4,,,0,Ligue-2,60,2021-2022
Bohui Zabou,fr FRA,"FW,MF",Quevilly-Rouen,25,1996,13,4,537,6.0,0,1,0,0,0,1,0,0.00,0.17,0.17,0.00,0.17,11,4,36.4,1.84,0.67,0.00,0.00,,41,39.8,89,2,9,20,1,1.00,4,9,-5,-0.84,-0.73,0,11,11,4,9,6,8,,,0,Ligue-2,60,2021-2022
Caleb Zady Sery,ci CIV,MF,Caen,21,1999,13,11,978,10.9,0,0,0,0,0,1,0,0.00,0.00,0.00,0.00,0.00,18,3,16.7,1.66,0.28,0.00,0.00,,75,72.4,85,6,2,23,0,1.08,13,13,0,0.00,0.00,0,12,22,0,12,5,5,,,0,Ligue-2,60,2021-2022
Mootaz Zemzemi,tn TUN,MF,Niort,22,1999,12,10,847,9.4,1,2,1,0,0,2,0,0.11,0.21,0.32,0.11,0.32,18,4,22.2,1.91,0.43,0.06,0.25,,71,62.7,81,4,2,19,0,1.42,12,11,+1,+0.11,+0.29,0,13,11,2,43,3,6,,,0,Ligue-2,60,2021-2022
Aeron Zinga,fr FRA,DF,Valenciennes,21,2000,2,0,17,0.2,0,0,0,0,0,0,0,0.00,0.00,0.00,0.00,0.00,1,0,0.0,5.29,0.00,0.00,,,9,1.3,,0,2,9,0,0.00,0,0,0,0.00,+0.68,0,1,0,0,0,0,0,,,0,Ligue-2,60,2021-2022
Stéphane Zobo,cm CMR,FW,Toulouse,21,2000,1,0,11,0.1,0,0,0,0,0,0,0,0.00,0.00,0.00,0.00,0.00,1,1,100.0,8.18,8.18,0.00,0.00,,11,0.8,,0,1,11,1,1.00,0,0,0,0.00,-1.28,0,0,0,0,0,0,1,,,0,Ligue-2,60,2021-2022
