Wk,Day,Date,Time,Home,xG,Score,xG.1,Away,Attendance,Venue,Referee,League Name,League ID,Season
1.0,Fri,2017-08-04,20:45,Monaco,1.8,3–2,0.3,Toulouse,13572.0,Stade Louis II.,Clément Turpin,Ligue-1,13,2017-2018
1.0,Sat,2017-08-05,17:15,Paris S-G,2.2,2–0,0.1,Amiens,46898.0,Parc des Princes,Mikael Lesage,Ligue-1,13,2017-2018
1.0,Sat,2017-08-05,20:00,Troyes,1.5,1–1,2.3,Rennes,9968.0,Stade de l'Aube,Karim Abed,Ligue-1,13,2017-2018
1.0,Sat,2017-08-05,20:00,Lyon,2.2,4–0,0.3,Strasbourg,1979.0,Groupama Stadium,Ruddy Buquet,Ligue-1,13,2017-2018
1.0,Sat,2017-08-05,20:00,Montpellier,0.9,1–0,0.5,Caen,14725.0,Stade de la Mosson,Thomas Léonard,Ligue-1,13,2017-2018
1.0,Sat,2017-08-05,20:00,Saint-Étienne,0.8,1–0,0.4,Nice,25879.0,Stade Geoffroy-Guichard,François Letexier,Ligue-1,13,2017-2018
1.0,Sat,2017-08-05,20:00,Metz,1.1,1–3,1.7,Guingamp,14595.0,Stade Saint-Symphorien,Jérôme Miguelgorry,Ligue-1,13,2017-2018
1.0,Sun,2017-08-06,15:00,Lille,1.9,3–0,1.2,Nantes,30683.0,Stade Pierre-Mauroy,Benoît Millot,Ligue-1,13,2017-2018
1.0,Sun,2017-08-06,17:00,Angers,1.1,2–2,1.6,Bordeaux,11767.0,Stade Raymond Kopa,Sébastien Desiage,Ligue-1,13,2017-2018
1.0,Sun,2017-08-06,21:00,Marseille,3.1,3–0,0.7,Dijon,50904.0,Orange Vélodrome,Benoît Bastien,Ligue-1,13,2017-2018
,,,,,,,,,,,,Ligue-1,13,2017-2018
2.0,Fri,2017-08-11,19:00,Nice,2.3,1–2,0.9,Troyes,24260.0,Stade de Nice,Olivier Thual,Ligue-1,13,2017-2018
2.0,Fri,2017-08-11,20:45,Rennes,1.1,1–2,1.8,Lyon,24944.0,Roazhon Park,Nicolas Rainville,Ligue-1,13,2017-2018
2.0,Sat,2017-08-12,17:00,Nantes,1.3,0–1,1.8,Marseille,33654.0,Stade de la Beaujoire - Louis Fonteneau,Ruddy Buquet,Ligue-1,13,2017-2018
2.0,Sat,2017-08-12,20:00,Bordeaux,1.8,2–0,0.4,Metz,22095.0,Stade Matmut-Atlantique,Mikael Lesage,Ligue-1,13,2017-2018
2.0,Sat,2017-08-12,20:00,Toulouse,1.7,1–0,0.8,Montpellier,11876.0,Stadium Municipal,Ruddy Buquet,Ligue-1,13,2017-2018
2.0,Sat,2017-08-12,20:00,Amiens,0.7,0–2,1.8,Angers,7772.0,Stade de la Licorne,Hakim Ben El Hadj Salem,Ligue-1,13,2017-2018
2.0,Sat,2017-08-12,20:00,Caen,0.9,0–1,1.2,Saint-Étienne,17606.0,Stade Michel d'Ornano,Stéphane Jochem,Ligue-1,13,2017-2018
2.0,Sun,2017-08-13,15:00,Strasbourg,3.4,3–0,0.8,Lille,25591.0,Stade de la Meinau,Johan Hamel,Ligue-1,13,2017-2018
2.0,Sun,2017-08-13,17:00,Dijon,1.4,1–4,1.6,Monaco,14295.0,Stade Gaston Gérard,Tony Chapron,Ligue-1,13,2017-2018
2.0,Sun,2017-08-13,21:00,Guingamp,0.1,0–3,2.5,Paris S-G,18378.0,Stade du Roudourou,Antony Gautier,Ligue-1,13,2017-2018
3.0,Fri,2017-08-18,20:45,Metz,0.8,0–1,1.8,Monaco,18136.0,Stade Saint-Symphorien,François Letexier,Ligue-1,13,2017-2018
3.0,Sat,2017-08-19,17:00,Lyon,0.5,3–3,1.4,Bordeaux,42073.0,Groupama Stadium,Clément Turpin,Ligue-1,13,2017-2018
3.0,Sat,2017-08-19,20:00,Nice,1.5,2–0,0.6,Guingamp,21070.0,Stade de Nice,Benoît Millot,Ligue-1,13,2017-2018
3.0,Sat,2017-08-19,20:00,Troyes,0.6,0–1,0.8,Nantes,11035.0,Stade de l'Aube,Sébastien Desiage,Ligue-1,13,2017-2018
3.0,Sat,2017-08-19,20:00,Montpellier,1.4,1–1,0.8,Strasbourg,12585.0,Stade de la Mosson,Hakim Ben El Hadj Salem,Ligue-1,13,2017-2018
3.0,Sat,2017-08-19,20:00,Saint-Étienne,3.0,3–0,1.0,Amiens,30004.0,Stade Geoffroy-Guichard,Jérôme Brisard,Ligue-1,13,2017-2018
3.0,Sat,2017-08-19,20:00,Rennes,1.4,2–2,1.8,Dijon,16888.0,Roazhon Park,Thomas Léonard,Ligue-1,13,2017-2018
3.0,Sun,2017-08-20,15:00,Lille,0.7,0–2,1.4,Caen,28740.0,Stade Pierre-Mauroy,Karim Abed,Ligue-1,13,2017-2018
3.0,Sun,2017-08-20,17:00,Marseille,0.7,1–1,0.7,Angers,51966.0,Orange Vélodrome,Jérôme Miguelgorry,Ligue-1,13,2017-2018
3.0,Sun,2017-08-20,21:00,Paris S-G,2.8,6–2,0.5,Toulouse,47221.0,Parc des Princes,Amaury Delerue,Ligue-1,13,2017-2018
4.0,Fri,2017-08-25,20:45,Paris S-G,2.0,3–0,0.9,Saint-Étienne,46957.0,Parc des Princes,Clément Turpin,Ligue-1,13,2017-2018
4.0,Sat,2017-08-26,17:15,Nantes,0.6,0–0,1.1,Lyon,30718.0,Stade de la Beaujoire - Louis Fonteneau,Antony Gautier,Ligue-1,13,2017-2018
4.0,Sat,2017-08-26,20:00,Bordeaux,2.5,2–1,0.5,Troyes,19002.0,Stade Matmut-Atlantique,Tony Chapron,Ligue-1,13,2017-2018
4.0,Sat,2017-08-26,20:00,Caen,1.6,1–0,0.6,Metz,15697.0,Stade Michel d'Ornano,Jérôme Brisard,Ligue-1,13,2017-2018
4.0,Sat,2017-08-26,20:00,Toulouse,2.4,3–2,0.9,Rennes,10651.0,Stadium Municipal,Franck Schneider,Ligue-1,13,2017-2018
4.0,Sat,2017-08-26,20:00,Amiens,1.4,3–0,0.3,Nice,7922.0,Stade de la Licorne,Johan Hamel,Ligue-1,13,2017-2018
4.0,Sat,2017-08-26,20:00,Dijon,1.5,2–1,1.6,Montpellier,10902.0,Stade Gaston Gérard,Stéphane Jochem,Ligue-1,13,2017-2018
4.0,Sun,2017-08-27,15:00,Guingamp,2.3,2–0,1.2,Strasbourg,13061.0,Stade du Roudourou,Mikael Lesage,Ligue-1,13,2017-2018
4.0,Sun,2017-08-27,17:00,Angers,0.7,1–1,0.9,Lille,10284.0,Stade Raymond Kopa,Nicolas Rainville,Ligue-1,13,2017-2018
4.0,Sun,2017-08-27,21:00,Monaco,3.9,6–1,1.1,Marseille,16353.0,Stade Louis II.,Ruddy Buquet,Ligue-1,13,2017-2018
5.0,Fri,2017-09-08,19:00,Lille,0.3,0–0,0.9,Bordeaux,27464.0,Stade Pierre-Mauroy,François Letexier,Ligue-1,13,2017-2018
5.0,Fri,2017-09-08,20:45,Metz,1.1,1–5,4.6,Paris S-G,25015.0,Stade Saint-Symphorien,Sébastien Desiage,Ligue-1,13,2017-2018
5.0,Sat,2017-09-09,17:00,Nice,2.4,4–0,0.9,Monaco,28995.0,Stade de Nice,Clément Turpin,Ligue-1,13,2017-2018
5.0,Sat,2017-09-09,20:00,Caen,1.5,2–1,0.6,Dijon,15328.0,Stade Michel d'Ornano,Thomas Léonard,Ligue-1,13,2017-2018
5.0,Sat,2017-09-09,20:00,Strasbourg,0.5,0–1,0.2,Amiens,23424.0,Stade de la Meinau,Jérôme Brisard,Ligue-1,13,2017-2018
5.0,Sat,2017-09-09,20:00,Troyes,0.8,0–0,0.2,Toulouse,1060.0,Stade de l'Aube,Hakim Ben El Hadj Salem,Ligue-1,13,2017-2018
5.0,Sat,2017-09-09,20:00,Montpellier,0.8,0–1,0.7,Nantes,10298.0,Stade de la Mosson,Jérôme Miguelgorry,Ligue-1,13,2017-2018
5.0,Sun,2017-09-10,15:00,Saint-Étienne,0.7,1–1,1.9,Angers,29740.0,Stade Geoffroy-Guichard,Karim Abed,Ligue-1,13,2017-2018
5.0,Sun,2017-09-10,17:00,Lyon,0.8,2–1,0.9,Guingamp,36697.0,Groupama Stadium,Benoît Millot,Ligue-1,13,2017-2018
5.0,Sun,2017-09-10,21:00,Marseille,1.0,1–3,2.0,Rennes,40343.0,Orange Vélodrome,Amaury Delerue,Ligue-1,13,2017-2018
6.0,Fri,2017-09-15,20:45,Toulouse,1.0,0–1,0.6,Bordeaux,13616.0,Stadium Municipal,Clément Turpin,Ligue-1,13,2017-2018
6.0,Sat,2017-09-16,17:00,Monaco,2.5,3–0,0.6,Strasbourg,8310.0,Stade Louis II.,Johan Hamel,Ligue-1,13,2017-2018
6.0,Sat,2017-09-16,20:00,Dijon,2.1,0–1,1.8,Saint-Étienne,13820.0,Stade Gaston Gérard,Benoît Bastien,Ligue-1,13,2017-2018
6.0,Sat,2017-09-16,20:00,Troyes,0.8,0–1,0.8,Montpellier,11970.0,Stade de l'Aube,Amaury Delerue,Ligue-1,13,2017-2018
6.0,Sat,2017-09-16,20:00,Guingamp,2.0,1–0,0.6,Lille,11901.0,Stade du Roudourou,Jérôme Brisard,Ligue-1,13,2017-2018
6.0,Sat,2017-09-16,20:00,Nantes,1.0,1–0,0.5,Caen,20245.0,Stade de la Beaujoire - Louis Fonteneau,Olivier Thual,Ligue-1,13,2017-2018
6.0,Sun,2017-09-17,15:00,Amiens,0.2,0–2,1.6,Marseille,11698.0,Stade de la Licorne,Mikael Lesage,Ligue-1,13,2017-2018
6.0,Sun,2017-09-17,17:00,Angers,2.0,0–1,1.1,Metz,9163.0,Stade Raymond Kopa,Stéphane Jochem,Ligue-1,13,2017-2018
6.0,Sun,2017-09-17,17:00,Rennes,0.8,0–1,0.6,Nice,24892.0,Roazhon Park,Nicolas Rainville,Ligue-1,13,2017-2018
6.0,Sun,2017-09-17,21:00,Paris S-G,2.1,2–0,0.7,Lyon,47191.0,Parc des Princes,Ruddy Buquet,Ligue-1,13,2017-2018
7.0,Fri,2017-09-22,19:00,Nice,2.1,2–2,1.3,Angers,18023.0,Stade de Nice,François Letexier,Ligue-1,13,2017-2018
7.0,Fri,2017-09-22,20:45,Lille,1.1,0–4,2.6,Monaco,34146.0,Stade Pierre-Mauroy,Franck Schneider,Ligue-1,13,2017-2018
7.0,Sat,2017-09-23,17:00,Montpellier,0.1,0–0,0.9,Paris S-G,20975.0,Stade de la Mosson,Clément Turpin,Ligue-1,13,2017-2018
7.0,Sat,2017-09-23,20:00,Metz,1.2,0–1,0.8,Troyes,15491.0,Stade Saint-Symphorien,Karim Abed,Ligue-1,13,2017-2018
7.0,Sat,2017-09-23,20:00,Lyon,4.1,3–3,1.2,Dijon,33600.0,Groupama Stadium,Antony Gautier,Ligue-1,13,2017-2018
7.0,Sat,2017-09-23,20:00,Bordeaux,3.5,3–1,1.3,Guingamp,20603.0,Stade Matmut-Atlantique,Benoît Bastien,Ligue-1,13,2017-2018
7.0,Sat,2017-09-23,20:00,Caen,2.0,1–0,0.5,Amiens,16212.0,Stade Michel d'Ornano,Hakim Ben El Hadj Salem,Ligue-1,13,2017-2018
7.0,Sun,2017-09-24,15:00,Saint-Étienne,1.9,2–2,1.1,Rennes,31043.0,Stade Geoffroy-Guichard,Jérôme Miguelgorry,Ligue-1,13,2017-2018
7.0,Sun,2017-09-24,17:00,Strasbourg,1.4,1–2,0.6,Nantes,23408.0,Stade de la Meinau,Sébastien Desiage,Ligue-1,13,2017-2018
7.0,Sun,2017-09-24,21:00,Marseille,2.9,2–0,0.5,Toulouse,39501.0,Orange Vélodrome,Benoît Millot,Ligue-1,13,2017-2018
8.0,Fri,2017-09-29,20:45,Monaco,0.9,1–1,1.2,Montpellier,7053.0,Stade Louis II.,Tony Chapron,Ligue-1,13,2017-2018
8.0,Sat,2017-09-30,17:00,Paris S-G,1.8,6–2,2.5,Bordeaux,47537.0,Parc des Princes,François Letexier,Ligue-1,13,2017-2018
8.0,Sat,2017-09-30,20:00,Guingamp,1.4,1–1,0.8,Toulouse,13196.0,Stade du Roudourou,Ruddy Buquet,Ligue-1,13,2017-2018
8.0,Sat,2017-09-30,20:00,Dijon,1.7,1–1,1.1,Strasbourg,11577.0,Stade Gaston Gérard,Olivier Thual,Ligue-1,13,2017-2018
8.0,Sat,2017-09-30,20:00,Rennes,0.8,0–1,1.2,Caen,18689.0,Roazhon Park,Amaury Delerue,Ligue-1,13,2017-2018
8.0,Sat,2017-09-30,20:00,Nantes,1.7,1–0,1.3,Metz,22104.0,Stade de la Beaujoire - Louis Fonteneau,Johan Hamel,Ligue-1,13,2017-2018
8.0,Sun,2017-10-01,15:00,Troyes,0.6,2–1,1.2,Saint-Étienne,11823.0,Stade de l'Aube,Nicolas Rainville,Ligue-1,13,2017-2018
8.0,Sun,2017-10-01,17:00,Angers,1.6,3–3,1.7,Lyon,11432.0,Stade Raymond Kopa,Mikael Lesage,Ligue-1,13,2017-2018
8.0,Sun,2017-10-01,21:00,Nice,2.1,2–4,2.4,Marseille,32702.0,Stade de Nice,Benoît Bastien,Ligue-1,13,2017-2018
9.0,Fri,2017-10-13,20:45,Lyon,1.9,3–2,2.2,Monaco,43295.0,Groupama Stadium,Benoît Bastien,Ligue-1,13,2017-2018
9.0,Sat,2017-10-14,17:00,Dijon,0.9,1–2,2.8,Paris S-G,15160.0,Stade Gaston Gérard,Jérôme Miguelgorry,Ligue-1,13,2017-2018
9.0,Sat,2017-10-14,20:00,Toulouse,1.7,1–0,0.3,Amiens,15308.0,Stadium Municipal,François Letexier,Ligue-1,13,2017-2018
9.0,Sat,2017-10-14,20:00,Caen,2.1,0–2,1.5,Angers,16736.0,Stade Michel d'Ornano,Benoît Millot,Ligue-1,13,2017-2018
9.0,Sat,2017-10-14,20:00,Lille,0.8,2–2,1.4,Troyes,29518.0,Stade Pierre-Mauroy,Hakim Ben El Hadj Salem,Ligue-1,13,2017-2018
9.0,Sat,2017-10-14,20:00,Saint-Étienne,2.3,3–1,0.4,Metz,24613.0,Stade Geoffroy-Guichard,Olivier Thual,Ligue-1,13,2017-2018
9.0,Sat,2017-10-14,20:00,Guingamp,2.4,2–0,0.8,Rennes,15902.0,Stade du Roudourou,Franck Schneider,Ligue-1,13,2017-2018
9.0,Sun,2017-10-15,15:00,Bordeaux,1.5,1–1,1.7,Nantes,31048.0,Stade Matmut-Atlantique,Karim Abed,Ligue-1,13,2017-2018
9.0,Sun,2017-10-15,17:00,Montpellier,1.5,2–0,2.2,Nice,14374.0,Stade de la Mosson,Jérôme Brisard,Ligue-1,13,2017-2018
9.0,Sun,2017-10-15,21:00,Strasbourg,2.1,3–3,2.6,Marseille,26015.0,Stade de la Meinau,Antony Gautier,Ligue-1,13,2017-2018
10.0,Fri,2017-10-20,20:45,Saint-Étienne,1.7,0–1,1.9,Montpellier,24004.0,Stade Geoffroy-Guichard,Franck Schneider,Ligue-1,13,2017-2018
10.0,Sat,2017-10-21,17:00,Monaco,2.3,2–0,0.5,Caen,8040.0,Stade Louis II.,Thomas Léonard,Ligue-1,13,2017-2018
10.0,Sat,2017-10-21,20:00,Amiens,1.3,1–0,1.0,Bordeaux,12297.0,Stade Océane,Sébastien Desiage,Ligue-1,13,2017-2018
10.0,Sat,2017-10-21,20:00,Metz,0.7,1–2,0.5,Dijon,14748.0,Stade Saint-Symphorien,Mikael Lesage,Ligue-1,13,2017-2018
10.0,Sat,2017-10-21,20:00,Angers,1.8,0–1,0.2,Toulouse,11001.0,Stade Raymond Kopa,Johan Hamel,Ligue-1,13,2017-2018
10.0,Sat,2017-10-21,20:00,Rennes,0.5,1–0,0.8,Lille,21852.0,Roazhon Park,Olivier Thual,Ligue-1,13,2017-2018
10.0,Sat,2017-10-21,20:00,Nantes,0.7,2–1,0.5,Guingamp,27711.0,Stade de la Beaujoire - Louis Fonteneau,Amaury Delerue,Ligue-1,13,2017-2018
10.0,Sun,2017-10-22,15:00,Nice,1.9,1–2,1.1,Strasbourg,23595.0,Stade de Nice,Nicolas Rainville,Ligue-1,13,2017-2018
10.0,Sun,2017-10-22,17:00,Troyes,0.4,0–5,3.3,Lyon,14722.0,Stade de l'Aube,François Letexier,Ligue-1,13,2017-2018
10.0,Sun,2017-10-22,21:00,Marseille,0.8,2–2,1.2,Paris S-G,60410.0,Orange Vélodrome,Ruddy Buquet,Ligue-1,13,2017-2018
11.0,Fri,2017-10-27,20:45,Paris S-G,3.0,3–0,0.3,Nice,47224.0,Parc des Princes,Tony Chapron,Ligue-1,13,2017-2018
11.0,Sat,2017-10-28,17:00,Bordeaux,1.0,0–2,1.2,Monaco,28831.0,Stade Matmut-Atlantique,Antony Gautier,Ligue-1,13,2017-2018
11.0,Sat,2017-10-28,20:00,Guingamp,0.8,1–1,0.8,Amiens,13809.0,Stade du Roudourou,Karim Abed,Ligue-1,13,2017-2018
11.0,Sat,2017-10-28,20:00,Dijon,0.3,1–0,1.1,Nantes,11764.0,Stade Gaston Gérard,Hakim Ben El Hadj Salem,Ligue-1,13,2017-2018
11.0,Sat,2017-10-28,20:00,Caen,1.2,1–0,0.8,Troyes,16908.0,Stade Michel d'Ornano,Jérôme Miguelgorry,Ligue-1,13,2017-2018
11.0,Sat,2017-10-28,20:00,Strasbourg,2.0,2–2,0.7,Angers,25011.0,Stade de la Meinau,Amaury Delerue,Ligue-1,13,2017-2018
11.0,Sat,2017-10-28,20:00,Montpellier,1.7,0–1,0.5,Rennes,11790.0,Stade de la Mosson,Benoît Bastien,Ligue-1,13,2017-2018
11.0,Sun,2017-10-29,15:00,Lyon,1.1,2–0,0.2,Metz,53921.0,Groupama Stadium,Benoît Millot,Ligue-1,13,2017-2018
11.0,Sun,2017-10-29,17:00,Toulouse,0.5,0–0,0.9,Saint-Étienne,15062.0,Stadium Municipal,Jérôme Brisard,Ligue-1,13,2017-2018
11.0,Sun,2017-10-29,21:00,Lille,1.3,0–1,0.7,Marseille,43948.0,Stade Pierre-Mauroy,François Letexier,Ligue-1,13,2017-2018
12.0,Fri,2017-11-03,20:45,Rennes,0.4,1–0,1.0,Bordeaux,24547.0,Roazhon Park,Ruddy Buquet,Ligue-1,13,2017-2018
12.0,Sat,2017-11-04,17:00,Angers,0.5,0–5,2.7,Paris S-G,12381.0,Stade Raymond Kopa,Benoît Bastien,Ligue-1,13,2017-2018
12.0,Sat,2017-11-04,20:00,Nantes,0.9,2–1,0.9,Toulouse,21390.0,Stade de la Beaujoire - Louis Fonteneau,Antony Gautier,Ligue-1,13,2017-2018
12.0,Sat,2017-11-04,20:00,Monaco,3.2,6–0,0.4,Guingamp,7066.0,Stade Louis II.,Mikael Lesage,Ligue-1,13,2017-2018
12.0,Sat,2017-11-04,20:00,Montpellier,1.4,1–1,0.8,Amiens,10149.0,Stade de la Mosson,Stéphane Jochem,Ligue-1,13,2017-2018
12.0,Sat,2017-11-04,20:00,Troyes,2.3,3–0,0.6,Strasbourg,10260.0,Stade de l'Aube,Thomas Léonard,Ligue-1,13,2017-2018
12.0,Sun,2017-11-05,15:00,Nice,1.6,1–0,0.7,Dijon,18987.0,Stade de Nice,Olivier Thual,Ligue-1,13,2017-2018
12.0,Sun,2017-11-05,17:00,Metz,1.4,0–3,1.6,Lille,12506.0,Stade Saint-Symphorien,Jérôme Brisard,Ligue-1,13,2017-2018
12.0,Sun,2017-11-05,17:00,Marseille,3.9,5–0,0.7,Caen,47687.0,Orange Vélodrome,Nicolas Rainville,Ligue-1,13,2017-2018
12.0,Sun,2017-11-05,21:00,Saint-Étienne,1.2,0–5,2.7,Lyon,38993.0,Stade Geoffroy-Guichard,Clément Turpin,Ligue-1,13,2017-2018
13.0,Fri,2017-11-17,19:00,Lille,0.7,3–1,1.5,Saint-Étienne,28019.0,Stade Pierre-Mauroy,Johan Hamel,Ligue-1,13,2017-2018
13.0,Fri,2017-11-17,20:45,Amiens,1.1,1–1,1.1,Monaco,9198.0,Stade de la Licorne,Jérôme Miguelgorry,Ligue-1,13,2017-2018
13.0,Sat,2017-11-18,17:00,Paris S-G,1.8,4–1,1.0,Nantes,47680.0,Parc des Princes,Nicolas Rainville,Ligue-1,13,2017-2018
13.0,Sat,2017-11-18,20:00,Dijon,1.6,3–1,1.3,Troyes,10227.0,Stade Gaston Gérard,Franck Schneider,Ligue-1,13,2017-2018
13.0,Sat,2017-11-18,20:00,Strasbourg,1.7,2–1,0.9,Rennes,22707.0,Stade de la Meinau,Tony Chapron,Ligue-1,13,2017-2018
13.0,Sat,2017-11-18,20:00,Toulouse,1.8,0–0,0.8,Metz,15656.0,Stadium Municipal,Hakim Ben El Hadj Salem,Ligue-1,13,2017-2018
13.0,Sat,2017-11-18,20:00,Guingamp,1.2,1–1,0.3,Angers,13849.0,Stade du Roudourou,Jérôme Brisard,Ligue-1,13,2017-2018
13.0,Sun,2017-11-19,15:00,Caen,2.1,1–1,1.4,Nice,15144.0,Stade Michel d'Ornano,Sébastien Desiage,Ligue-1,13,2017-2018
13.0,Sun,2017-11-19,17:00,Lyon,1.2,0–0,0.7,Montpellier,47651.0,Groupama Stadium,Karim Abed,Ligue-1,13,2017-2018
13.0,Sun,2017-11-19,21:00,Bordeaux,0.5,1–1,1.4,Marseille,37356.0,Stade Matmut-Atlantique,Benoît Millot,Ligue-1,13,2017-2018
8.0,Mon,2017-11-20,19:00,Amiens,1.4,3–0,0.5,Lille,9015.0,Stade de la Licorne,Mikael Lesage,Ligue-1,13,2017-2018
14.0,Fri,2017-11-24,20:45,Saint-Étienne,1.2,2–2,1.4,Strasbourg,21282.0,Stade Geoffroy-Guichard,Benoît Bastien,Ligue-1,13,2017-2018
14.0,Sat,2017-11-25,17:00,Rennes,1.3,2–1,1.4,Nantes,26151.0,Roazhon Park,Ruddy Buquet,Ligue-1,13,2017-2018
14.0,Sat,2017-11-25,20:00,Dijon,0.8,3–1,1.9,Toulouse,10126.0,Stade Gaston Gérard,Stéphane Jochem,Ligue-1,13,2017-2018
14.0,Sat,2017-11-25,20:00,Caen,0.6,1–0,1.1,Bordeaux,15275.0,Stade Michel d'Ornano,Karim Abed,Ligue-1,13,2017-2018
14.0,Sat,2017-11-25,20:00,Montpellier,2.1,3–0,0.3,Lille,11370.0,Stade de la Mosson,Thomas Léonard,Ligue-1,13,2017-2018
14.0,Sat,2017-11-25,20:00,Metz,1.4,0–2,0.7,Amiens,15079.0,Stade Saint-Symphorien,Antony Gautier,Ligue-1,13,2017-2018
14.0,Sat,2017-11-25,20:00,Troyes,1.2,3–0,0.4,Angers,8906.0,Stade de l'Aube,Hakim Ben El Hadj Salem,Ligue-1,13,2017-2018
14.0,Sun,2017-11-26,15:00,Nice,0.3,0–5,1.8,Lyon,27542.0,Stade de Nice,Franck Schneider,Ligue-1,13,2017-2018
14.0,Sun,2017-11-26,17:00,Marseille,1.6,1–0,0.3,Guingamp,43563.0,Orange Vélodrome,Amaury Delerue,Ligue-1,13,2017-2018
14.0,Sun,2017-11-26,21:00,Monaco,0.4,1–2,3.8,Paris S-G,16588.0,Stade Louis II.,François Letexier,Ligue-1,13,2017-2018
15.0,Tue,2017-11-28,19:00,Strasbourg,0.3,0–0,1.7,Caen,22175.0,Stade de la Meinau,Stéphane Jochem,Ligue-1,13,2017-2018
15.0,Tue,2017-11-28,19:00,Amiens,1.2,2–1,0.9,Dijon,8693.0,Stade de la Licorne,Karim Abed,Ligue-1,13,2017-2018
15.0,Tue,2017-11-28,21:00,Bordeaux,1.1,3–0,0.8,Saint-Étienne,21115.0,Stade Matmut-Atlantique,Mikael Lesage,Ligue-1,13,2017-2018
15.0,Wed,2017-11-29,19:00,Metz,0.5,0–3,2.7,Marseille,18046.0,Stade Saint-Symphorien,Tony Chapron,Ligue-1,13,2017-2018
15.0,Wed,2017-11-29,19:00,Nantes,0.9,1–0,0.4,Monaco,24800.0,Stade de la Beaujoire - Louis Fonteneau,Benoît Millot,Ligue-1,13,2017-2018
15.0,Wed,2017-11-29,19:00,Guingamp,0.8,0–0,0.4,Montpellier,13578.0,Stade du Roudourou,Olivier Thual,Ligue-1,13,2017-2018
15.0,Wed,2017-11-29,19:00,Lyon,2.8,1–2,0.9,Lille,31679.0,Groupama Stadium,Jérôme Miguelgorry,Ligue-1,13,2017-2018
15.0,Wed,2017-11-29,19:00,Angers,0.6,1–2,1.0,Rennes,10364.0,Stade Raymond Kopa,Nicolas Rainville,Ligue-1,13,2017-2018
15.0,Wed,2017-11-29,19:00,Toulouse,2.0,1–2,1.6,Nice,10348.0,Stadium Municipal,Johan Hamel,Ligue-1,13,2017-2018
15.0,Wed,2017-11-29,21:00,Paris S-G,1.7,2–0,0.5,Troyes,40920.0,Parc des Princes,Jérôme Brisard,Ligue-1,13,2017-2018
16.0,Fri,2017-12-01,20:45,Dijon,1.3,3–2,1.0,Bordeaux,10631.0,Stade Gaston Gérard,Benoît Bastien,Ligue-1,13,2017-2018
16.0,Sat,2017-12-02,17:00,Strasbourg,0.3,2–1,2.8,Paris S-G,25327.0,Stade de la Meinau,Ruddy Buquet,Ligue-1,13,2017-2018
16.0,Sat,2017-12-02,20:00,Monaco,0.6,1–0,0.5,Angers,6545.0,Stade Louis II.,Antony Gautier,Ligue-1,13,2017-2018
16.0,Sat,2017-12-02,20:00,Troyes,0.8,0–1,0.8,Guingamp,9149.0,Stade de l'Aube,Sébastien Desiage,Ligue-1,13,2017-2018
16.0,Sat,2017-12-02,20:00,Lille,1.4,1–0,1.2,Toulouse,29287.0,Stade Pierre-Mauroy,Benoît Millot,Ligue-1,13,2017-2018
16.0,Sat,2017-12-02,20:00,Nice,1.9,3–1,0.5,Metz,16383.0,Stade de Nice,Mikael Lesage,Ligue-1,13,2017-2018
16.0,Sat,2017-12-02,20:00,Rennes,1.5,2–0,0.3,Amiens,23051.0,Roazhon Park,Thomas Léonard,Ligue-1,13,2017-2018
16.0,Sun,2017-12-03,15:00,Saint-Étienne,1.1,1–1,1.6,Nantes,24085.0,Stade Geoffroy-Guichard,François Letexier,Ligue-1,13,2017-2018
16.0,Sun,2017-12-03,17:00,Caen,1.0,1–2,1.5,Lyon,19455.0,Stade Michel d'Ornano,Amaury Delerue,Ligue-1,13,2017-2018
16.0,Sun,2017-12-03,21:00,Montpellier,0.9,1–1,1.0,Marseille,19230.0,Stade de la Mosson,Franck Schneider,Ligue-1,13,2017-2018
17.0,Fri,2017-12-08,20:45,Bordeaux,0.7,0–3,1.3,Strasbourg,24515.0,Stade Matmut-Atlantique,Jérôme Brisard,Ligue-1,13,2017-2018
17.0,Sat,2017-12-09,17:00,Paris S-G,1.8,3–1,0.4,Lille,47176.0,Parc des Princes,Johan Hamel,Ligue-1,13,2017-2018
17.0,Sat,2017-12-09,20:00,Guingamp,2.6,4–0,0.5,Dijon,13825.0,Stade du Roudourou,Mikael Lesage,Ligue-1,13,2017-2018
17.0,Sat,2017-12-09,20:00,Toulouse,2.2,2–0,1.1,Caen,12613.0,Stadium Municipal,Sébastien Moreira,Ligue-1,13,2017-2018
17.0,Sat,2017-12-09,20:00,Metz,1.0,1–1,1.1,Rennes,11239.0,Stade Saint-Symphorien,Karim Abed,Ligue-1,13,2017-2018
17.0,Sat,2017-12-09,20:00,Angers,1.4,1–1,1.3,Montpellier,8756.0,Stade Raymond Kopa,Stéphane Jochem,Ligue-1,13,2017-2018
17.0,Sat,2017-12-09,20:00,Monaco,1.1,3–2,1.8,Troyes,8935.0,Stade Louis II.,Franck Schneider,Ligue-1,13,2017-2018
17.0,Sun,2017-12-10,15:00,Amiens,2.0,1–2,0.9,Lyon,9130.0,Stade de la Licorne,Olivier Thual,Ligue-1,13,2017-2018
17.0,Sun,2017-12-10,17:00,Nantes,1.2,1–2,0.7,Nice,19723.0,Stade de la Beaujoire - Louis Fonteneau,Jérôme Miguelgorry,Ligue-1,13,2017-2018
17.0,Sun,2017-12-10,21:00,Marseille,2.6,3–0,0.8,Saint-Étienne,41943.0,Orange Vélodrome,Nicolas Rainville,Ligue-1,13,2017-2018
18.0,Fri,2017-12-15,20:45,Saint-Étienne,0.4,0–4,2.7,Monaco,23107.0,Stade Geoffroy-Guichard,Amaury Delerue,Ligue-1,13,2017-2018
18.0,Sat,2017-12-16,17:00,Rennes,2.2,1–4,4.4,Paris S-G,29194.0,Roazhon Park,Antony Gautier,Ligue-1,13,2017-2018
18.0,Sat,2017-12-16,20:00,Strasbourg,1.9,2–1,1.3,Toulouse,23315.0,Stade de la Meinau,Jérôme Miguelgorry,Ligue-1,13,2017-2018
18.0,Sat,2017-12-16,20:00,Montpellier,0.5,1–3,1.2,Metz,14055.0,Stade de la Mosson,Benoît Millot,Ligue-1,13,2017-2018
18.0,Sat,2017-12-16,20:00,Dijon,0.7,3–0,0.6,Lille,10634.0,Stade Gaston Gérard,Thomas Léonard,Ligue-1,13,2017-2018
18.0,Sat,2017-12-16,20:00,Troyes,2.3,1–0,0.9,Amiens,14505.0,Stade de l'Aube,François Letexier,Ligue-1,13,2017-2018
18.0,Sat,2017-12-16,20:00,Caen,0.9,0–0,0.4,Guingamp,17173.0,Stade Michel d'Ornano,Nicolas Rainville,Ligue-1,13,2017-2018
18.0,Sun,2017-12-17,15:00,Nantes,1.2,1–0,0.6,Angers,24285.0,Stade de la Beaujoire - Louis Fonteneau,Karim Abed,Ligue-1,13,2017-2018
18.0,Sun,2017-12-17,17:00,Nice,2.0,1–0,1.1,Bordeaux,22831.0,Stade de Nice,Ruddy Buquet,Ligue-1,13,2017-2018
18.0,Sun,2017-12-17,21:00,Lyon,1.2,2–0,1.1,Marseille,57206.0,Groupama Stadium,Benoît Bastien,Ligue-1,13,2017-2018
19.0,Wed,2017-12-20,20:50,Paris S-G,2.9,3–1,1.1,Caen,47490.0,Parc des Princes,Karim Abed,Ligue-1,13,2017-2018
19.0,Wed,2017-12-20,20:50,Toulouse,2.7,1–2,2.7,Lyon,15853.0,Stadium Municipal,François Letexier,Ligue-1,13,2017-2018
19.0,Wed,2017-12-20,20:50,Guingamp,2.6,2–1,0.3,Saint-Étienne,14165.0,Stade du Roudourou,Johan Hamel,Ligue-1,13,2017-2018
19.0,Wed,2017-12-20,20:50,Angers,2.7,2–1,1.5,Dijon,8017.0,Stade Raymond Kopa,Amaury Delerue,Ligue-1,13,2017-2018
19.0,Wed,2017-12-20,20:50,Metz,1.7,3–0,1.2,Strasbourg,16874.0,Stade Saint-Symphorien,Clément Turpin,Ligue-1,13,2017-2018
19.0,Wed,2017-12-20,20:50,Amiens,0.7,0–1,1.0,Nantes,8865.0,Stade de la Licorne,Jérôme Brisard,Ligue-1,13,2017-2018
19.0,Wed,2017-12-20,20:50,Monaco,1.6,2–1,1.8,Rennes,7542.0,Stade Louis II.,Benoît Bastien,Ligue-1,13,2017-2018
19.0,Wed,2017-12-20,20:50,Bordeaux,0.4,0–2,0.9,Montpellier,16429.0,Stade Matmut-Atlantique,Sébastien Desiage,Ligue-1,13,2017-2018
19.0,Wed,2017-12-20,20:50,Marseille,1.7,3–1,1.0,Troyes,37949.0,Orange Vélodrome,Olivier Thual,Ligue-1,13,2017-2018
19.0,Wed,2017-12-20,20:50,Lille,0.7,1–1,0.9,Nice,26450.0,Stade Pierre-Mauroy,Franck Schneider,Ligue-1,13,2017-2018
20.0,Fri,2018-01-12,20:45,Strasbourg,1.5,0–2,0.9,Guingamp,22578.0,Stade de la Meinau,Sébastien Moreira,Ligue-1,13,2017-2018
20.0,Sat,2018-01-13,17:00,Rennes,1.3,0–3,2.3,Marseille,23700.0,Roazhon Park,Clément Turpin,Ligue-1,13,2017-2018
20.0,Sat,2018-01-13,20:00,Dijon,1.1,1–1,1.3,Metz,10668.0,Stade Gaston Gérard,François Letexier,Ligue-1,13,2017-2018
20.0,Sat,2018-01-13,20:00,Caen,0.9,0–1,1.3,Lille,18283.0,Stade Michel d'Ornano,Johan Hamel,Ligue-1,13,2017-2018
20.0,Sat,2018-01-13,20:00,Montpellier,1.1,0–0,1.2,Monaco,14643.0,Stade de la Mosson,Antony Gautier,Ligue-1,13,2017-2018
20.0,Sat,2018-01-13,20:00,Troyes,1.3,0–1,0.8,Bordeaux,10822.0,Stade de l'Aube,Jérôme Brisard,Ligue-1,13,2017-2018
20.0,Sat,2018-01-13,20:00,Nice,1.4,1–0,0.5,Amiens,17340.0,Stade de Nice,Amaury Delerue,Ligue-1,13,2017-2018
20.0,Sun,2018-01-14,15:00,Saint-Étienne,1.9,2–0,0.9,Toulouse,23295.0,Stade Geoffroy-Guichard,Mikael Lesage,Ligue-1,13,2017-2018
20.0,Sun,2018-01-14,17:00,Lyon,1.1,1–1,1.3,Angers,36691.0,Groupama Stadium,Franck Schneider,Ligue-1,13,2017-2018
20.0,Sun,2018-01-14,21:00,Nantes,1.2,0–1,2.4,Paris S-G,34486.0,Stade de la Beaujoire - Louis Fonteneau,Tony Chapron,Ligue-1,13,2017-2018
21.0,Tue,2018-01-16,19:00,Bordeaux,0.9,0–2,1.2,Caen,14368.0,Stade Matmut-Atlantique,Stéphane Jochem,Ligue-1,13,2017-2018
21.0,Tue,2018-01-16,19:00,Marseille,2.8,2–0,0.1,Strasbourg,38099.0,Orange Vélodrome,Ruddy Buquet,Ligue-1,13,2017-2018
21.0,Tue,2018-01-16,21:00,Monaco,1.2,2–2,1.2,Nice,10533.0,Stade Louis II.,François Letexier,Ligue-1,13,2017-2018
21.0,Wed,2018-01-17,19:00,Guingamp,0.6,0–2,2.1,Lyon,14638.0,Stade du Roudourou,Nicolas Rainville,Ligue-1,13,2017-2018
21.0,Wed,2018-01-17,19:00,Metz,2.8,3–0,0.5,Saint-Étienne,12702.0,Stade Saint-Symphorien,Benoît Millot,Ligue-1,13,2017-2018
21.0,Wed,2018-01-17,19:00,Lille,0.6,1–2,1.8,Rennes,27816.0,Stade Pierre-Mauroy,Mikael Lesage,Ligue-1,13,2017-2018
21.0,Wed,2018-01-17,19:00,Toulouse,1.5,1–1,0.5,Nantes,13742.0,Stadium Municipal,Thomas Léonard,Ligue-1,13,2017-2018
21.0,Wed,2018-01-17,19:00,Amiens,1.3,1–1,1.6,Montpellier,8233.0,Stade de la Licorne,Karim Abed,Ligue-1,13,2017-2018
21.0,Wed,2018-01-17,19:00,Angers,1.4,3–1,0.4,Troyes,8046.0,Stade Raymond Kopa,Amaury Delerue,Ligue-1,13,2017-2018
21.0,Wed,2018-01-17,21:00,Paris S-G,4.2,8–0,0.2,Dijon,47483.0,Parc des Princes,Olivier Thual,Ligue-1,13,2017-2018
22.0,Fri,2018-01-19,20:45,Caen,0.2,0–2,1.7,Marseille,20249.0,Stade Michel d'Ornano,François Letexier,Ligue-1,13,2017-2018
22.0,Sat,2018-01-20,17:00,Nantes,1.3,0–1,0.4,Bordeaux,26076.0,Stade de la Beaujoire - Louis Fonteneau,Johan Hamel,Ligue-1,13,2017-2018
22.0,Sat,2018-01-20,20:00,Strasbourg,2.4,3–2,1.5,Dijon,21067.0,Stade de la Meinau,Antony Gautier,Ligue-1,13,2017-2018
22.0,Sat,2018-01-20,20:00,Rennes,1.5,1–0,0.4,Angers,21186.0,Roazhon Park,Sébastien Moreira,Ligue-1,13,2017-2018
22.0,Sat,2018-01-20,20:00,Amiens,2.5,3–1,0.5,Guingamp,8686.0,Stade de la Licorne,Sébastien Desiage,Ligue-1,13,2017-2018
22.0,Sat,2018-01-20,20:00,Montpellier,2.2,2–1,0.9,Toulouse,10652.0,Stade de la Mosson,Jérôme Brisard,Ligue-1,13,2017-2018
22.0,Sat,2018-01-20,20:00,Troyes,0.5,1–0,0.6,Lille,9269.0,Stade de l'Aube,Stéphane Jochem,Ligue-1,13,2017-2018
22.0,Sun,2018-01-21,15:00,Nice,0.3,1–0,0.4,Saint-Étienne,23254.0,Stade de Nice,Franck Schneider,Ligue-1,13,2017-2018
22.0,Sun,2018-01-21,17:00,Monaco,2.2,3–1,0.1,Metz,6333.0,Stade Louis II.,Mikael Lesage,Ligue-1,13,2017-2018
22.0,Sun,2018-01-21,21:00,Lyon,1.1,2–1,0.7,Paris S-G,57582.0,Groupama Stadium,Clément Turpin,Ligue-1,13,2017-2018
23.0,Fri,2018-01-26,20:45,Dijon,1.7,2–1,1.1,Rennes,10091.0,Stade Gaston Gérard,Jérôme Brisard,Ligue-1,13,2017-2018
23.0,Sat,2018-01-27,17:00,Paris S-G,3.8,4–0,0.4,Montpellier,47379.0,Parc des Princes,Franck Schneider,Ligue-1,13,2017-2018
23.0,Sat,2018-01-27,20:00,Saint-Étienne,0.7,2–1,1.4,Caen,21559.0,Stade Geoffroy-Guichard,Sébastien Moreira,Ligue-1,13,2017-2018
23.0,Sat,2018-01-27,20:00,Metz,0.8,2–1,2.2,Nice,13200.0,Stade Saint-Symphorien,Johan Hamel,Ligue-1,13,2017-2018
23.0,Sat,2018-01-27,20:00,Toulouse,2.2,1–0,0.0,Troyes,19028.0,Stadium Municipal,Benoît Bastien,Ligue-1,13,2017-2018
23.0,Sat,2018-01-27,20:00,Angers,1.5,1–0,0.0,Amiens,8914.0,Stade Raymond Kopa,Olivier Thual,Ligue-1,13,2017-2018
23.0,Sat,2018-01-27,20:00,Guingamp,0.3,0–3,1.7,Nantes,13761.0,Stade du Roudourou,Benoît Millot,Ligue-1,13,2017-2018
23.0,Sun,2018-01-28,15:00,Lille,0.7,2–1,1.1,Strasbourg,27462.0,Stade Pierre-Mauroy,Sébastien Desiage,Ligue-1,13,2017-2018
23.0,Sun,2018-01-28,17:00,Bordeaux,2.2,3–1,0.4,Lyon,29310.0,Stade Matmut-Atlantique,François Letexier,Ligue-1,13,2017-2018
23.0,Sun,2018-01-28,21:00,Marseille,1.9,2–2,0.9,Monaco,51279.0,Orange Vélodrome,Antony Gautier,Ligue-1,13,2017-2018
24.0,Fri,2018-02-02,20:45,Marseille,4.8,6–3,1.2,Metz,32745.0,Orange Vélodrome,Olivier Thual,Ligue-1,13,2017-2018
24.0,Sat,2018-02-03,17:00,Lille,0.3,0–3,1.5,Paris S-G,49082.0,Stade Pierre-Mauroy,Johan Hamel,Ligue-1,13,2017-2018
24.0,Sat,2018-02-03,20:00,Nice,1.1,0–1,0.3,Toulouse,17231.0,Stade de Nice,Antony Gautier,Ligue-1,13,2017-2018
24.0,Sat,2018-02-03,20:00,Montpellier,0.4,2–1,1.1,Angers,9549.0,Stade de la Mosson,Stéphane Jochem,Ligue-1,13,2017-2018
24.0,Sat,2018-02-03,20:00,Amiens,0.5,0–2,2.4,Saint-Étienne,9255.0,Stade de la Licorne,Thomas Léonard,Ligue-1,13,2017-2018
24.0,Sat,2018-02-03,20:00,Strasbourg,0.4,0–2,0.8,Bordeaux,24662.0,Stade de la Meinau,Jérôme Brisard,Ligue-1,13,2017-2018
24.0,Sun,2018-02-04,15:00,Rennes,1.5,0–1,0.8,Guingamp,28705.0,Roazhon Park,Ruddy Buquet,Ligue-1,13,2017-2018
24.0,Sun,2018-02-04,17:00,Caen,2.2,3–2,0.9,Nantes,16121.0,Stade Michel d'Ornano,Karim Abed,Ligue-1,13,2017-2018
24.0,Sun,2018-02-04,21:00,Monaco,1.5,3–2,1.0,Lyon,10301.0,Stade Louis II.,Benoît Bastien,Ligue-1,13,2017-2018
25.0,Fri,2018-02-09,20:45,Saint-Étienne,1.5,2–2,1.3,Marseille,30162.0,Stade Geoffroy-Guichard,Franck Schneider,Ligue-1,13,2017-2018
25.0,Sat,2018-02-10,17:00,Toulouse,0.2,0–1,1.5,Paris S-G,31909.0,Stadium Municipal,Ruddy Buquet,Ligue-1,13,2017-2018
25.0,Sat,2018-02-10,20:00,Bordeaux,1.8,3–2,2.2,Amiens,19889.0,Stade Matmut-Atlantique,Benoît Bastien,Ligue-1,13,2017-2018
25.0,Sat,2018-02-10,20:00,Dijon,2.4,3–2,1.4,Nice,11901.0,Stade Gaston Gérard,Nicolas Rainville,Ligue-1,13,2017-2018
25.0,Sat,2018-02-10,20:00,Guingamp,0.3,0–0,1.0,Caen,13988.0,Stade du Roudourou,Stéphane Jochem,Ligue-1,13,2017-2018
25.0,Sat,2018-02-10,20:00,Metz,1.0,0–1,0.9,Montpellier,12304.0,Stade Saint-Symphorien,Sébastien Desiage,Ligue-1,13,2017-2018
25.0,Sat,2018-02-10,20:00,Angers,0.9,0–4,2.2,Monaco,12759.0,Stade Raymond Kopa,Thomas Léonard,Ligue-1,13,2017-2018
25.0,Sun,2018-02-11,15:00,Strasbourg,1.5,2–1,1.1,Troyes,22926.0,Stade de la Meinau,François Letexier,Ligue-1,13,2017-2018
25.0,Sun,2018-02-11,17:00,Nantes,2.2,2–2,0.5,Lille,22655.0,Stade de la Beaujoire - Louis Fonteneau,Mikael Lesage,Ligue-1,13,2017-2018
25.0,Sun,2018-02-11,21:00,Lyon,2.0,0–2,0.8,Rennes,39189.0,Groupama Stadium,Amaury Delerue,Ligue-1,13,2017-2018
26.0,Fri,2018-02-16,20:45,Monaco,2.1,4–0,0.3,Dijon,6418.0,Stade Louis II.,Johan Hamel,Ligue-1,13,2017-2018
26.0,Sat,2018-02-17,17:00,Paris S-G,4.7,5–2,0.8,Strasbourg,47059.0,Parc des Princes,Thomas Léonard,Ligue-1,13,2017-2018
26.0,Sat,2018-02-17,20:00,Amiens,0.5,0–0,0.8,Toulouse,8730.0,Stade de la Licorne,Franck Schneider,Ligue-1,13,2017-2018
26.0,Sat,2018-02-17,20:00,Montpellier,1.8,1–1,1.1,Guingamp,9936.0,Stade de la Mosson,Karim Abed,Ligue-1,13,2017-2018
26.0,Sat,2018-02-17,20:00,Angers,1.3,0–1,0.6,Saint-Étienne,11166.0,Stade Raymond Kopa,Antony Gautier,Ligue-1,13,2017-2018
26.0,Sat,2018-02-17,20:00,Troyes,1.7,1–0,1.5,Metz,11337.0,Stade de l'Aube,Olivier Thual,Ligue-1,13,2017-2018
26.0,Sat,2018-02-17,20:00,Caen,3.2,2–2,1.2,Rennes,16083.0,Stade Michel d'Ornano,Sandro Schärer,Ligue-1,13,2017-2018
26.0,Sun,2018-02-18,15:00,Nice,1.0,1–1,1.3,Nantes,20966.0,Stade de Nice,Clément Turpin,Ligue-1,13,2017-2018
26.0,Sun,2018-02-18,17:00,Lille,0.8,2–2,2.0,Lyon,39523.0,Stade Pierre-Mauroy,Benoît Millot,Ligue-1,13,2017-2018
26.0,Sun,2018-02-18,21:00,Marseille,0.8,1–0,0.2,Bordeaux,47287.0,Orange Vélodrome,Mikael Lesage,Ligue-1,13,2017-2018
24.0,Tue,2018-02-20,18:30,Troyes,0.9,0–0,0.5,Dijon,10269.0,Stade de l'Aube,Amaury Delerue,Ligue-1,13,2017-2018
27.0,Fri,2018-02-23,20:45,Strasbourg,0.4,0–0,0.4,Montpellier,23305.0,Stade de la Meinau,Amaury Delerue,Ligue-1,13,2017-2018
27.0,Sat,2018-02-24,17:00,Toulouse,1.4,3–3,1.8,Monaco,13184.0,Stadium Municipal,Benoît Millot,Ligue-1,13,2017-2018
27.0,Sat,2018-02-24,20:00,Rennes,2.4,2–0,0.6,Troyes,17536.0,Roazhon Park,Thomas Léonard,Ligue-1,13,2017-2018
27.0,Sat,2018-02-24,20:00,Nantes,1.3,0–1,0.3,Amiens,18830.0,Stade de la Beaujoire - Louis Fonteneau,Stéphane Jochem,Ligue-1,13,2017-2018
27.0,Sat,2018-02-24,20:00,Lille,0.7,1–2,1.6,Angers,28629.0,Stade Pierre-Mauroy,François Letexier,Ligue-1,13,2017-2018
27.0,Sat,2018-02-24,20:00,Guingamp,1.7,2–2,1.4,Metz,14447.0,Stade du Roudourou,Jérôme Brisard,Ligue-1,13,2017-2018
27.0,Sat,2018-02-24,20:00,Dijon,1.9,2–0,0.9,Caen,10524.0,Stade Gaston Gérard,Sébastien Desiage,Ligue-1,13,2017-2018
27.0,Sun,2018-02-25,15:00,Bordeaux,1.9,0–0,0.1,Nice,23027.0,Stade Matmut-Atlantique,Franck Schneider,Ligue-1,13,2017-2018
27.0,Sun,2018-02-25,17:00,Lyon,0.6,1–1,1.5,Saint-Étienne,58069.0,Groupama Stadium,Ruddy Buquet,Ligue-1,13,2017-2018
27.0,Sun,2018-02-25,21:00,Paris S-G,0.9,3–0,0.8,Marseille,47490.0,Parc des Princes,Benoît Bastien,Ligue-1,13,2017-2018
28.0,Fri,2018-03-02,19:00,Nice,1.7,2–1,1.0,Lille,20314.0,Stade de Nice,Thomas Léonard,Ligue-1,13,2017-2018
28.0,Fri,2018-03-02,20:45,Monaco,3.2,2–1,0.4,Bordeaux,7419.0,Stade Louis II.,Ruddy Buquet,Ligue-1,13,2017-2018
28.0,Sat,2018-03-03,17:00,Troyes,0.3,0–2,2.2,Paris S-G,20006.0,Stade de l'Aube,Karim Abed,Ligue-1,13,2017-2018
28.0,Sat,2018-03-03,20:00,Angers,2.1,3–0,0.8,Guingamp,9842.0,Stade Raymond Kopa,Clément Turpin,Ligue-1,13,2017-2018
28.0,Sat,2018-03-03,20:00,Metz,1.0,1–1,2.5,Toulouse,11287.0,Stade Saint-Symphorien,Mikael Lesage,Ligue-1,13,2017-2018
28.0,Sat,2018-03-03,20:00,Saint-Étienne,1.9,2–2,1.5,Dijon,25150.0,Stade Geoffroy-Guichard,Benoît Millot,Ligue-1,13,2017-2018
28.0,Sat,2018-03-03,20:00,Amiens,2.3,0–2,1.3,Rennes,10241.0,Stade de la Licorne,Nicolas Rainville,Ligue-1,13,2017-2018
28.0,Sun,2018-03-04,15:00,Caen,0.8,2–0,0.7,Strasbourg,16464.0,Stade Michel d'Ornano,Johan Hamel,Ligue-1,13,2017-2018
28.0,Sun,2018-03-04,17:00,Montpellier,0.9,1–1,1.1,Lyon,15160.0,Stade de la Mosson,Benoît Bastien,Ligue-1,13,2017-2018
28.0,Sun,2018-03-04,21:00,Marseille,1.8,1–1,1.3,Nantes,44203.0,Orange Vélodrome,Antony Gautier,Ligue-1,13,2017-2018
29.0,Fri,2018-03-09,20:45,Strasbourg,2.3,1–3,1.1,Monaco,23814.0,Stade de la Meinau,Antony Gautier,Ligue-1,13,2017-2018
29.0,Sat,2018-03-10,17:00,Paris S-G,3.6,5–0,0.5,Metz,47227.0,Parc des Princes,Amaury Delerue,Ligue-1,13,2017-2018
29.0,Sat,2018-03-10,20:00,Nantes,1.4,1–0,0.3,Troyes,17776.0,Stade de la Beaujoire - Louis Fonteneau,Jérôme Brisard,Ligue-1,13,2017-2018
29.0,Sat,2018-03-10,20:00,Dijon,1.1,1–1,1.0,Amiens,12332.0,Stade Gaston Gérard,Mikael Lesage,Ligue-1,13,2017-2018
29.0,Sat,2018-03-10,20:00,Bordeaux,0.7,0–0,0.6,Angers,17194.0,Stade Matmut-Atlantique,Johan Hamel,Ligue-1,13,2017-2018
29.0,Sat,2018-03-10,20:00,Rennes,1.3,1–1,1.5,Saint-Étienne,25655.0,Roazhon Park,Benoît Bastien,Ligue-1,13,2017-2018
29.0,Sat,2018-03-10,20:00,Lille,0.7,1–1,0.9,Montpellier,28609.0,Stade Pierre-Mauroy,Sébastien Moreira,Ligue-1,13,2017-2018
29.0,Sun,2018-03-11,15:00,Guingamp,2.0,2–5,1.6,Nice,13656.0,Stade du Roudourou,Stéphane Jochem,Ligue-1,13,2017-2018
29.0,Sun,2018-03-11,17:00,Lyon,1.9,1–0,0.3,Caen,39530.0,Groupama Stadium,Clément Turpin,Ligue-1,13,2017-2018
29.0,Sun,2018-03-11,21:00,Toulouse,1.5,1–2,2.3,Marseille,26320.0,Stadium Municipal,François Letexier,Ligue-1,13,2017-2018
31.0,Wed,2018-03-14,17:00,Paris S-G,1.7,2–1,1.1,Angers,46757.0,Parc des Princes,Sébastien Desiage,Ligue-1,13,2017-2018
30.0,Fri,2018-03-16,20:45,Monaco,1.1,2–1,1.0,Lille,7147.0,Stade Louis II.,Clément Turpin,Ligue-1,13,2017-2018
30.0,Sat,2018-03-17,17:00,Bordeaux,1.1,0–2,0.7,Rennes,32626.0,Stade Matmut-Atlantique,Mikael Lesage,Ligue-1,13,2017-2018
30.0,Sat,2018-03-17,20:00,Montpellier,2.7,2–2,0.8,Dijon,14747.0,Stade de la Mosson,Thomas Léonard,Ligue-1,13,2017-2018
30.0,Sat,2018-03-17,20:00,Amiens,1.1,1–1,1.6,Troyes,9221.0,Stade de la Licorne,Stéphane Jochem,Ligue-1,13,2017-2018
30.0,Sat,2018-03-17,20:00,Toulouse,1.5,2–2,0.9,Strasbourg,14273.0,Stadium Municipal,Sébastien Moreira,Ligue-1,13,2017-2018
30.0,Sat,2018-03-17,20:00,Angers,1.7,3–0,0.3,Caen,10342.0,Stade Raymond Kopa,Olivier Thual,Ligue-1,13,2017-2018
30.0,Sun,2018-03-18,13:00,Nice,1.1,1–2,2.3,Paris S-G,33478.0,Stade de Nice,François Letexier,Ligue-1,13,2017-2018
30.0,Sun,2018-03-18,15:00,Metz,0.6,1–1,1.0,Nantes,13058.0,Stade Saint-Symphorien,Benoît Millot,Ligue-1,13,2017-2018
30.0,Sun,2018-03-18,17:00,Saint-Étienne,1.1,2–0,0.4,Guingamp,25073.0,Stade Geoffroy-Guichard,Amaury Delerue,Ligue-1,13,2017-2018
30.0,Sun,2018-03-18,21:00,Marseille,1.0,2–3,1.4,Lyon,60009.0,Orange Vélodrome,Ruddy Buquet,Ligue-1,13,2017-2018
31.0,Sat,2018-03-31,17:00,Dijon,0.7,1–3,3.3,Marseille,15157.0,Stade Gaston Gérard,Jérôme Brisard,Ligue-1,13,2017-2018
31.0,Sun,2018-04-01,15:00,Guingamp,1.1,2–1,1.9,Bordeaux,15427.0,Stade du Roudourou,Sébastien Moreira,Ligue-1,13,2017-2018
31.0,Sun,2018-04-01,17:00,Lille,1.1,0–1,1.3,Amiens,,Stade Pierre-Mauroy,Karim Abed,Ligue-1,13,2017-2018
31.0,Sun,2018-04-01,17:00,Strasbourg,2.0,2–2,1.7,Metz,25627.0,Stade de la Meinau,Ruddy Buquet,Ligue-1,13,2017-2018
31.0,Sun,2018-04-01,17:00,Troyes,0.7,0–2,2.2,Nice,11013.0,Stade de l'Aube,Johan Hamel,Ligue-1,13,2017-2018
31.0,Sun,2018-04-01,17:00,Caen,1.2,1–3,1.8,Montpellier,17686.0,Stade Michel d'Ornano,Sébastien Desiage,Ligue-1,13,2017-2018
31.0,Sun,2018-04-01,17:00,Nantes,2.0,0–3,2.5,Saint-Étienne,31043.0,Stade de la Beaujoire - Louis Fonteneau,Stephan Klossner,Ligue-1,13,2017-2018
31.0,Sun,2018-04-01,21:00,Lyon,2.5,2–0,0.5,Toulouse,48548.0,Groupama Stadium,Benoît Bastien,Ligue-1,13,2017-2018
31.0,Wed,2018-04-04,18:45,Rennes,1.8,1–1,0.9,Monaco,17448.0,Roazhon Park,Amaury Delerue,Ligue-1,13,2017-2018
32.0,Fri,2018-04-06,20:45,Saint-Étienne,2.7,1–1,1.2,Paris S-G,37602.0,Stade Geoffroy-Guichard,Nicolas Rainville,Ligue-1,13,2017-2018
32.0,Sat,2018-04-07,17:00,Monaco,0.5,2–1,0.4,Nantes,8557.0,Stade Louis II.,François Letexier,Ligue-1,13,2017-2018
32.0,Sat,2018-04-07,20:00,Toulouse,1.0,0–1,1.0,Dijon,17246.0,Stadium Municipal,Hakim Ben El Hadj Salem,Ligue-1,13,2017-2018
32.0,Sat,2018-04-07,20:00,Bordeaux,2.1,2–1,0.7,Lille,34997.0,Stade Matmut-Atlantique,Thomas Léonard,Ligue-1,13,2017-2018
32.0,Sat,2018-04-07,20:00,Angers,1.0,1–1,1.3,Strasbourg,11893.0,Stade Raymond Kopa,Stéphane Jochem,Ligue-1,13,2017-2018
32.0,Sat,2018-04-07,20:00,Amiens,1.2,3–0,1.8,Caen,9506.0,Stade de la Licorne,Benoît Millot,Ligue-1,13,2017-2018
32.0,Sat,2018-04-07,20:00,Guingamp,2.2,4–0,0.5,Troyes,14604.0,Stade du Roudourou,Franck Schneider,Ligue-1,13,2017-2018
32.0,Sun,2018-04-08,15:00,Nice,0.7,1–1,0.8,Rennes,23827.0,Stade de Nice,Jérôme Brisard,Ligue-1,13,2017-2018
32.0,Sun,2018-04-08,17:00,Metz,0.5,0–5,2.0,Lyon,15540.0,Stade Saint-Symphorien,Antony Gautier,Ligue-1,13,2017-2018
32.0,Sun,2018-04-08,21:00,Marseille,1.0,0–0,0.4,Montpellier,39163.0,Orange Vélodrome,Mikael Lesage,Ligue-1,13,2017-2018
33.0,Fri,2018-04-13,20:45,Angers,1.2,1–1,1.2,Nice,12754.0,Stade Raymond Kopa,Clément Turpin,Ligue-1,13,2017-2018
33.0,Sat,2018-04-14,17:00,Lyon,2.8,3–0,0.3,Amiens,47513.0,Groupama Stadium,Johan Hamel,Ligue-1,13,2017-2018
33.0,Sat,2018-04-14,20:00,Rennes,1.6,1–2,1.2,Metz,22855.0,Roazhon Park,Hakim Ben El Hadj Salem,Ligue-1,13,2017-2018
33.0,Sat,2018-04-14,20:00,Lille,1.3,2–2,0.5,Guingamp,33461.0,Stade Pierre-Mauroy,Benoît Bastien,Ligue-1,13,2017-2018
33.0,Sat,2018-04-14,20:00,Nantes,1.2,1–1,0.6,Dijon,19209.0,Stade de la Beaujoire - Louis Fonteneau,Olivier Thual,Ligue-1,13,2017-2018
33.0,Sat,2018-04-14,20:00,Strasbourg,1.0,0–1,0.5,Saint-Étienne,25377.0,Stade de la Meinau,Mikael Lesage,Ligue-1,13,2017-2018
33.0,Sun,2018-04-15,15:00,Montpellier,1.5,1–3,1.7,Bordeaux,13520.0,Stade de la Mosson,Karim Abed,Ligue-1,13,2017-2018
33.0,Sun,2018-04-15,17:00,Troyes,1.8,2–3,1.5,Marseille,18011.0,Stade de l'Aube,Sébastien Moreira,Ligue-1,13,2017-2018
33.0,Sun,2018-04-15,21:00,Paris S-G,2.6,7–1,1.6,Monaco,46869.0,Parc des Princes,Ruddy Buquet,Ligue-1,13,2017-2018
34.0,Fri,2018-04-20,19:30,Nantes,1.8,1–1,1.6,Rennes,32431.0,Stade de la Beaujoire - Louis Fonteneau,Benoît Bastien,Ligue-1,13,2017-2018
34.0,Fri,2018-04-20,21:00,Dijon,0.8,2–5,2.7,Lyon,15102.0,Stade Gaston Gérard,Franck Schneider,Ligue-1,13,2017-2018
34.0,Sat,2018-04-21,17:00,Marseille,2.9,5–1,1.4,Lille,51098.0,Orange Vélodrome,Amaury Delerue,Ligue-1,13,2017-2018
34.0,Sat,2018-04-21,20:00,Metz,1.3,1–1,0.6,Caen,16518.0,Stade Saint-Symphorien,Karim Abed,Ligue-1,13,2017-2018
34.0,Sat,2018-04-21,20:00,Guingamp,3.3,3–1,0.3,Monaco,14968.0,Stade du Roudourou,Benoît Millot,Ligue-1,13,2017-2018
34.0,Sat,2018-04-21,20:00,Amiens,1.0,3–1,1.6,Strasbourg,9784.0,Stade de la Licorne,Olivier Thual,Ligue-1,13,2017-2018
34.0,Sat,2018-04-21,20:00,Toulouse,2.3,2–0,0.5,Angers,14414.0,Stadium Municipal,Jérôme Brisard,Ligue-1,13,2017-2018
34.0,Sun,2018-04-22,15:00,Nice,1.6,1–0,0.4,Montpellier,21285.0,Stade de Nice,Ruddy Buquet,Ligue-1,13,2017-2018
34.0,Sun,2018-04-22,17:00,Saint-Étienne,2.0,2–1,1.0,Troyes,31692.0,Stade Geoffroy-Guichard,Stéphane Jochem,Ligue-1,13,2017-2018
34.0,Sun,2018-04-22,21:00,Bordeaux,1.7,0–1,0.9,Paris S-G,41290.0,Stade Matmut-Atlantique,Antony Gautier,Ligue-1,13,2017-2018
33.0,Wed,2018-04-25,18:45,Caen,0.3,0–0,0.4,Toulouse,18658.0,Stade Michel d'Ornano,Benoît Millot,Ligue-1,13,2017-2018
35.0,Fri,2018-04-27,20:45,Montpellier,1.7,0–1,1.3,Saint-Étienne,15814.0,Stade de la Mosson,Thomas Léonard,Ligue-1,13,2017-2018
35.0,Sat,2018-04-28,17:00,Lyon,3.2,2–0,0.5,Nantes,50443.0,Groupama Stadium,Antony Gautier,Ligue-1,13,2017-2018
35.0,Sat,2018-04-28,20:00,Bordeaux,2.2,3–1,1.6,Dijon,22584.0,Stade Matmut-Atlantique,Johan Hamel,Ligue-1,13,2017-2018
35.0,Sat,2018-04-28,20:00,Troyes,1.1,3–1,0.7,Caen,14019.0,Stade de l'Aube,Hakim Ben El Hadj Salem,Ligue-1,13,2017-2018
35.0,Sat,2018-04-28,20:00,Monaco,0.7,0–0,1.0,Amiens,8164.0,Stade Louis II.,Mikael Lesage,Ligue-1,13,2017-2018
35.0,Sat,2018-04-28,20:00,Strasbourg,0.9,1–1,1.6,Nice,25386.0,Stade de la Meinau,Amaury Delerue,Ligue-1,13,2017-2018
35.0,Sat,2018-04-28,20:00,Lille,2.5,3–1,1.1,Metz,38429.0,Stade Pierre-Mauroy,François Letexier,Ligue-1,13,2017-2018
35.0,Sun,2018-04-29,15:00,Rennes,2.4,2–1,0.8,Toulouse,20138.0,Roazhon Park,Stéphane Jochem,Ligue-1,13,2017-2018
35.0,Sun,2018-04-29,17:00,Angers,1.3,1–1,1.6,Marseille,15794.0,Stade Raymond Kopa,Nicolas Rainville,Ligue-1,13,2017-2018
35.0,Sun,2018-04-29,21:00,Paris S-G,2.4,2–2,1.5,Guingamp,47759.0,Parc des Princes,Sébastien Moreira,Ligue-1,13,2017-2018
36.0,Fri,2018-05-04,20:45,Amiens,0.4,2–2,2.7,Paris S-G,11676.0,Stade de la Licorne,Hakim Ben El Hadj Salem,Ligue-1,13,2017-2018
36.0,Sun,2018-05-06,15:00,Saint-Étienne,2.0,1–3,1.3,Bordeaux,33741.0,Stade Geoffroy-Guichard,Sébastien Moreira,Ligue-1,13,2017-2018
36.0,Sun,2018-05-06,16:30,Lyon,1.4,3–0,1.2,Troyes,54274.0,Groupama Stadium,Nicolas Rainville,Ligue-1,13,2017-2018
36.0,Sun,2018-05-06,17:00,Toulouse,0.6,2–3,3.2,Lille,26251.0,Stadium Municipal,Clément Turpin,Ligue-1,13,2017-2018
36.0,Sun,2018-05-06,17:00,Metz,0.8,1–2,1.2,Angers,13295.0,Stade Saint-Symphorien,Olivier Thual,Ligue-1,13,2017-2018
36.0,Sun,2018-05-06,17:00,Nantes,1.2,0–2,0.7,Montpellier,19895.0,Stade de la Beaujoire - Louis Fonteneau,Franck Schneider,Ligue-1,13,2017-2018
36.0,Sun,2018-05-06,17:00,Rennes,2.2,2–1,1.2,Strasbourg,23554.0,Roazhon Park,Benoît Millot,Ligue-1,13,2017-2018
36.0,Sun,2018-05-06,17:00,Dijon,2.3,3–1,0.4,Guingamp,13157.0,Stade Gaston Gérard,Karim Abed,Ligue-1,13,2017-2018
36.0,Sun,2018-05-06,17:00,Caen,1.2,1–2,1.5,Monaco,17468.0,Stade Michel d'Ornano,Ruddy Buquet,Ligue-1,13,2017-2018
36.0,Sun,2018-05-06,21:05,Marseille,1.7,2–1,0.9,Nice,51443.0,Orange Vélodrome,Antony Gautier,Ligue-1,13,2017-2018
37.0,Fri,2018-05-11,20:45,Guingamp,3.5,3–3,1.8,Marseille,18378.0,Stade du Roudourou,Amaury Delerue,Ligue-1,13,2017-2018
37.0,Sat,2018-05-12,21:00,Angers,1.1,0–2,0.8,Nantes,15567.0,Stade Raymond Kopa,Benoît Millot,Ligue-1,13,2017-2018
37.0,Sat,2018-05-12,21:00,Monaco,2.5,1–0,0.9,Saint-Étienne,10742.0,Stade Louis II.,Benoît Bastien,Ligue-1,13,2017-2018
37.0,Sat,2018-05-12,21:00,Lille,2.4,2–1,1.6,Dijon,46342.0,Stade Pierre-Mauroy,Nicolas Rainville,Ligue-1,13,2017-2018
37.0,Sat,2018-05-12,21:00,Paris S-G,0.9,0–2,1.0,Rennes,47352.0,Parc des Princes,Jérôme Brisard,Ligue-1,13,2017-2018
37.0,Sat,2018-05-12,21:00,Montpellier,1.1,1–1,0.6,Troyes,12125.0,Stade de la Mosson,François Letexier,Ligue-1,13,2017-2018
37.0,Sat,2018-05-12,21:00,Bordeaux,3.2,4–2,0.7,Toulouse,38630.0,Stade Matmut-Atlantique,Ruddy Buquet,Ligue-1,13,2017-2018
37.0,Sat,2018-05-12,21:00,Nice,2.9,4–1,0.8,Caen,22570.0,Stade de Nice,Franck Schneider,Ligue-1,13,2017-2018
37.0,Sat,2018-05-12,21:00,Strasbourg,1.2,3–2,1.1,Lyon,25503.0,Stade de la Meinau,Clément Turpin,Ligue-1,13,2017-2018
37.0,Sat,2018-05-12,21:00,Amiens,1.6,2–0,1.3,Metz,10969.0,Stade de la Licorne,Johan Hamel,Ligue-1,13,2017-2018
38.0,Sat,2018-05-19,21:00,Marseille,2.4,2–1,0.5,Amiens,56120.0,Orange Vélodrome,Jérôme Brisard,Ligue-1,13,2017-2018
38.0,Sat,2018-05-19,21:00,Troyes,1.1,0–3,2.2,Monaco,14585.0,Stade de l'Aube,Clément Turpin,Ligue-1,13,2017-2018
38.0,Sat,2018-05-19,21:00,Nantes,0.7,1–0,0.6,Strasbourg,19595.0,Stade de la Beaujoire - Louis Fonteneau,Ruddy Buquet,Ligue-1,13,2017-2018
38.0,Sat,2018-05-19,21:00,Lyon,2.7,3–2,1.3,Nice,56953.0,Groupama Stadium,Benoît Bastien,Ligue-1,13,2017-2018
38.0,Sat,2018-05-19,21:00,Saint-Étienne,2.7,5–0,0.7,Lille,22665.0,Stade Geoffroy-Guichard,François Letexier,Ligue-1,13,2017-2018
38.0,Sat,2018-05-19,21:00,Dijon,0.8,2–1,2.3,Angers,14270.0,Stade Gaston Gérard,Thomas Léonard,Ligue-1,13,2017-2018
38.0,Sat,2018-05-19,21:00,Toulouse,2.3,2–1,0.6,Guingamp,24306.0,Stadium Municipal,Mikael Lesage,Ligue-1,13,2017-2018
38.0,Sat,2018-05-19,21:00,Metz,0.5,0–4,2.1,Bordeaux,12400.0,Stade Saint-Symphorien,Hakim Ben El Hadj Salem,Ligue-1,13,2017-2018
38.0,Sat,2018-05-19,21:00,Rennes,0.7,1–1,0.6,Montpellier,28126.0,Roazhon Park,Karim Abed,Ligue-1,13,2017-2018
38.0,Sat,2018-05-19,21:00,Caen,0.7,0–0,1.0,Paris S-G,19999.0,Stade Michel d'Ornano,Antony Gautier,Ligue-1,13,2017-2018
