Wk,Day,Date,Time,Home,xG,Score,xG.1,Away,Attendance,Venue,Referee,League Name,League ID,Season
1.0,Fri,2018-08-24,20:30,Bayern Munich,2.8,3–1,0.9,Hoffenheim,75000.0,Allianz Arena,Bastian Dankert,Bundesliga,20,2018-2019
1.0,Sat,2018-08-25,15:30,Hertha BSC,1.4,1–0,1.3,Nrnberg,52729.0,Olympiastadion Berlin,Tobias Welz,Bundesliga,20,2018-2019
1.0,Sat,2018-08-25,15:30,Wolfsburg,1.3,2–1,1.4,Schalke 04,26621.0,Volkswagen Arena,Patrick Ittrich,Bundesliga,20,2018-2019
1.0,Sat,2018-08-25,15:30,Werder Bremen,1.8,1–1,1.0,Hannover 96,42100.0,Weserstadion,Felix Brych,Bundesliga,20,2018-2019
1.0,Sat,2018-08-25,15:30,Freiburg,2.0,0–2,0.9,Eint Frankfurt,24000.0,Schwarzwald-Stadion,Manuel Grfe,Bundesliga,20,2018-2019
1.0,Sat,2018-08-25,15:30,Dsseldorf,1.3,1–2,1.3,Augsburg,40996.0,Merkur Spielarena,Markus Schmidt,Bundesliga,20,2018-2019
1.0,Sat,2018-08-25,18:30,M'Gladbach,4.1,2–0,1.4,Leverkusen,53087.0,Stadion im Borussia-Park,Christian Dingert,Bundesliga,20,2018-2019
1.0,Sun,2018-08-26,15:30,Mainz 05,1.1,1–0,1.0,Stuttgart,28705.0,Opel Arena,Daniel Siebert,Bundesliga,20,2018-2019
1.0,Sun,2018-08-26,18:00,Dortmund,1.0,4–1,1.6,RB Leipzig,80365.0,Signal Iduna Park,Deniz Aytekin,Bundesliga,20,2018-2019
,,,,,,,,,,,,Bundesliga,20,2018-2019
2.0,Fri,2018-08-31,20:30,Hannover 96,0.8,0–0,0.7,Dortmund,49000.0,HDI-Arena,Felix Zwayer,Bundesliga,20,2018-2019
2.0,Sat,2018-09-01,15:30,Leverkusen,1.5,1–3,1.2,Wolfsburg,26247.0,BayArena,Sven Jablonski,Bundesliga,20,2018-2019
2.0,Sat,2018-09-01,15:30,Augsburg,1.1,1–1,1.1,M'Gladbach,29580.0,WWK Arena,Frank Willenborg,Bundesliga,20,2018-2019
2.0,Sat,2018-09-01,15:30,Eint Frankfurt,1.2,1–2,1.7,Werder Bremen,50000.0,Commerzbank-Arena,Sren Storks,Bundesliga,20,2018-2019
2.0,Sat,2018-09-01,15:30,Hoffenheim,3.5,3–1,2.7,Freiburg,28619.0,PreZero Arena,Robert Hartmann,Bundesliga,20,2018-2019
2.0,Sat,2018-09-01,15:30,Nrnberg,1.2,1–1,0.4,Mainz 05,37781.0,Max-Morlock-Stadion,Guido Winkmann,Bundesliga,20,2018-2019
2.0,Sat,2018-09-01,18:30,Stuttgart,0.2,0–3,1.8,Bayern Munich,58680.0,Mercedes-Benz Arena,Harm Osmers,Bundesliga,20,2018-2019
2.0,Sun,2018-09-02,15:30,RB Leipzig,1.8,1–1,1.2,Dsseldorf,34975.0,Red Bull Arena,Marco Fritz,Bundesliga,20,2018-2019
2.0,Sun,2018-09-02,18:00,Schalke 04,1.8,0–2,0.6,Hertha BSC,60181.0,Veltins-Arena,Sascha Stegemann,Bundesliga,20,2018-2019
3.0,Fri,2018-09-14,20:30,Dortmund,0.9,3–1,0.3,Eint Frankfurt,81000.0,Signal Iduna Park,Benjamin Cortus,Bundesliga,20,2018-2019
3.0,Sat,2018-09-15,15:30,Bayern Munich,1.3,3–1,0.8,Leverkusen,75000.0,Allianz Arena,Tobias Welz,Bundesliga,20,2018-2019
3.0,Sat,2018-09-15,15:30,Dsseldorf,1.5,2–1,2.3,Hoffenheim,40111.0,Merkur Spielarena,Tobias Stieler,Bundesliga,20,2018-2019
3.0,Sat,2018-09-15,15:30,Mainz 05,2.8,2–1,0.7,Augsburg,21105.0,Opel Arena,Martin Petersen,Bundesliga,20,2018-2019
3.0,Sat,2018-09-15,15:30,RB Leipzig,2.3,3–2,1.2,Hannover 96,38937.0,Red Bull Arena,Robert Kampka,Bundesliga,20,2018-2019
3.0,Sat,2018-09-15,15:30,Wolfsburg,2.0,2–2,0.8,Hertha BSC,25090.0,Volkswagen Arena,Christian Dingert,Bundesliga,20,2018-2019
3.0,Sat,2018-09-15,18:30,M'Gladbach,1.3,2–1,1.6,Schalke 04,54022.0,Stadion im Borussia-Park,Manuel Grfe,Bundesliga,20,2018-2019
3.0,Sun,2018-09-16,15:30,Werder Bremen,0.7,1–1,1.0,Nrnberg,42100.0,Weserstadion,Daniel Schlager,Bundesliga,20,2018-2019
3.0,Sun,2018-09-16,18:00,Freiburg,1.1,3–3,1.0,Stuttgart,24000.0,Schwarzwald-Stadion,Deniz Aytekin,Bundesliga,20,2018-2019
4.0,Fri,2018-09-21,20:30,Stuttgart,1.4,0–0,0.9,Dsseldorf,54410.0,Mercedes-Benz Arena,Robert Hartmann,Bundesliga,20,2018-2019
4.0,Sat,2018-09-22,15:30,Augsburg,2.2,2–3,1.5,Werder Bremen,28434.0,WWK Arena,Felix Zwayer,Bundesliga,20,2018-2019
4.0,Sat,2018-09-22,15:30,Wolfsburg,0.7,1–3,2.0,Freiburg,23011.0,Volkswagen Arena,Sascha Stegemann,Bundesliga,20,2018-2019
4.0,Sat,2018-09-22,15:30,Hertha BSC,2.8,4–2,2.2,M'Gladbach,51852.0,Olympiastadion Berlin,Markus Schmidt,Bundesliga,20,2018-2019
4.0,Sat,2018-09-22,15:30,Nrnberg,1.2,2–0,0.7,Hannover 96,36736.0,Max-Morlock-Stadion,Bastian Dankert,Bundesliga,20,2018-2019
4.0,Sat,2018-09-22,15:30,Hoffenheim,2.1,1–1,1.3,Dortmund,30150.0,PreZero Arena,Harm Osmers,Bundesliga,20,2018-2019
4.0,Sat,2018-09-22,18:30,Schalke 04,0.4,0–2,2.4,Bayern Munich,62271.0,Veltins-Arena,Daniel Siebert,Bundesliga,20,2018-2019
4.0,Sun,2018-09-23,15:30,Leverkusen,1.3,1–0,0.8,Mainz 05,27473.0,BayArena,Marco Fritz,Bundesliga,20,2018-2019
4.0,Sun,2018-09-23,18:00,Eint Frankfurt,1.6,1–1,1.5,RB Leipzig,43800.0,Commerzbank-Arena,Felix Brych,Bundesliga,20,2018-2019
5.0,Tue,2018-09-25,18:30,Werder Bremen,2.5,3–1,1.0,Hertha BSC,39100.0,Weserstadion,Guido Winkmann,Bundesliga,20,2018-2019
5.0,Tue,2018-09-25,20:30,Bayern Munich,1.7,1–1,1.3,Augsburg,75000.0,Allianz Arena,Sren Storks,Bundesliga,20,2018-2019
5.0,Tue,2018-09-25,20:30,Freiburg,1.5,1–0,0.8,Schalke 04,24000.0,Schwarzwald-Stadion,Frank Willenborg,Bundesliga,20,2018-2019
5.0,Tue,2018-09-25,20:30,Hannover 96,1.7,1–3,1.9,Hoffenheim,33500.0,HDI-Arena,Christian Dingert,Bundesliga,20,2018-2019
5.0,Wed,2018-09-26,18:30,Dsseldorf,2.2,1–2,1.7,Leverkusen,40046.0,Merkur Spielarena,Manuel Grfe,Bundesliga,20,2018-2019
5.0,Wed,2018-09-26,20:30,RB Leipzig,3.2,2–0,0.7,Stuttgart,32187.0,Red Bull Arena,Robert Schrder,Bundesliga,20,2018-2019
5.0,Wed,2018-09-26,20:30,Mainz 05,0.4,0–0,1.0,Wolfsburg,19205.0,Opel Arena,Tobias Stieler,Bundesliga,20,2018-2019
5.0,Wed,2018-09-26,20:30,M'Gladbach,1.6,3–1,1.3,Eint Frankfurt,41257.0,Stadion im Borussia-Park,Sven Jablonski,Bundesliga,20,2018-2019
5.0,Wed,2018-09-26,20:30,Dortmund,2.1,7–0,0.1,Nrnberg,75700.0,Signal Iduna Park,Patrick Ittrich,Bundesliga,20,2018-2019
6.0,Fri,2018-09-28,20:30,Hertha BSC,1.1,2–0,1.8,Bayern Munich,74669.0,Olympiastadion Berlin,Marco Fritz,Bundesliga,20,2018-2019
6.0,Sat,2018-09-29,15:30,Hoffenheim,1.8,1–2,1.6,RB Leipzig,28115.0,PreZero Arena,Deniz Aytekin,Bundesliga,20,2018-2019
6.0,Sat,2018-09-29,15:30,Stuttgart,2.3,2–1,1.5,Werder Bremen,58569.0,Mercedes-Benz Arena,Tobias Welz,Bundesliga,20,2018-2019
6.0,Sat,2018-09-29,15:30,Schalke 04,1.0,1–0,0.9,Mainz 05,61810.0,Veltins-Arena,Benjamin Cortus,Bundesliga,20,2018-2019
6.0,Sat,2018-09-29,15:30,Nrnberg,2.2,3–0,1.1,Dsseldorf,36102.0,Max-Morlock-Stadion,Harm Osmers,Bundesliga,20,2018-2019
6.0,Sat,2018-09-29,15:30,Wolfsburg,1.3,2–2,0.7,M'Gladbach,24100.0,Volkswagen Arena,Felix Zwayer,Bundesliga,20,2018-2019
6.0,Sat,2018-09-29,18:30,Leverkusen,1.1,2–4,2.7,Dortmund,30210.0,BayArena,Felix Brych,Bundesliga,20,2018-2019
6.0,Sun,2018-09-30,15:30,Eint Frankfurt,2.1,4–1,0.4,Hannover 96,46300.0,Commerzbank-Arena,Robert Hartmann,Bundesliga,20,2018-2019
6.0,Sun,2018-09-30,18:00,Augsburg,3.8,4–1,1.5,Freiburg,26488.0,WWK Arena,Robert Kampka,Bundesliga,20,2018-2019
7.0,Fri,2018-10-05,20:30,Werder Bremen,1.0,2–0,0.4,Wolfsburg,42100.0,Weserstadion,Martin Petersen,Bundesliga,20,2018-2019
7.0,Sat,2018-10-06,15:30,Dortmund,1.9,4–3,2.2,Augsburg,81365.0,Signal Iduna Park,Markus Schmidt,Bundesliga,20,2018-2019
7.0,Sat,2018-10-06,15:30,Mainz 05,2.1,0–0,1.5,Hertha BSC,22405.0,Opel Arena,Daniel Schlager,Bundesliga,20,2018-2019
7.0,Sat,2018-10-06,15:30,Dsseldorf,0.6,0–2,1.6,Schalke 04,52000.0,Merkur Spielarena,Sven Jablonski,Bundesliga,20,2018-2019
7.0,Sat,2018-10-06,15:30,Hannover 96,1.7,3–1,0.9,Stuttgart,40800.0,HDI-Arena,Sascha Stegemann,Bundesliga,20,2018-2019
7.0,Sat,2018-10-06,18:30,Bayern Munich,1.6,0–3,0.5,M'Gladbach,75000.0,Allianz Arena,Frank Willenborg,Bundesliga,20,2018-2019
7.0,Sun,2018-10-07,13:30,Freiburg,0.3,0–0,1.1,Leverkusen,23800.0,Schwarzwald-Stadion,Bastian Dankert,Bundesliga,20,2018-2019
7.0,Sun,2018-10-07,15:30,Hoffenheim,2.2,1–2,1.0,Eint Frankfurt,29785.0,PreZero Arena,Daniel Siebert,Bundesliga,20,2018-2019
7.0,Sun,2018-10-07,18:00,RB Leipzig,2.1,6–0,0.2,Nrnberg,37389.0,Red Bull Arena,Tobias Stieler,Bundesliga,20,2018-2019
8.0,Fri,2018-10-19,20:30,Eint Frankfurt,3.7,7–1,1.0,Dsseldorf,51000.0,Commerzbank-Arena,Deniz Aytekin,Bundesliga,20,2018-2019
8.0,Sat,2018-10-20,15:30,Nrnberg,1.3,1–3,2.2,Hoffenheim,36472.0,Max-Morlock-Stadion,Felix Zwayer,Bundesliga,20,2018-2019
8.0,Sat,2018-10-20,15:30,Stuttgart,1.0,0–4,1.2,Dortmund,59000.0,Mercedes-Benz Arena,Manuel Grfe,Bundesliga,20,2018-2019
8.0,Sat,2018-10-20,15:30,Leverkusen,2.2,2–2,0.6,Hannover 96,26435.0,BayArena,Patrick Ittrich,Bundesliga,20,2018-2019
8.0,Sat,2018-10-20,15:30,Augsburg,0.2,0–0,0.9,RB Leipzig,28703.0,WWK Arena,Tobias Welz,Bundesliga,20,2018-2019
8.0,Sat,2018-10-20,15:30,Wolfsburg,1.4,1–3,2.7,Bayern Munich,30000.0,Volkswagen Arena,Guido Winkmann,Bundesliga,20,2018-2019
8.0,Sat,2018-10-20,18:30,Schalke 04,1.4,0–2,0.4,Werder Bremen,62271.0,Veltins-Arena,Christian Dingert,Bundesliga,20,2018-2019
8.0,Sun,2018-10-21,15:30,Hertha BSC,1.1,1–1,0.7,Freiburg,53716.0,Olympiastadion Berlin,Benjamin Cortus,Bundesliga,20,2018-2019
8.0,Sun,2018-10-21,18:00,M'Gladbach,2.6,4–0,1.2,Mainz 05,51123.0,Stadion im Borussia-Park,Sren Storks,Bundesliga,20,2018-2019
9.0,Fri,2018-10-26,20:30,Freiburg,1.5,3–1,1.2,M'Gladbach,24000.0,Schwarzwald-Stadion,Robert Hartmann,Bundesliga,20,2018-2019
9.0,Sat,2018-10-27,15:30,Hannover 96,0.8,1–2,1.6,Augsburg,37600.0,HDI-Arena,Robert Kampka,Bundesliga,20,2018-2019
9.0,Sat,2018-10-27,15:30,Dortmund,3.7,2–2,2.1,Hertha BSC,81000.0,Signal Iduna Park,Sascha Stegemann,Bundesliga,20,2018-2019
9.0,Sat,2018-10-27,15:30,Mainz 05,0.3,1–2,2.2,Bayern Munich,33305.0,Opel Arena,Harm Osmers,Bundesliga,20,2018-2019
9.0,Sat,2018-10-27,15:30,Dsseldorf,0.6,0–3,2.0,Wolfsburg,38043.0,Merkur Spielarena,Daniel Schlager,Bundesliga,20,2018-2019
9.0,Sat,2018-10-27,18:30,Hoffenheim,2.9,4–0,0.5,Stuttgart,30150.0,PreZero Arena,Frank Willenborg,Bundesliga,20,2018-2019
9.0,Sun,2018-10-28,13:30,Nrnberg,1.0,1–1,1.6,Eint Frankfurt,42154.0,Max-Morlock-Stadion,Robert Schrder,Bundesliga,20,2018-2019
9.0,Sun,2018-10-28,15:30,RB Leipzig,0.7,0–0,0.5,Schalke 04,41939.0,Red Bull Arena,Felix Brych,Bundesliga,20,2018-2019
9.0,Sun,2018-10-28,18:00,Werder Bremen,1.9,2–6,3.9,Leverkusen,40400.0,Weserstadion,Marco Fritz,Bundesliga,20,2018-2019
10.0,Fri,2018-11-02,20:30,Stuttgart,1.0,0–3,3.1,Eint Frankfurt,58016.0,Mercedes-Benz Arena,Sven Jablonski,Bundesliga,20,2018-2019
10.0,Sat,2018-11-03,15:30,Schalke 04,2.8,3–1,1.9,Hannover 96,61959.0,Veltins-Arena,Markus Schmidt,Bundesliga,20,2018-2019
10.0,Sat,2018-11-03,15:30,Bayern Munich,2.0,1–1,0.3,Freiburg,75000.0,Allianz Arena,Felix Zwayer,Bundesliga,20,2018-2019
10.0,Sat,2018-11-03,15:30,Leverkusen,1.6,1–4,1.6,Hoffenheim,27589.0,BayArena,Tobias Stieler,Bundesliga,20,2018-2019
10.0,Sat,2018-11-03,15:30,Wolfsburg,0.6,0–1,1.4,Dortmund,30000.0,Volkswagen Arena,Daniel Siebert,Bundesliga,20,2018-2019
10.0,Sat,2018-11-03,15:30,Augsburg,1.6,2–2,1.4,Nrnberg,30660.0,WWK Arena,Patrick Ittrich,Bundesliga,20,2018-2019
10.0,Sat,2018-11-03,18:30,Hertha BSC,1.4,0–3,3.7,RB Leipzig,50382.0,Olympiastadion Berlin,Deniz Aytekin,Bundesliga,20,2018-2019
10.0,Sun,2018-11-04,15:30,M'Gladbach,3.5,3–0,0.8,Dsseldorf,54022.0,Stadion im Borussia-Park,Felix Brych,Bundesliga,20,2018-2019
10.0,Sun,2018-11-04,18:00,Mainz 05,0.8,2–1,1.6,Werder Bremen,25105.0,Opel Arena,Guido Winkmann,Bundesliga,20,2018-2019
11.0,Fri,2018-11-09,20:30,Hannover 96,2.1,2–1,3.2,Wolfsburg,35800.0,HDI-Arena,Marco Fritz,Bundesliga,20,2018-2019
11.0,Sat,2018-11-10,15:30,Nrnberg,0.5,0–2,1.5,Stuttgart,50000.0,Max-Morlock-Stadion,Christian Dingert,Bundesliga,20,2018-2019
11.0,Sat,2018-11-10,15:30,Hoffenheim,2.3,2–1,1.3,Augsburg,27009.0,PreZero Arena,Robert Schrder,Bundesliga,20,2018-2019
11.0,Sat,2018-11-10,15:30,Freiburg,1.3,1–3,0.9,Mainz 05,24000.0,Schwarzwald-Stadion,Sascha Stegemann,Bundesliga,20,2018-2019
11.0,Sat,2018-11-10,15:30,Werder Bremen,1.4,1–3,2.0,M'Gladbach,42100.0,Weserstadion,Sren Storks,Bundesliga,20,2018-2019
11.0,Sat,2018-11-10,15:30,Dsseldorf,2.7,4–1,0.8,Hertha BSC,38743.0,Merkur Spielarena,Robert Hartmann,Bundesliga,20,2018-2019
11.0,Sat,2018-11-10,18:30,Dortmund,2.5,3–2,2.1,Bayern Munich,81365.0,Signal Iduna Park,Manuel Grfe,Bundesliga,20,2018-2019
11.0,Sun,2018-11-11,15:30,RB Leipzig,2.2,3–0,0.4,Leverkusen,36155.0,Red Bull Arena,Martin Petersen,Bundesliga,20,2018-2019
11.0,Sun,2018-11-11,18:00,Eint Frankfurt,1.7,3–0,0.8,Schalke 04,50700.0,Commerzbank-Arena,Benjamin Cortus,Bundesliga,20,2018-2019
12.0,Fri,2018-11-23,20:30,Leverkusen,2.9,2–0,0.6,Stuttgart,24632.0,BayArena,Robert Schrder,Bundesliga,20,2018-2019
12.0,Sat,2018-11-24,15:30,Wolfsburg,1.7,1–0,0.5,RB Leipzig,22832.0,Volkswagen Arena,Tobias Stieler,Bundesliga,20,2018-2019
12.0,Sat,2018-11-24,15:30,Augsburg,2.2,1–3,3.5,Eint Frankfurt,30660.0,WWK Arena,Felix Zwayer,Bundesliga,20,2018-2019
12.0,Sat,2018-11-24,15:30,Mainz 05,1.0,1–2,1.2,Dortmund,33305.0,Opel Arena,Deniz Aytekin,Bundesliga,20,2018-2019
12.0,Sat,2018-11-24,15:30,Bayern Munich,2.6,3–3,1.5,Dsseldorf,75000.0,Allianz Arena,Sven Jablonski,Bundesliga,20,2018-2019
12.0,Sat,2018-11-24,15:30,Hertha BSC,3.3,3–3,1.5,Hoffenheim,44508.0,Olympiastadion Berlin,Tobias Welz,Bundesliga,20,2018-2019
12.0,Sat,2018-11-24,18:30,Schalke 04,2.7,5–2,2.1,Nrnberg,62271.0,Veltins-Arena,Guido Winkmann,Bundesliga,20,2018-2019
12.0,Sun,2018-11-25,15:30,Freiburg,2.8,1–1,2.3,Werder Bremen,24000.0,Schwarzwald-Stadion,Bastian Dankert,Bundesliga,20,2018-2019
12.0,Sun,2018-11-25,18:00,M'Gladbach,1.8,4–1,0.5,Hannover 96,48692.0,Stadion im Borussia-Park,Daniel Siebert,Bundesliga,20,2018-2019
13.0,Fri,2018-11-30,20:30,Dsseldorf,1.6,0–1,0.9,Mainz 05,37091.0,Merkur Spielarena,Manuel Grfe,Bundesliga,20,2018-2019
13.0,Sat,2018-12-01,15:30,Werder Bremen,0.5,1–2,2.4,Bayern Munich,42100.0,Weserstadion,Christian Dingert,Bundesliga,20,2018-2019
13.0,Sat,2018-12-01,15:30,Hannover 96,1.1,0–2,1.3,Hertha BSC,35800.0,HDI-Arena,Felix Brych,Bundesliga,20,2018-2019
13.0,Sat,2018-12-01,15:30,Stuttgart,0.6,1–0,1.1,Augsburg,52739.0,Mercedes-Benz Arena,Harm Osmers,Bundesliga,20,2018-2019
13.0,Sat,2018-12-01,15:30,Dortmund,2.5,2–0,0.1,Freiburg,81365.0,Signal Iduna Park,Frank Willenborg,Bundesliga,20,2018-2019
13.0,Sat,2018-12-01,18:30,Hoffenheim,2.1,1–1,2.2,Schalke 04,30000.0,PreZero Arena,Robert Kampka,Bundesliga,20,2018-2019
13.0,Sun,2018-12-02,15:30,RB Leipzig,2.1,2–0,0.6,M'Gladbach,41939.0,Red Bull Arena,Markus Schmidt,Bundesliga,20,2018-2019
13.0,Sun,2018-12-02,18:00,Eint Frankfurt,1.7,1–2,1.1,Wolfsburg,48000.0,Commerzbank-Arena,Sascha Stegemann,Bundesliga,20,2018-2019
13.0,Mon,2018-12-03,20:30,Nrnberg,0.7,1–1,1.6,Leverkusen,32238.0,Max-Morlock-Stadion,Bibiana Steinhaus,Bundesliga,20,2018-2019
14.0,Fri,2018-12-07,20:30,Werder Bremen,1.9,3–1,1.2,Dsseldorf,41500.0,Weserstadion,Marco Fritz,Bundesliga,20,2018-2019
14.0,Sat,2018-12-08,15:30,Freiburg,2.0,3–0,1.0,RB Leipzig,23800.0,Schwarzwald-Stadion,Tobias Welz,Bundesliga,20,2018-2019
14.0,Sat,2018-12-08,15:30,Schalke 04,1.4,1–2,1.5,Dortmund,61767.0,Veltins-Arena,Daniel Siebert,Bundesliga,20,2018-2019
14.0,Sat,2018-12-08,15:30,Bayern Munich,2.1,3–0,0.2,Nrnberg,75000.0,Allianz Arena,Tobias Stieler,Bundesliga,20,2018-2019
14.0,Sat,2018-12-08,15:30,Wolfsburg,0.5,2–2,2.0,Hoffenheim,20602.0,Volkswagen Arena,Felix Zwayer,Bundesliga,20,2018-2019
14.0,Sat,2018-12-08,15:30,Leverkusen,1.7,1–0,0.8,Augsburg,25558.0,BayArena,Bastian Dankert,Bundesliga,20,2018-2019
14.0,Sat,2018-12-08,18:30,Hertha BSC,0.4,1–0,1.4,Eint Frankfurt,42578.0,Olympiastadion Berlin,Daniel Schlager,Bundesliga,20,2018-2019
14.0,Sun,2018-12-09,15:30,Mainz 05,2.8,1–1,1.4,Hannover 96,23305.0,Opel Arena,Robert Hartmann,Bundesliga,20,2018-2019
14.0,Sun,2018-12-09,18:00,M'Gladbach,1.2,3–0,0.9,Stuttgart,48590.0,Stadion im Borussia-Park,Deniz Aytekin,Bundesliga,20,2018-2019
15.0,Fri,2018-12-14,20:30,Nrnberg,0.8,0–2,0.8,Wolfsburg,29604.0,Max-Morlock-Stadion,Sven Jablonski,Bundesliga,20,2018-2019
15.0,Sat,2018-12-15,15:30,Stuttgart,1.0,2–1,1.1,Hertha BSC,47680.0,Mercedes-Benz Arena,Sascha Stegemann,Bundesliga,20,2018-2019
15.0,Sat,2018-12-15,15:30,Dsseldorf,2.1,2–0,0.9,Freiburg,39301.0,Merkur Spielarena,Harm Osmers,Bundesliga,20,2018-2019
15.0,Sat,2018-12-15,15:30,Augsburg,1.9,1–1,0.6,Schalke 04,27233.0,WWK Arena,Manuel Grfe,Bundesliga,20,2018-2019
15.0,Sat,2018-12-15,15:30,Hoffenheim,2.8,0–0,0.5,M'Gladbach,30150.0,PreZero Arena,Benjamin Cortus,Bundesliga,20,2018-2019
15.0,Sat,2018-12-15,15:30,Hannover 96,0.1,0–4,3.4,Bayern Munich,49000.0,HDI-Arena,Sren Storks,Bundesliga,20,2018-2019
15.0,Sat,2018-12-15,18:30,Dortmund,2.3,2–1,0.4,Werder Bremen,81365.0,Signal Iduna Park,Guido Winkmann,Bundesliga,20,2018-2019
15.0,Sun,2018-12-16,15:30,RB Leipzig,3.2,4–1,1.0,Mainz 05,30136.0,Red Bull Arena,Martin Petersen,Bundesliga,20,2018-2019
15.0,Sun,2018-12-16,18:00,Eint Frankfurt,3.5,2–1,1.1,Leverkusen,46500.0,Commerzbank-Arena,Felix Brych,Bundesliga,20,2018-2019
16.0,Tue,2018-12-18,18:30,M'Gladbach,2.7,2–0,0.9,Nrnberg,42323.0,Stadion im Borussia-Park,Robert Schrder,Bundesliga,20,2018-2019
16.0,Tue,2018-12-18,20:30,Wolfsburg,1.2,2–0,0.6,Stuttgart,21780.0,Volkswagen Arena,Robert Hartmann,Bundesliga,20,2018-2019
16.0,Tue,2018-12-18,20:30,Dsseldorf,1.6,2–1,0.9,Dortmund,52000.0,Merkur Spielarena,Tobias Welz,Bundesliga,20,2018-2019
16.0,Tue,2018-12-18,20:30,Hertha BSC,2.0,2–2,0.6,Augsburg,27939.0,Olympiastadion Berlin,Frank Willenborg,Bundesliga,20,2018-2019
16.0,Wed,2018-12-19,18:30,Schalke 04,1.8,1–2,0.5,Leverkusen,61548.0,Veltins-Arena,Deniz Aytekin,Bundesliga,20,2018-2019
16.0,Wed,2018-12-19,20:30,Freiburg,1.9,1–1,1.7,Hannover 96,23500.0,Schwarzwald-Stadion,Christian Dingert,Bundesliga,20,2018-2019
16.0,Wed,2018-12-19,20:30,Bayern Munich,1.8,1–0,0.4,RB Leipzig,75000.0,Allianz Arena,Marco Fritz,Bundesliga,20,2018-2019
16.0,Wed,2018-12-19,20:30,Werder Bremen,2.5,1–1,1.5,Hoffenheim,40003.0,Weserstadion,Markus Schmidt,Bundesliga,20,2018-2019
16.0,Wed,2018-12-19,20:30,Mainz 05,1.5,2–2,1.1,Eint Frankfurt,30805.0,Opel Arena,Daniel Siebert,Bundesliga,20,2018-2019
17.0,Fri,2018-12-21,20:30,Dortmund,1.7,2–1,0.6,M'Gladbach,81365.0,Signal Iduna Park,Felix Zwayer,Bundesliga,20,2018-2019
17.0,Sat,2018-12-22,15:30,Hannover 96,0.5,0–1,0.9,Dsseldorf,34200.0,HDI-Arena,Bastian Dankert,Bundesliga,20,2018-2019
17.0,Sat,2018-12-22,15:30,RB Leipzig,1.9,3–2,2.0,Werder Bremen,40455.0,Red Bull Arena,Bibiana Steinhaus,Bundesliga,20,2018-2019
17.0,Sat,2018-12-22,15:30,Leverkusen,2.5,3–1,1.6,Hertha BSC,27647.0,BayArena,Tobias Stieler,Bundesliga,20,2018-2019
17.0,Sat,2018-12-22,15:30,Stuttgart,1.6,1–3,2.2,Schalke 04,54022.0,Mercedes-Benz Arena,Felix Brych,Bundesliga,20,2018-2019
17.0,Sat,2018-12-22,15:30,Nrnberg,0.7,0–1,0.4,Freiburg,36190.0,Max-Morlock-Stadion,Robert Kampka,Bundesliga,20,2018-2019
17.0,Sat,2018-12-22,18:30,Eint Frankfurt,1.1,0–3,1.9,Bayern Munich,51500.0,Commerzbank-Arena,Manuel Grfe,Bundesliga,20,2018-2019
17.0,Sun,2018-12-23,15:30,Augsburg,0.9,2–3,2.1,Wolfsburg,28152.0,WWK Arena,Sren Storks,Bundesliga,20,2018-2019
17.0,Sun,2018-12-23,18:00,Hoffenheim,3.1,1–1,1.3,Mainz 05,28216.0,PreZero Arena,Sascha Stegemann,Bundesliga,20,2018-2019
18.0,Fri,2019-01-18,20:30,Hoffenheim,1.0,1–3,2.7,Bayern Munich,30150.0,PreZero Arena,Tobias Welz,Bundesliga,20,2018-2019
18.0,Sat,2019-01-19,15:30,Stuttgart,2.8,2–3,1.7,Mainz 05,51881.0,Mercedes-Benz Arena,Tobias Stieler,Bundesliga,20,2018-2019
18.0,Sat,2019-01-19,15:30,Eint Frankfurt,2.7,3–1,1.6,Freiburg,49200.0,Commerzbank-Arena,Sven Jablonski,Bundesliga,20,2018-2019
18.0,Sat,2019-01-19,15:30,Leverkusen,1.8,0–1,0.7,M'Gladbach,29628.0,BayArena,Daniel Siebert,Bundesliga,20,2018-2019
18.0,Sat,2019-01-19,15:30,Hannover 96,0.9,0–1,2.7,Werder Bremen,44300.0,HDI-Arena,Marco Fritz,Bundesliga,20,2018-2019
18.0,Sat,2019-01-19,15:30,Augsburg,0.8,1–2,1.1,Dsseldorf,27568.0,WWK Arena,Christian Dingert,Bundesliga,20,2018-2019
18.0,Sat,2019-01-19,18:30,RB Leipzig,1.3,0–1,1.0,Dortmund,41939.0,Red Bull Arena,Deniz Aytekin,Bundesliga,20,2018-2019
18.0,Sun,2019-01-20,15:30,Nrnberg,1.0,1–3,2.3,Hertha BSC,36112.0,Max-Morlock-Stadion,Guido Winkmann,Bundesliga,20,2018-2019
18.0,Sun,2019-01-20,18:00,Schalke 04,2.5,2–1,1.4,Wolfsburg,58827.0,Veltins-Arena,Manuel Grfe,Bundesliga,20,2018-2019
19.0,Fri,2019-01-25,20:30,Hertha BSC,0.9,2–2,1.0,Schalke 04,43027.0,Olympiastadion Berlin,Felix Brych,Bundesliga,20,2018-2019
19.0,Sat,2019-01-26,15:30,Freiburg,2.0,2–4,2.5,Hoffenheim,23900.0,Schwarzwald-Stadion,Bibiana Steinhaus,Bundesliga,20,2018-2019
19.0,Sat,2019-01-26,15:30,Dortmund,2.2,5–1,0.8,Hannover 96,81365.0,Signal Iduna Park,Manuel Grfe,Bundesliga,20,2018-2019
19.0,Sat,2019-01-26,15:30,Wolfsburg,0.7,0–3,3.1,Leverkusen,21736.0,Volkswagen Arena,Felix Zwayer,Bundesliga,20,2018-2019
19.0,Sat,2019-01-26,15:30,M'Gladbach,1.9,2–0,0.6,Augsburg,42509.0,Stadion im Borussia-Park,Harm Osmers,Bundesliga,20,2018-2019
19.0,Sat,2019-01-26,15:30,Mainz 05,3.0,2–1,0.5,Nrnberg,22005.0,Opel Arena,Bastian Dankert,Bundesliga,20,2018-2019
19.0,Sat,2019-01-26,18:30,Werder Bremen,3.5,2–2,1.6,Eint Frankfurt,42100.0,Weserstadion,Markus Schmidt,Bundesliga,20,2018-2019
19.0,Sun,2019-01-27,15:30,Bayern Munich,2.2,4–1,0.9,Stuttgart,75000.0,Allianz Arena,Frank Willenborg,Bundesliga,20,2018-2019
19.0,Sun,2019-01-27,18:00,Dsseldorf,0.3,0–4,2.4,RB Leipzig,34394.0,Merkur Spielarena,Robert Hartmann,Bundesliga,20,2018-2019
20.0,Fri,2019-02-01,20:30,Hannover 96,0.1,0–3,3.0,RB Leipzig,32400.0,HDI-Arena,Daniel Schlager,Bundesliga,20,2018-2019
20.0,Sat,2019-02-02,15:30,Hertha BSC,1.4,0–1,1.2,Wolfsburg,39259.0,Olympiastadion Berlin,Bastian Dankert,Bundesliga,20,2018-2019
20.0,Sat,2019-02-02,15:30,Hoffenheim,1.8,1–1,0.9,Dsseldorf,24747.0,PreZero Arena,Benjamin Cortus,Bundesliga,20,2018-2019
20.0,Sat,2019-02-02,15:30,Nrnberg,1.3,1–1,0.9,Werder Bremen,35753.0,Max-Morlock-Stadion,Robert Kampka,Bundesliga,20,2018-2019
20.0,Sat,2019-02-02,15:30,Eint Frankfurt,1.0,1–1,1.5,Dortmund,51500.0,Commerzbank-Arena,Felix Zwayer,Bundesliga,20,2018-2019
20.0,Sat,2019-02-02,15:30,Leverkusen,1.7,3–1,1.6,Bayern Munich,30210.0,BayArena,Tobias Stieler,Bundesliga,20,2018-2019
20.0,Sat,2019-02-02,18:30,Schalke 04,0.4,0–2,1.6,M'Gladbach,62271.0,Veltins-Arena,Marco Fritz,Bundesliga,20,2018-2019
20.0,Sun,2019-02-03,15:30,Augsburg,3.3,3–0,0.3,Mainz 05,25733.0,WWK Arena,Sren Storks,Bundesliga,20,2018-2019
20.0,Sun,2019-02-03,18:00,Stuttgart,1.3,2–2,2.1,Freiburg,51009.0,Mercedes-Benz Arena,Deniz Aytekin,Bundesliga,20,2018-2019
21.0,Fri,2019-02-08,20:30,Mainz 05,1.7,1–5,2.7,Leverkusen,21905.0,Opel Arena,Robert Schrder,Bundesliga,20,2018-2019
21.0,Sat,2019-02-09,15:30,M'Gladbach,1.1,0–3,1.6,Hertha BSC,48232.0,Stadion im Borussia-Park,Martin Petersen,Bundesliga,20,2018-2019
21.0,Sat,2019-02-09,15:30,RB Leipzig,1.7,0–0,0.4,Eint Frankfurt,38330.0,Red Bull Arena,Guido Winkmann,Bundesliga,20,2018-2019
21.0,Sat,2019-02-09,15:30,Freiburg,1.0,3–3,1.7,Wolfsburg,23600.0,Schwarzwald-Stadion,Felix Brych,Bundesliga,20,2018-2019
21.0,Sat,2019-02-09,15:30,Hannover 96,1.7,2–0,1.1,Nrnberg,33700.0,HDI-Arena,Tobias Welz,Bundesliga,20,2018-2019
21.0,Sat,2019-02-09,15:30,Dortmund,2.5,3–3,1.3,Hoffenheim,81365.0,Signal Iduna Park,Marco Fritz,Bundesliga,20,2018-2019
21.0,Sat,2019-02-09,18:30,Bayern Munich,2.2,3–1,0.8,Schalke 04,75000.0,Allianz Arena,Daniel Siebert,Bundesliga,20,2018-2019
21.0,Sun,2019-02-10,15:30,Werder Bremen,1.2,4–0,1.2,Augsburg,40138.0,Weserstadion,Manuel Grfe,Bundesliga,20,2018-2019
21.0,Sun,2019-02-10,18:00,Dsseldorf,1.9,3–0,1.2,Stuttgart,40211.0,Merkur Spielarena,Christian Dingert,Bundesliga,20,2018-2019
22.0,Fri,2019-02-15,20:30,Augsburg,0.4,2–3,1.8,Bayern Munich,30660.0,WWK Arena,Bibiana Steinhaus,Bundesliga,20,2018-2019
22.0,Sat,2019-02-16,15:30,Schalke 04,0.5,0–0,1.0,Freiburg,58271.0,Veltins-Arena,Frank Willenborg,Bundesliga,20,2018-2019
22.0,Sat,2019-02-16,15:30,Wolfsburg,2.0,3–0,0.8,Mainz 05,20334.0,Volkswagen Arena,Benjamin Cortus,Bundesliga,20,2018-2019
22.0,Sat,2019-02-16,15:30,Stuttgart,1.2,1–3,1.2,RB Leipzig,46072.0,Mercedes-Benz Arena,Felix Zwayer,Bundesliga,20,2018-2019
22.0,Sat,2019-02-16,15:30,Hoffenheim,3.4,3–0,0.4,Hannover 96,23404.0,PreZero Arena,Daniel Siebert,Bundesliga,20,2018-2019
22.0,Sat,2019-02-16,18:30,Hertha BSC,1.1,1–1,0.5,Werder Bremen,49627.0,Olympiastadion Berlin,Sren Storks,Bundesliga,20,2018-2019
22.0,Sun,2019-02-17,15:30,Eint Frankfurt,1.0,1–1,1.2,M'Gladbach,51500.0,Commerzbank-Arena,Deniz Aytekin,Bundesliga,20,2018-2019
22.0,Sun,2019-02-17,18:00,Leverkusen,1.8,2–0,0.2,Dsseldorf,27717.0,BayArena,Markus Schmidt,Bundesliga,20,2018-2019
22.0,Mon,2019-02-18,20:30,Nrnberg,0.3,0–0,1.4,Dortmund,50000.0,Max-Morlock-Stadion,Harm Osmers,Bundesliga,20,2018-2019
23.0,Fri,2019-02-22,20:30,Werder Bremen,1.0,1–1,0.9,Stuttgart,41000.0,Weserstadion,Robert Hartmann,Bundesliga,20,2018-2019
23.0,Sat,2019-02-23,15:30,Bayern Munich,0.7,1–0,0.4,Hertha BSC,75000.0,Allianz Arena,Harm Osmers,Bundesliga,20,2018-2019
23.0,Sat,2019-02-23,15:30,Mainz 05,2.9,3–0,0.7,Schalke 04,26005.0,Opel Arena,Sven Jablonski,Bundesliga,20,2018-2019
23.0,Sat,2019-02-23,15:30,M'Gladbach,1.2,0–3,0.9,Wolfsburg,48041.0,Stadion im Borussia-Park,Robert Kampka,Bundesliga,20,2018-2019
23.0,Sat,2019-02-23,15:30,Freiburg,2.1,5–1,1.3,Augsburg,23600.0,Schwarzwald-Stadion,Tobias Welz,Bundesliga,20,2018-2019
23.0,Sat,2019-02-23,18:30,Dsseldorf,1.6,2–1,0.1,Nrnberg,41816.0,Merkur Spielarena,Sascha Stegemann,Bundesliga,20,2018-2019
23.0,Sun,2019-02-24,15:30,Hannover 96,0.5,0–3,1.9,Eint Frankfurt,39100.0,HDI-Arena,Marco Fritz,Bundesliga,20,2018-2019
23.0,Sun,2019-02-24,18:00,Dortmund,1.2,3–2,0.9,Leverkusen,81029.0,Signal Iduna Park,Christian Dingert,Bundesliga,20,2018-2019
23.0,Mon,2019-02-25,20:30,RB Leipzig,1.3,1–1,1.2,Hoffenheim,33569.0,Red Bull Arena,Felix Brych,Bundesliga,20,2018-2019
24.0,Fri,2019-03-01,20:30,Augsburg,0.9,2–1,2.2,Dortmund,30660.0,WWK Arena,Tobias Stieler,Bundesliga,20,2018-2019
24.0,Sat,2019-03-02,15:30,Leverkusen,2.2,2–0,0.3,Freiburg,26607.0,BayArena,Guido Winkmann,Bundesliga,20,2018-2019
24.0,Sat,2019-03-02,15:30,Nrnberg,1.1,0–1,1.3,RB Leipzig,34532.0,Max-Morlock-Stadion,Daniel Schlager,Bundesliga,20,2018-2019
24.0,Sat,2019-03-02,15:30,Hertha BSC,1.4,2–1,0.6,Mainz 05,33981.0,Olympiastadion Berlin,Deniz Aytekin,Bundesliga,20,2018-2019
24.0,Sat,2019-03-02,15:30,Schalke 04,0.7,0–4,2.1,Dsseldorf,60322.0,Veltins-Arena,Felix Brych,Bundesliga,20,2018-2019
24.0,Sat,2019-03-02,15:30,Eint Frankfurt,1.6,3–2,2.0,Hoffenheim,49500.0,Commerzbank-Arena,Manuel Grfe,Bundesliga,20,2018-2019
24.0,Sat,2019-03-02,18:30,M'Gladbach,0.7,1–5,4.7,Bayern Munich,54022.0,Stadion im Borussia-Park,Felix Zwayer,Bundesliga,20,2018-2019
24.0,Sun,2019-03-03,15:30,Stuttgart,2.0,5–1,0.1,Hannover 96,55781.0,Mercedes-Benz Arena,Bastian Dankert,Bundesliga,20,2018-2019
24.0,Sun,2019-03-03,18:00,Wolfsburg,1.2,1–1,1.3,Werder Bremen,28101.0,Volkswagen Arena,Daniel Siebert,Bundesliga,20,2018-2019
25.0,Fri,2019-03-08,20:30,Werder Bremen,2.5,4–2,1.1,Schalke 04,42100.0,Weserstadion,Martin Petersen,Bundesliga,20,2018-2019
25.0,Sat,2019-03-09,15:30,RB Leipzig,1.5,0–0,0.2,Augsburg,38590.0,Red Bull Arena,Sven Jablonski,Bundesliga,20,2018-2019
25.0,Sat,2019-03-09,15:30,Dortmund,2.0,3–1,0.7,Stuttgart,81365.0,Signal Iduna Park,Benjamin Cortus,Bundesliga,20,2018-2019
25.0,Sat,2019-03-09,15:30,Freiburg,1.4,2–1,1.2,Hertha BSC,24000.0,Schwarzwald-Stadion,Robert Schrder,Bundesliga,20,2018-2019
25.0,Sat,2019-03-09,15:30,Bayern Munich,3.3,6–0,0.1,Wolfsburg,75000.0,Allianz Arena,Sascha Stegemann,Bundesliga,20,2018-2019
25.0,Sat,2019-03-09,18:30,Mainz 05,0.6,0–1,1.7,M'Gladbach,30405.0,Opel Arena,Markus Schmidt,Bundesliga,20,2018-2019
25.0,Sun,2019-03-10,15:30,Hoffenheim,2.2,2–1,0.6,Nrnberg,29015.0,PreZero Arena,Christian Dingert,Bundesliga,20,2018-2019
25.0,Sun,2019-03-10,18:00,Hannover 96,1.2,2–3,2.4,Leverkusen,33800.0,HDI-Arena,Sren Storks,Bundesliga,20,2018-2019
25.0,Mon,2019-03-11,20:30,Dsseldorf,0.6,0–3,2.3,Eint Frankfurt,41419.0,Merkur Spielarena,Robert Hartmann,Bundesliga,20,2018-2019
26.0,Fri,2019-03-15,20:30,M'Gladbach,1.5,1–1,0.5,Freiburg,46832.0,Stadion im Borussia-Park,Robert Kampka,Bundesliga,20,2018-2019
26.0,Sat,2019-03-16,15:30,Stuttgart,1.1,1–1,2.3,Hoffenheim,56743.0,Mercedes-Benz Arena,Felix Zwayer,Bundesliga,20,2018-2019
26.0,Sat,2019-03-16,15:30,Augsburg,1.0,3–1,1.7,Hannover 96,28136.0,WWK Arena,Manuel Grfe,Bundesliga,20,2018-2019
26.0,Sat,2019-03-16,15:30,Schalke 04,1.2,0–1,1.3,RB Leipzig,59913.0,Veltins-Arena,Guido Winkmann,Bundesliga,20,2018-2019
26.0,Sat,2019-03-16,15:30,Wolfsburg,4.2,5–2,1.4,Dsseldorf,25350.0,Volkswagen Arena,Bastian Dankert,Bundesliga,20,2018-2019
26.0,Sat,2019-03-16,18:30,Hertha BSC,1.6,2–3,2.9,Dortmund,74649.0,Olympiastadion Berlin,Tobias Welz,Bundesliga,20,2018-2019
26.0,Sun,2019-03-17,13:30,Leverkusen,1.6,1–3,1.1,Werder Bremen,30210.0,BayArena,Deniz Aytekin,Bundesliga,20,2018-2019
26.0,Sun,2019-03-17,15:30,Eint Frankfurt,2.9,1–0,0.5,Nrnberg,51500.0,Commerzbank-Arena,Bibiana Steinhaus,Bundesliga,20,2018-2019
26.0,Sun,2019-03-17,18:00,Bayern Munich,2.3,6–0,0.3,Mainz 05,75000.0,Allianz Arena,Frank Willenborg,Bundesliga,20,2018-2019
27.0,Fri,2019-03-29,20:30,Hoffenheim,1.7,4–1,2.3,Leverkusen,28350.0,PreZero Arena,Harm Osmers,Bundesliga,20,2018-2019
27.0,Sat,2019-03-30,15:30,Dortmund,1.1,2–0,0.2,Wolfsburg,81365.0,Signal Iduna Park,Markus Schmidt,Bundesliga,20,2018-2019
27.0,Sat,2019-03-30,15:30,Freiburg,0.7,1–1,2.3,Bayern Munich,24000.0,Schwarzwald-Stadion,Christian Dingert,Bundesliga,20,2018-2019
27.0,Sat,2019-03-30,15:30,Dsseldorf,1.4,3–1,0.9,M'Gladbach,52500.0,Merkur Spielarena,Tobias Stieler,Bundesliga,20,2018-2019
27.0,Sat,2019-03-30,15:30,Nrnberg,1.2,3–0,0.9,Augsburg,42658.0,Max-Morlock-Stadion,Daniel Siebert,Bundesliga,20,2018-2019
27.0,Sat,2019-03-30,15:30,Werder Bremen,1.4,3–1,1.0,Mainz 05,40711.0,Weserstadion,Marco Fritz,Bundesliga,20,2018-2019
27.0,Sat,2019-03-30,18:30,RB Leipzig,3.8,5–0,0.9,Hertha BSC,41939.0,Red Bull Arena,Sren Storks,Bundesliga,20,2018-2019
27.0,Sun,2019-03-31,15:30,Hannover 96,1.0,0–1,0.5,Schalke 04,44500.0,HDI-Arena,Sven Jablonski,Bundesliga,20,2018-2019
27.0,Sun,2019-03-31,18:00,Eint Frankfurt,1.0,3–0,0.5,Stuttgart,51500.0,Commerzbank-Arena,Felix Brych,Bundesliga,20,2018-2019
28.0,Fri,2019-04-05,20:30,Mainz 05,1.6,5–0,1.4,Freiburg,27305.0,Opel Arena,Sven Jablonski,Bundesliga,20,2018-2019
28.0,Sat,2019-04-06,15:30,Wolfsburg,1.5,3–1,1.0,Hannover 96,23512.0,Volkswagen Arena,Benjamin Cortus,Bundesliga,20,2018-2019
28.0,Sat,2019-04-06,15:30,Leverkusen,1.6,2–4,1.5,RB Leipzig,28845.0,BayArena,Tobias Welz,Bundesliga,20,2018-2019
28.0,Sat,2019-04-06,15:30,Schalke 04,0.7,1–2,2.2,Eint Frankfurt,61842.0,Veltins-Arena,Sascha Stegemann,Bundesliga,20,2018-2019
28.0,Sat,2019-04-06,15:30,Stuttgart,2.8,1–1,2.6,Nrnberg,58757.0,Mercedes-Benz Arena,Frank Willenborg,Bundesliga,20,2018-2019
28.0,Sat,2019-04-06,15:30,Hertha BSC,1.3,1–2,2.8,Dsseldorf,51604.0,Olympiastadion Berlin,Christian Dingert,Bundesliga,20,2018-2019
28.0,Sat,2019-04-06,18:30,Bayern Munich,3.5,5–0,0.4,Dortmund,75000.0,Allianz Arena,Manuel Grfe,Bundesliga,20,2018-2019
28.0,Sun,2019-04-07,15:30,Augsburg,0.4,0–4,2.7,Hoffenheim,27552.0,WWK Arena,Robert Schrder,Bundesliga,20,2018-2019
28.0,Sun,2019-04-07,18:00,M'Gladbach,1.4,1–1,0.8,Werder Bremen,54022.0,Stadion im Borussia-Park,Daniel Schlager,Bundesliga,20,2018-2019
29.0,Fri,2019-04-12,20:30,Nrnberg,1.9,1–1,1.2,Schalke 04,50000.0,Max-Morlock-Stadion,Robert Kampka,Bundesliga,20,2018-2019
29.0,Sat,2019-04-13,15:30,Hannover 96,0.8,0–1,1.9,M'Gladbach,40200.0,HDI-Arena,Felix Brych,Bundesliga,20,2018-2019
29.0,Sat,2019-04-13,15:30,RB Leipzig,1.6,2–0,0.4,Wolfsburg,41212.0,Red Bull Arena,Daniel Siebert,Bundesliga,20,2018-2019
29.0,Sat,2019-04-13,15:30,Stuttgart,0.5,0–1,2.5,Leverkusen,53657.0,Mercedes-Benz Arena,Tobias Stieler,Bundesliga,20,2018-2019
29.0,Sat,2019-04-13,15:30,Werder Bremen,1.5,2–1,0.7,Freiburg,42100.0,Weserstadion,Bibiana Steinhaus,Bundesliga,20,2018-2019
29.0,Sat,2019-04-13,18:30,Dortmund,1.4,2–1,3.2,Mainz 05,81365.0,Signal Iduna Park,Deniz Aytekin,Bundesliga,20,2018-2019
29.0,Sun,2019-04-14,13:30,Hoffenheim,3.2,2–0,0.4,Hertha BSC,28010.0,PreZero Arena,Martin Petersen,Bundesliga,20,2018-2019
29.0,Sun,2019-04-14,15:30,Dsseldorf,0.9,1–4,3.7,Bayern Munich,54600.0,Merkur Spielarena,Felix Zwayer,Bundesliga,20,2018-2019
29.0,Sun,2019-04-14,18:00,Eint Frankfurt,1.7,1–3,2.3,Augsburg,51000.0,Commerzbank-Arena,Bastian Dankert,Bundesliga,20,2018-2019
30.0,Sat,2019-04-20,15:30,Bayern Munich,2.7,1–0,0.2,Werder Bremen,75000.0,Allianz Arena,Tobias Welz,Bundesliga,20,2018-2019
30.0,Sat,2019-04-20,15:30,Leverkusen,1.5,2–0,0.2,Nrnberg,26405.0,BayArena,Guido Winkmann,Bundesliga,20,2018-2019
30.0,Sat,2019-04-20,15:30,Mainz 05,3.4,3–1,2.4,Dsseldorf,29205.0,Opel Arena,Markus Schmidt,Bundesliga,20,2018-2019
30.0,Sat,2019-04-20,15:30,Augsburg,2.7,6–0,1.7,Stuttgart,30660.0,WWK Arena,Manuel Grfe,Bundesliga,20,2018-2019
30.0,Sat,2019-04-20,18:30,M'Gladbach,1.7,1–2,2.2,RB Leipzig,51757.0,Stadion im Borussia-Park,Harm Osmers,Bundesliga,20,2018-2019
30.0,Sat,2019-04-20,20:30,Schalke 04,1.9,2–5,1.9,Hoffenheim,58958.0,Veltins-Arena,Christian Dingert,Bundesliga,20,2018-2019
30.0,Sun,2019-04-21,15:30,Freiburg,0.6,0–4,2.8,Dortmund,24000.0,Schwarzwald-Stadion,Robert Hartmann,Bundesliga,20,2018-2019
30.0,Sun,2019-04-21,18:00,Hertha BSC,1.5,0–0,0.7,Hannover 96,38916.0,Olympiastadion Berlin,Sascha Stegemann,Bundesliga,20,2018-2019
30.0,Mon,2019-04-22,20:30,Wolfsburg,2.0,1–1,1.1,Eint Frankfurt,26102.0,Volkswagen Arena,Marco Fritz,Bundesliga,20,2018-2019
31.0,Fri,2019-04-26,20:30,Augsburg,0.3,1–4,2.2,Leverkusen,26404.0,WWK Arena,Frank Willenborg,Bundesliga,20,2018-2019
31.0,Sat,2019-04-27,15:30,Dortmund,0.9,2–4,1.1,Schalke 04,80196.0,Signal Iduna Park,Felix Zwayer,Bundesliga,20,2018-2019
31.0,Sat,2019-04-27,15:30,RB Leipzig,1.7,2–1,0.9,Freiburg,40826.0,Red Bull Arena,Robert Schrder,Bundesliga,20,2018-2019
31.0,Sat,2019-04-27,15:30,Eint Frankfurt,1.2,0–0,1.5,Hertha BSC,51500.0,Commerzbank-Arena,Sven Jablonski,Bundesliga,20,2018-2019
31.0,Sat,2019-04-27,15:30,Dsseldorf,1.9,4–1,2.7,Werder Bremen,52500.0,Merkur Spielarena,Benjamin Cortus,Bundesliga,20,2018-2019
31.0,Sat,2019-04-27,15:30,Hannover 96,1.0,1–0,2.2,Mainz 05,30400.0,HDI-Arena,Sren Storks,Bundesliga,20,2018-2019
31.0,Sat,2019-04-27,18:30,Stuttgart,1.5,1–0,1.5,M'Gladbach,56730.0,Mercedes-Benz Arena,Bastian Dankert,Bundesliga,20,2018-2019
31.0,Sun,2019-04-28,15:30,Hoffenheim,2.4,1–4,1.5,Wolfsburg,27725.0,PreZero Arena,Deniz Aytekin,Bundesliga,20,2018-2019
31.0,Sun,2019-04-28,18:00,Nrnberg,1.5,1–1,1.8,Bayern Munich,50000.0,Max-Morlock-Stadion,Tobias Stieler,Bundesliga,20,2018-2019
32.0,Fri,2019-05-03,20:30,Mainz 05,1.4,3–3,2.3,RB Leipzig,23805.0,Opel Arena,Bibiana Steinhaus,Bundesliga,20,2018-2019
32.0,Sat,2019-05-04,15:30,Wolfsburg,1.4,2–0,0.6,Nrnberg,22512.0,Volkswagen Arena,Daniel Siebert,Bundesliga,20,2018-2019
32.0,Sat,2019-05-04,15:30,M'Gladbach,1.2,2–2,3.0,Hoffenheim,51807.0,Stadion im Borussia-Park,Sascha Stegemann,Bundesliga,20,2018-2019
32.0,Sat,2019-05-04,15:30,Bayern Munich,3.3,3–1,0.9,Hannover 96,75000.0,Allianz Arena,Christian Dingert,Bundesliga,20,2018-2019
32.0,Sat,2019-05-04,15:30,Hertha BSC,2.3,3–1,1.4,Stuttgart,48668.0,Olympiastadion Berlin,Daniel Schlager,Bundesliga,20,2018-2019
32.0,Sat,2019-05-04,18:30,Werder Bremen,1.0,2–2,2.1,Dortmund,42100.0,Weserstadion,Marco Fritz,Bundesliga,20,2018-2019
32.0,Sun,2019-05-05,13:30,Schalke 04,1.4,0–0,0.3,Augsburg,59841.0,Veltins-Arena,Manuel Grfe,Bundesliga,20,2018-2019
32.0,Sun,2019-05-05,15:30,Freiburg,1.0,1–1,0.8,Dsseldorf,24000.0,Schwarzwald-Stadion,Tobias Welz,Bundesliga,20,2018-2019
32.0,Sun,2019-05-05,18:00,Leverkusen,2.8,6–1,0.1,Eint Frankfurt,30210.0,BayArena,Robert Hartmann,Bundesliga,20,2018-2019
33.0,Sat,2019-05-11,15:30,Augsburg,1.3,3–4,2.5,Hertha BSC,29307.0,WWK Arena,Guido Winkmann,Bundesliga,20,2018-2019
33.0,Sat,2019-05-11,15:30,Leverkusen,1.8,1–1,1.4,Schalke 04,30210.0,BayArena,Deniz Aytekin,Bundesliga,20,2018-2019
33.0,Sat,2019-05-11,15:30,Hannover 96,1.8,3–0,0.6,Freiburg,38100.0,HDI-Arena,Robert Hartmann,Bundesliga,20,2018-2019
33.0,Sat,2019-05-11,15:30,Stuttgart,0.7,3–0,0.5,Wolfsburg,54068.0,Mercedes-Benz Arena,Felix Brych,Bundesliga,20,2018-2019
33.0,Sat,2019-05-11,15:30,Hoffenheim,2.3,0–1,0.8,Werder Bremen,30150.0,PreZero Arena,Bastian Dankert,Bundesliga,20,2018-2019
33.0,Sat,2019-05-11,15:30,Nrnberg,0.8,0–4,2.0,M'Gladbach,50000.0,Max-Morlock-Stadion,Frank Willenborg,Bundesliga,20,2018-2019
33.0,Sat,2019-05-11,15:30,Dortmund,1.2,3–2,1.4,Dsseldorf,81365.0,Signal Iduna Park,Tobias Stieler,Bundesliga,20,2018-2019
33.0,Sat,2019-05-11,15:30,RB Leipzig,0.6,0–0,1.3,Bayern Munich,41939.0,Red Bull Arena,Manuel Grfe,Bundesliga,20,2018-2019
33.0,Sun,2019-05-12,18:00,Eint Frankfurt,1.3,0–2,1.1,Mainz 05,51500.0,Commerzbank-Arena,Harm Osmers,Bundesliga,20,2018-2019
34.0,Sat,2019-05-18,15:30,Werder Bremen,1.0,2–1,1.4,RB Leipzig,42100.0,Weserstadion,Felix Brych,Bundesliga,20,2018-2019
34.0,Sat,2019-05-18,15:30,Schalke 04,0.8,0–0,1.0,Stuttgart,61676.0,Veltins-Arena,Robert Schrder,Bundesliga,20,2018-2019
34.0,Sat,2019-05-18,15:30,Dsseldorf,2.0,2–1,1.0,Hannover 96,50000.0,Merkur Spielarena,Benjamin Cortus,Bundesliga,20,2018-2019
34.0,Sat,2019-05-18,15:30,M'Gladbach,0.4,0–2,2.1,Dortmund,54022.0,Stadion im Borussia-Park,Manuel Grfe,Bundesliga,20,2018-2019
34.0,Sat,2019-05-18,15:30,Mainz 05,2.7,4–2,1.5,Hoffenheim,28305.0,Opel Arena,Deniz Aytekin,Bundesliga,20,2018-2019
34.0,Sat,2019-05-18,15:30,Bayern Munich,4.3,5–1,0.8,Eint Frankfurt,75000.0,Allianz Arena,Sascha Stegemann,Bundesliga,20,2018-2019
34.0,Sat,2019-05-18,15:30,Freiburg,1.2,5–1,0.9,Nrnberg,24000.0,Schwarzwald-Stadion,Markus Schmidt,Bundesliga,20,2018-2019
34.0,Sat,2019-05-18,15:30,Hertha BSC,1.3,1–5,2.0,Leverkusen,59287.0,Olympiastadion Berlin,Marco Fritz,Bundesliga,20,2018-2019
34.0,Sat,2019-05-18,15:30,Wolfsburg,2.5,8–1,0.7,Augsburg,24456.0,Volkswagen Arena,Felix Zwayer,Bundesliga,20,2018-2019
