Wk,Day,Date,Time,Home,xG,Score,xG.1,Away,Attendance,Venue,Referee,League Name,League ID,Season
1.0,Sat,2021-08-21,18:30,Inter,1.5,4–0,1.0,Genoa,27402.0,Stadio Giuseppe Meazza,Valerio Marini,Serie-A,11,2021-2022
1.0,Sat,2021-08-21,18:30,Hellas Verona,2.1,2–3,1.4,Sassuolo,5448.0,Stadio Marc'Antonio Bentegodi,Manuel Volpi,Serie-A,11,2021-2022
1.0,Sat,2021-08-21,20:45,Torino,1.3,1–2,1.0,Atalanta,3475.0,Stadio Olimpico di Torino,Daniele Chiffi,Serie-A,11,2021-2022
1.0,Sat,2021-08-21,20:45,Empoli,1.3,1–3,1.3,Lazio,3655.0,Stadio Carlo Castellani,Simone Sozza,Serie-A,11,2021-2022
1.0,Sun,2021-08-22,18:30,Udinese,2.2,2–2,0.8,Juventus,9660.0,Dacia Arena,Ivan Pezzuto,Serie-A,11,2021-2022
1.0,Sun,2021-08-22,18:30,Bologna,1.5,3–2,1.6,Salernitana,8375.0,Stadio Renato Dall'Ara,Antonio Rapuano,Serie-A,11,2021-2022
1.0,Sun,2021-08-22,20:45,Napoli,2.3,2–0,0.5,Venezia,20000.0,Stadio San Paolo,Gianluca Aureliano,Serie-A,11,2021-2022
1.0,Sun,2021-08-22,20:45,Roma,2.7,3–1,1.2,Fiorentina,26997.0,Stadio Olimpico,Luca Pairetto,Serie-A,11,2021-2022
1.0,Mon,2021-08-23,18:30,Cagliari,2.7,2–2,0.8,Spezia,5387.0,Sardegna Arena,Francesco Fourneau,Serie-A,11,2021-2022
1.0,Mon,2021-08-23,20:45,Sampdoria,1.0,0–1,1.1,Milan,5000.0,Stadio Comunale Luigi Ferraris,Marco Guida,Serie-A,11,2021-2022
,,,,,,,,,,,,Serie-A,11,2021-2022
2.0,Fri,2021-08-27,18:30,Udinese,2.7,3–0,1.0,Venezia,8274.0,Dacia Arena,Livio Marinelli,Serie-A,11,2021-2022
2.0,Fri,2021-08-27,20:45,Hellas Verona,0.8,1–3,1.6,Inter,11214.0,Stadio Marc'Antonio Bentegodi,Gianluca Manganiello,Serie-A,11,2021-2022
2.0,Sat,2021-08-28,18:30,Atalanta,1.0,0–0,0.3,Bologna,7912.0,Stadio Atleti Azzurri d'Italia,Daniele Orsato,Serie-A,11,2021-2022
2.0,Sat,2021-08-28,18:30,Lazio,3.2,6–1,0.7,Spezia,20000.0,Stadio Olimpico,Federico Dionisi,Serie-A,11,2021-2022
2.0,Sat,2021-08-28,20:45,Fiorentina,0.6,2–1,0.5,Torino,12592.0,Stadio Artemio Franchi,Maurizio Mariani,Serie-A,11,2021-2022
2.0,Sat,2021-08-28,20:45,Juventus,1.5,0–1,0.8,Empoli,17584.0,Allianz Stadium,Davide Ghersini,Serie-A,11,2021-2022
2.0,Sun,2021-08-29,18:30,Sassuolo,1.4,0–0,0.5,Sampdoria,3309.0,Stadio Citt del Tricolore,Juan Sacchi,Serie-A,11,2021-2022
2.0,Sun,2021-08-29,18:30,Genoa,0.6,1–2,1.1,Napoli,20000.0,Stadio Comunale Luigi Ferraris,Marco Di Bello,Serie-A,11,2021-2022
2.0,Sun,2021-08-29,20:45,Salernitana,0.3,0–4,1.9,Roma,12500.0,Stadio Arechi,Rosario Abisso,Serie-A,11,2021-2022
2.0,Sun,2021-08-29,20:45,Milan,2.7,4–1,0.4,Cagliari,31946.0,Stadio Giuseppe Meazza,Marco Serra,Serie-A,11,2021-2022
3.0,Sat,2021-09-11,15:00,Empoli,1.9,1–2,1.7,Venezia,2511.0,Stadio Carlo Castellani,Antonio Rapuano,Serie-A,11,2021-2022
3.0,Sat,2021-09-11,18:00,Napoli,2.1,2–1,1.0,Juventus,23500.0,Stadio San Paolo,Massimiliano Irrati,Serie-A,11,2021-2022
3.0,Sat,2021-09-11,20:45,Atalanta,2.5,1–2,1.7,Fiorentina,9162.0,Stadio Atleti Azzurri d'Italia,Valerio Marini,Serie-A,11,2021-2022
3.0,Sun,2021-09-12,12:30,Sampdoria,1.2,2–2,0.7,Inter,7441.0,Stadio Comunale Luigi Ferraris,Daniele Orsato,Serie-A,11,2021-2022
3.0,Sun,2021-09-12,15:00,Torino,1.9,4–0,0.2,Salernitana,9082.0,Stadio Olimpico di Torino,Gianluca Aureliano,Serie-A,11,2021-2022
3.0,Sun,2021-09-12,15:00,Spezia,1.3,0–1,0.8,Udinese,5162.0,Stadio Alberto Picco,Marco Guida,Serie-A,11,2021-2022
3.0,Sun,2021-09-12,15:00,Cagliari,1.4,2–3,1.1,Genoa,6423.0,Sardegna Arena,Luca Pairetto,Serie-A,11,2021-2022
3.0,Sun,2021-09-12,18:00,Milan,3.0,2–0,0.3,Lazio,36207.0,Stadio Giuseppe Meazza,Daniele Chiffi,Serie-A,11,2021-2022
3.0,Sun,2021-09-12,20:45,Roma,2.8,2–1,1.7,Sassuolo,29604.0,Stadio Olimpico,Simone Sozza,Serie-A,11,2021-2022
3.0,Mon,2021-09-13,20:45,Bologna,1.4,1–0,0.4,Hellas Verona,10218.0,Stadio Renato Dall'Ara,Ivan Pezzuto,Serie-A,11,2021-2022
4.0,Fri,2021-09-17,20:45,Sassuolo,0.6,0–1,2.0,Torino,20000.0,Stadio Citt del Tricolore,Marco Piccinini,Serie-A,11,2021-2022
4.0,Sat,2021-09-18,15:00,Genoa,1.0,1–2,0.9,Fiorentina,6269.0,Stadio Comunale Luigi Ferraris,Livio Marinelli,Serie-A,11,2021-2022
4.0,Sat,2021-09-18,18:00,Inter,3.1,6–1,0.5,Bologna,35278.0,Stadio Giuseppe Meazza,Giovanni Ayroldi,Serie-A,11,2021-2022
4.0,Sat,2021-09-18,20:45,Salernitana,0.9,0–1,1.4,Atalanta,11949.0,Stadio Arechi,Paolo Valeri,Serie-A,11,2021-2022
4.0,Sun,2021-09-19,12:30,Empoli,1.6,0–3,1.8,Sampdoria,3064.0,Stadio Carlo Castellani,Maurizio Mariani,Serie-A,11,2021-2022
4.0,Sun,2021-09-19,15:00,Venezia,0.9,1–2,0.5,Spezia,3688.0,Stadio Pierluigi Penzo,Rosario Abisso,Serie-A,11,2021-2022
4.0,Sun,2021-09-19,18:00,Hellas Verona,1.1,3–2,0.8,Roma,10148.0,Stadio Marc'Antonio Bentegodi,Fabio Maresca,Serie-A,11,2021-2022
4.0,Sun,2021-09-19,18:00,Lazio,2.1,2–2,1.8,Cagliari,20000.0,Stadio Olimpico,Davide Ghersini,Serie-A,11,2021-2022
4.0,Sun,2021-09-19,20:45,Juventus,1.0,1–1,0.7,Milan,18785.0,Allianz Stadium,Daniele Doveri,Serie-A,11,2021-2022
4.0,Mon,2021-09-20,20:45,Udinese,0.3,0–4,2.4,Napoli,11484.0,Dacia Arena,Gianluca Manganiello,Serie-A,11,2021-2022
5.0,Tue,2021-09-21,18:30,Bologna,2.0,2–2,1.5,Genoa,9707.0,Stadio Renato Dall'Ara,Francesco Fourneau,Serie-A,11,2021-2022
5.0,Tue,2021-09-21,20:45,Atalanta,1.6,2–1,0.7,Sassuolo,7353.0,Stadio Atleti Azzurri d'Italia,Davide Massa,Serie-A,11,2021-2022
5.0,Tue,2021-09-21,20:45,Fiorentina,1.4,1–3,2.8,Inter,15927.0,Stadio Artemio Franchi,Michael Fabbri,Serie-A,11,2021-2022
5.0,Wed,2021-09-22,18:30,Salernitana,2.7,2–2,1.7,Hellas Verona,9561.0,Stadio Arechi,Massimiliano Irrati,Serie-A,11,2021-2022
5.0,Wed,2021-09-22,18:30,Spezia,0.7,2–3,2.3,Juventus,5700.0,Stadio Alberto Picco,Gianluca Aureliano,Serie-A,11,2021-2022
5.0,Wed,2021-09-22,20:45,Cagliari,1.1,0–2,1.1,Empoli,7226.0,Sardegna Arena,Marco Di Bello,Serie-A,11,2021-2022
5.0,Wed,2021-09-22,20:45,Milan,1.7,2–0,0.7,Venezia,26185.0,Stadio Giuseppe Meazza,Ivan Pezzuto,Serie-A,11,2021-2022
5.0,Thu,2021-09-23,18:30,Torino,1.1,1–1,0.9,Lazio,8646.0,Stadio Olimpico di Torino,Rosario Abisso,Serie-A,11,2021-2022
5.0,Thu,2021-09-23,18:30,Sampdoria,0.6,0–4,2.2,Napoli,4596.0,Stadio Comunale Luigi Ferraris,Paolo Valeri,Serie-A,11,2021-2022
5.0,Thu,2021-09-23,20:45,Roma,1.3,1–0,0.9,Udinese,29593.0,Stadio Olimpico,Antonio Rapuano,Serie-A,11,2021-2022
6.0,Sat,2021-09-25,15:00,Spezia,0.9,1–2,1.9,Milan,3618.0,Stadio Alberto Picco,Gianluca Manganiello,Serie-A,11,2021-2022
6.0,Sat,2021-09-25,18:00,Inter,3.9,2–2,2.1,Atalanta,36517.0,Stadio Giuseppe Meazza,Fabio Maresca,Serie-A,11,2021-2022
6.0,Sat,2021-09-25,20:45,Genoa,1.6,3–3,2.2,Hellas Verona,13478.0,Stadio Comunale Luigi Ferraris,Daniele Doveri,Serie-A,11,2021-2022
6.0,Sun,2021-09-26,12:30,Juventus,2.4,3–2,0.4,Sampdoria,15381.0,Allianz Stadium,Giovanni Ayroldi,Serie-A,11,2021-2022
6.0,Sun,2021-09-26,15:00,Sassuolo,1.3,1–0,0.9,Salernitana,5177.0,Stadio Citt del Tricolore,Antonio Giua,Serie-A,11,2021-2022
6.0,Sun,2021-09-26,15:00,Empoli,1.8,4–2,2.5,Bologna,5022.0,Stadio Carlo Castellani,Piero Giacomelli,Serie-A,11,2021-2022
6.0,Sun,2021-09-26,15:00,Udinese,0.6,0–1,1.1,Fiorentina,7208.0,Dacia Arena,Davide Ghersini,Serie-A,11,2021-2022
6.0,Sun,2021-09-26,18:00,Lazio,2.2,3–2,2.3,Roma,32000.0,Stadio Olimpico,Marco Guida,Serie-A,11,2021-2022
6.0,Sun,2021-09-26,20:45,Napoli,1.8,2–0,0.2,Cagliari,20000.0,Stadio San Paolo,Marco Piccinini,Serie-A,11,2021-2022
6.0,Mon,2021-09-27,20:45,Venezia,1.3,1–1,0.7,Torino,4888.0,Stadio Pierluigi Penzo,Lorenzo Maggioni,Serie-A,11,2021-2022
7.0,Fri,2021-10-01,20:45,Cagliari,0.4,1–1,1.1,Venezia,8135.0,Sardegna Arena,Manuel Volpi,Serie-A,11,2021-2022
7.0,Sat,2021-10-02,15:00,Salernitana,0.5,1–0,1.9,Genoa,10077.0,Stadio Arechi,Maurizio Mariani,Serie-A,11,2021-2022
7.0,Sat,2021-10-02,18:00,Torino,1.0,0–1,0.9,Juventus,12073.0,Stadio Olimpico di Torino,Paolo Valeri,Serie-A,11,2021-2022
7.0,Sat,2021-10-02,20:45,Sassuolo,1.5,1–2,1.9,Inter,10400.0,Stadio Citt del Tricolore,Luca Pairetto,Serie-A,11,2021-2022
7.0,Sun,2021-10-03,12:30,Bologna,0.5,3–0,0.6,Lazio,12975.0,Stadio Renato Dall'Ara,Davide Massa,Serie-A,11,2021-2022
7.0,Sun,2021-10-03,15:00,Sampdoria,1.6,3–3,2.7,Udinese,4292.0,Stadio Comunale Luigi Ferraris,Daniele Orsato,Serie-A,11,2021-2022
7.0,Sun,2021-10-03,15:00,Hellas Verona,0.4,4–0,1.4,Spezia,8398.0,Stadio Marc'Antonio Bentegodi,Giacomo Camplone,Serie-A,11,2021-2022
7.0,Sun,2021-10-03,18:00,Roma,1.3,2–0,0.6,Empoli,31946.0,Stadio Olimpico,Giovanni Ayroldi,Serie-A,11,2021-2022
7.0,Sun,2021-10-03,18:00,Fiorentina,0.7,1–2,1.7,Napoli,15264.0,Stadio Artemio Franchi,Simone Sozza,Serie-A,11,2021-2022
7.0,Sun,2021-10-03,20:45,Atalanta,2.1,2–3,3.0,Milan,9363.0,Stadio Atleti Azzurri d'Italia,Marco Di Bello,Serie-A,11,2021-2022
8.0,Sat,2021-10-16,15:00,Spezia,1.6,2–1,1.7,Salernitana,6023.0,Stadio Alberto Picco,Davide Massa,Serie-A,11,2021-2022
8.0,Sat,2021-10-16,18:00,Lazio,2.5,3–1,1.4,Inter,42000.0,Stadio Olimpico,Massimiliano Irrati,Serie-A,11,2021-2022
8.0,Sat,2021-10-16,20:45,Milan,1.5,3–2,1.4,Hellas Verona,40128.0,Stadio Giuseppe Meazza,Alessandro Prontera,Serie-A,11,2021-2022
8.0,Sun,2021-10-17,12:30,Cagliari,1.1,3–1,1.5,Sampdoria,9923.0,Sardegna Arena,Matteo Marchetti,Serie-A,11,2021-2022
8.0,Sun,2021-10-17,15:00,Genoa,1.3,2–2,2.0,Sassuolo,10370.0,Stadio Comunale Luigi Ferraris,Daniele Chiffi,Serie-A,11,2021-2022
8.0,Sun,2021-10-17,15:00,Udinese,1.0,1–1,1.7,Bologna,10627.0,Dacia Arena,Rosario Abisso,Serie-A,11,2021-2022
8.0,Sun,2021-10-17,15:00,Empoli,0.7,1–4,4.2,Atalanta,6214.0,Stadio Carlo Castellani,Marco Serra,Serie-A,11,2021-2022
8.0,Sun,2021-10-17,18:00,Napoli,1.6,1–0,0.9,Torino,27579.0,Stadio San Paolo,Juan Sacchi,Serie-A,11,2021-2022
8.0,Sun,2021-10-17,20:45,Juventus,0.8,1–0,1.4,Roma,20239.0,Allianz Stadium,Daniele Orsato,Serie-A,11,2021-2022
8.0,Mon,2021-10-18,20:45,Venezia,1.0,1–0,0.5,Fiorentina,8043.0,Stadio Pierluigi Penzo,Luca Massimi,Serie-A,11,2021-2022
9.0,Fri,2021-10-22,18:30,Torino,1.5,3–2,1.8,Genoa,9881.0,Stadio Olimpico di Torino,Piero Giacomelli,Serie-A,11,2021-2022
9.0,Fri,2021-10-22,20:45,Sampdoria,0.9,2–1,0.9,Spezia,7493.0,Stadio Comunale Luigi Ferraris,Michael Fabbri,Serie-A,11,2021-2022
9.0,Sat,2021-10-23,15:00,Salernitana,1.0,2–4,2.2,Empoli,11142.0,Stadio Arechi,Daniele Doveri,Serie-A,11,2021-2022
9.0,Sat,2021-10-23,18:00,Sassuolo,2.0,3–1,0.5,Venezia,4482.0,Stadio Citt del Tricolore,Antonio Di Martino,Serie-A,11,2021-2022
9.0,Sat,2021-10-23,20:45,Bologna,0.7,2–4,0.9,Milan,22167.0,Stadio Renato Dall'Ara,Paolo Valeri,Serie-A,11,2021-2022
9.0,Sun,2021-10-24,12:30,Atalanta,0.5,1–1,0.9,Udinese,9951.0,Stadio Atleti Azzurri d'Italia,Livio Marinelli,Serie-A,11,2021-2022
9.0,Sun,2021-10-24,15:00,Fiorentina,3.1,3–0,0.2,Cagliari,20290.0,Stadio Artemio Franchi,Antonio Rapuano,Serie-A,11,2021-2022
9.0,Sun,2021-10-24,15:00,Hellas Verona,2.8,4–1,0.9,Lazio,13953.0,Stadio Marc'Antonio Bentegodi,Marco Piccinini,Serie-A,11,2021-2022
9.0,Sun,2021-10-24,18:00,Roma,1.3,0–0,0.9,Napoli,47801.0,Stadio Olimpico,Davide Massa,Serie-A,11,2021-2022
9.0,Sun,2021-10-24,20:45,Inter,0.8,1–1,1.8,Juventus,56532.0,Stadio Giuseppe Meazza,Maurizio Mariani,Serie-A,11,2021-2022
10.0,Tue,2021-10-26,18:30,Venezia,0.5,1–2,1.3,Salernitana,5103.0,Stadio Pierluigi Penzo,Marco Di Bello,Serie-A,11,2021-2022
10.0,Tue,2021-10-26,18:30,Spezia,2.0,1–1,1.2,Genoa,7283.0,Stadio Alberto Picco,Simone Sozza,Serie-A,11,2021-2022
10.0,Tue,2021-10-26,20:45,Milan,0.9,1–0,0.8,Torino,35929.0,Stadio Giuseppe Meazza,Gianluca Aureliano,Serie-A,11,2021-2022
10.0,Wed,2021-10-27,18:30,Juventus,1.3,1–2,1.2,Sassuolo,18288.0,Allianz Stadium,Juan Sacchi,Serie-A,11,2021-2022
10.0,Wed,2021-10-27,18:30,Sampdoria,1.3,1–3,1.1,Atalanta,5462.0,Stadio Comunale Luigi Ferraris,Alessandro Prontera,Serie-A,11,2021-2022
10.0,Wed,2021-10-27,18:30,Udinese,1.2,1–1,0.8,Hellas Verona,8751.0,Dacia Arena,Matteo Marchetti,Serie-A,11,2021-2022
10.0,Wed,2021-10-27,20:45,Cagliari,1.1,1–2,2.4,Roma,8547.0,Sardegna Arena,Ivan Pezzuto,Serie-A,11,2021-2022
10.0,Wed,2021-10-27,20:45,Empoli,0.6,0–2,2.0,Inter,9335.0,Stadio Carlo Castellani,Daniele Chiffi,Serie-A,11,2021-2022
10.0,Wed,2021-10-27,20:45,Lazio,0.6,1–0,0.6,Fiorentina,7000.0,Stadio Olimpico,Giovanni Ayroldi,Serie-A,11,2021-2022
10.0,Thu,2021-10-28,20:45,Napoli,2.6,3–0,0.2,Bologna,20000.0,Stadio San Paolo,Marco Serra,Serie-A,11,2021-2022
11.0,Sat,2021-10-30,15:00,Atalanta,0.9,2–2,1.4,Lazio,11981.0,Stadio Atleti Azzurri d'Italia,Marco Guida,Serie-A,11,2021-2022
11.0,Sat,2021-10-30,18:00,Hellas Verona,1.6,2–1,0.9,Juventus,22314.0,Stadio Marc'Antonio Bentegodi,Livio Marinelli,Serie-A,11,2021-2022
11.0,Sat,2021-10-30,20:45,Torino,2.1,3–0,0.2,Sampdoria,13137.0,Stadio Olimpico di Torino,Francesco Fourneau,Serie-A,11,2021-2022
11.0,Sun,2021-10-31,12:30,Inter,2.1,2–0,0.4,Udinese,48076.0,Stadio Giuseppe Meazza,Juan Sacchi,Serie-A,11,2021-2022
11.0,Sun,2021-10-31,15:00,Sassuolo,0.9,1–2,1.5,Empoli,3539.0,Stadio Citt del Tricolore,Luca Massimi,Serie-A,11,2021-2022
11.0,Sun,2021-10-31,15:00,Fiorentina,3.3,3–0,0.1,Spezia,19511.0,Stadio Artemio Franchi,Antonio Giua,Serie-A,11,2021-2022
11.0,Sun,2021-10-31,15:00,Genoa,0.9,0–0,0.6,Venezia,7920.0,Stadio Comunale Luigi Ferraris,Maurizio Mariani,Serie-A,11,2021-2022
11.0,Sun,2021-10-31,18:00,Salernitana,0.7,0–1,1.4,Napoli,17043.0,Stadio Arechi,Michael Fabbri,Serie-A,11,2021-2022
11.0,Sun,2021-10-31,20:45,Roma,1.2,1–2,1.9,Milan,51001.0,Stadio Olimpico,Fabio Maresca,Serie-A,11,2021-2022
11.0,Mon,2021-11-01,20:45,Bologna,1.0,2–0,0.4,Cagliari,10126.0,Stadio Renato Dall'Ara,Davide Massa,Serie-A,11,2021-2022
12.0,Fri,2021-11-05,20:45,Empoli,0.8,2–2,1.7,Genoa,5631.0,Stadio Carlo Castellani,Luca Pairetto,Serie-A,11,2021-2022
12.0,Sat,2021-11-06,15:00,Spezia,0.6,1–0,0.9,Torino,6953.0,Stadio Alberto Picco,Daniele Orsato,Serie-A,11,2021-2022
12.0,Sat,2021-11-06,18:00,Juventus,0.7,1–0,0.5,Fiorentina,6953.0,Allianz Stadium,Simone Sozza,Serie-A,11,2021-2022
12.0,Sat,2021-11-06,20:45,Cagliari,0.9,1–2,2.8,Atalanta,6976.0,Sardegna Arena,Marco Piccinini,Serie-A,11,2021-2022
12.0,Sun,2021-11-07,12:30,Venezia,2.5,3–2,3.5,Roma,8263.0,Stadio Pierluigi Penzo,Gianluca Aureliano,Serie-A,11,2021-2022
12.0,Sun,2021-11-07,15:00,Udinese,1.7,3–2,1.3,Sassuolo,8322.0,Dacia Arena,Federico Dionisi,Serie-A,11,2021-2022
12.0,Sun,2021-11-07,15:00,Sampdoria,0.8,1–2,1.9,Bologna,5694.0,Stadio Comunale Luigi Ferraris,Gianluca Manganiello,Serie-A,11,2021-2022
12.0,Sun,2021-11-07,18:00,Napoli,0.8,1–1,1.0,Hellas Verona,28000.0,Stadio San Paolo,Giovanni Ayroldi,Serie-A,11,2021-2022
12.0,Sun,2021-11-07,18:00,Lazio,2.1,3–0,0.5,Salernitana,25000.0,Stadio Olimpico,Antonio Rapuano,Serie-A,11,2021-2022
12.0,Sun,2021-11-07,20:45,Milan,0.9,1–1,2.6,Inter,56608.0,Stadio Giuseppe Meazza,Daniele Doveri,Serie-A,11,2021-2022
13.0,Sat,2021-11-20,15:00,Atalanta,2.5,5–2,1.0,Spezia,10744.0,Stadio Atleti Azzurri d'Italia,Rosario Abisso,Serie-A,11,2021-2022
13.0,Sat,2021-11-20,18:00,Lazio,0.2,0–2,2.7,Juventus,45000.0,Stadio Olimpico,Marco Di Bello,Serie-A,11,2021-2022
13.0,Sat,2021-11-20,20:45,Fiorentina,1.8,4–3,2.1,Milan,32567.0,Stadio Artemio Franchi,Marco Guida,Serie-A,11,2021-2022
13.0,Sun,2021-11-21,12:30,Sassuolo,3.2,2–2,1.5,Cagliari,4135.0,Stadio Citt del Tricolore,Niccolò Baroni,Serie-A,11,2021-2022
13.0,Sun,2021-11-21,15:00,Salernitana,1.3,0–2,0.9,Sampdoria,11849.0,Stadio Arechi,Piero Giacomelli,Serie-A,11,2021-2022
13.0,Sun,2021-11-21,15:00,Bologna,1.4,0–1,1.0,Venezia,15255.0,Stadio Renato Dall'Ara,Daniele Chiffi,Serie-A,11,2021-2022
13.0,Sun,2021-11-21,18:00,Inter,1.9,3–2,1.1,Napoli,56649.0,Stadio Giuseppe Meazza,Paolo Valeri,Serie-A,11,2021-2022
13.0,Sun,2021-11-21,20:45,Genoa,0.2,0–2,1.8,Roma,14667.0,Stadio Comunale Luigi Ferraris,Massimiliano Irrati,Serie-A,11,2021-2022
13.0,Mon,2021-11-22,18:30,Hellas Verona,1.3,2–1,1.6,Empoli,13797.0,Stadio Marc'Antonio Bentegodi,Matteo Gariglio,Serie-A,11,2021-2022
13.0,Mon,2021-11-22,20:45,Torino,1.9,2–1,1.7,Udinese,7034.0,Stadio Olimpico di Torino,Ivan Pezzuto,Serie-A,11,2021-2022
14.0,Fri,2021-11-26,20:45,Cagliari,1.6,1–1,0.4,Salernitana,9700.0,Sardegna Arena,Daniele Doveri,Serie-A,11,2021-2022
14.0,Sat,2021-11-27,15:00,Sampdoria,0.8,3–1,0.9,Hellas Verona,6813.0,Stadio Comunale Luigi Ferraris,Lorenzo Maggioni,Serie-A,11,2021-2022
14.0,Sat,2021-11-27,15:00,Empoli,1.9,2–1,2.4,Fiorentina,7878.0,Stadio Carlo Castellani,Juan Sacchi,Serie-A,11,2021-2022
14.0,Sat,2021-11-27,18:00,Juventus,0.9,0–1,0.4,Atalanta,29886.0,Allianz Stadium,Giovanni Ayroldi,Serie-A,11,2021-2022
14.0,Sat,2021-11-27,20:45,Venezia,0.1,0–2,2.7,Inter,8303.0,Stadio Pierluigi Penzo,Livio Marinelli,Serie-A,11,2021-2022
14.0,Sun,2021-11-28,12:30,Udinese,1.1,0–0,0.7,Genoa,11537.0,Dacia Arena,Francesco Meraviglia,Serie-A,11,2021-2022
14.0,Sun,2021-11-28,15:00,Spezia,1.1,0–1,2.4,Bologna,6265.0,Stadio Alberto Picco,Luca Massimi,Serie-A,11,2021-2022
14.0,Sun,2021-11-28,15:00,Milan,1.1,1–3,1.1,Sassuolo,52824.0,Stadio Giuseppe Meazza,Gianluca Manganiello,Serie-A,11,2021-2022
14.0,Sun,2021-11-28,18:00,Roma,0.9,1–0,1.2,Torino,46728.0,Stadio Olimpico,Daniele Chiffi,Serie-A,11,2021-2022
14.0,Sun,2021-11-28,20:45,Napoli,1.2,4–0,0.4,Lazio,36000.0,Stadio San Paolo,Daniele Orsato,Serie-A,11,2021-2022
15.0,Tue,2021-11-30,18:30,Fiorentina,2.7,3–1,0.7,Sampdoria,17913.0,Stadio Artemio Franchi,Federico Dionisi,Serie-A,11,2021-2022
15.0,Tue,2021-11-30,18:30,Atalanta,2.7,4–0,0.7,Venezia,8667.0,Stadio Atleti Azzurri d'Italia,Alberto Santoro,Serie-A,11,2021-2022
15.0,Tue,2021-11-30,20:45,Hellas Verona,1.8,0–0,0.6,Cagliari,12188.0,Stadio Marc'Antonio Bentegodi,Matteo Marcenaro,Serie-A,11,2021-2022
15.0,Tue,2021-11-30,20:45,Salernitana,0.3,0–2,2.2,Juventus,19500.0,Stadio Arechi,Francesco Fourneau,Serie-A,11,2021-2022
15.0,Wed,2021-12-01,18:30,Inter,2.8,2–0,0.4,Spezia,30076.0,Stadio Giuseppe Meazza,Davide Ghersini,Serie-A,11,2021-2022
15.0,Wed,2021-12-01,18:30,Bologna,0.2,1–0,0.9,Roma,15780.0,Stadio Renato Dall'Ara,Luca Pairetto,Serie-A,11,2021-2022
15.0,Wed,2021-12-01,20:45,Sassuolo,0.3,2–2,0.8,Napoli,8192.0,Stadio Citt del Tricolore,Ivan Pezzuto,Serie-A,11,2021-2022
15.0,Wed,2021-12-01,20:45,Genoa,0.5,0–3,1.0,Milan,14000.0,Stadio Comunale Luigi Ferraris,Juan Sacchi,Serie-A,11,2021-2022
15.0,Thu,2021-12-02,18:30,Torino,0.9,2–2,0.9,Empoli,7002.0,Stadio Olimpico di Torino,Andrea Colombo,Serie-A,11,2021-2022
15.0,Thu,2021-12-02,20:45,Lazio,1.6,4–4,1.3,Udinese,7000.0,Stadio Olimpico,Marco Piccinini,Serie-A,11,2021-2022
16.0,Sat,2021-12-04,15:00,Milan,2.9,2–0,0.3,Salernitana,43609.0,Stadio Giuseppe Meazza,Antonio Giua,Serie-A,11,2021-2022
16.0,Sat,2021-12-04,18:00,Roma,0.7,0–3,1.5,Inter,51185.0,Stadio Olimpico,Marco Di Bello,Serie-A,11,2021-2022
16.0,Sat,2021-12-04,20:45,Napoli,1.2,2–3,1.6,Atalanta,30000.0,Stadio San Paolo,Maurizio Mariani,Serie-A,11,2021-2022
16.0,Sun,2021-12-05,12:30,Bologna,0.7,2–3,1.1,Fiorentina,18175.0,Stadio Renato Dall'Ara,Massimiliano Irrati,Serie-A,11,2021-2022
16.0,Sun,2021-12-05,15:00,Spezia,2.2,2–2,1.4,Sassuolo,4987.0,Stadio Alberto Picco,Fabio Maresca,Serie-A,11,2021-2022
16.0,Sun,2021-12-05,15:00,Venezia,1.8,3–4,1.9,Hellas Verona,7608.0,Stadio Pierluigi Penzo,Alessandro Prontera,Serie-A,11,2021-2022
16.0,Sun,2021-12-05,18:00,Sampdoria,1.4,1–3,1.2,Lazio,5883.0,Stadio Comunale Luigi Ferraris,Michael Fabbri,Serie-A,11,2021-2022
16.0,Sun,2021-12-05,20:45,Juventus,2.5,2–0,0.0,Genoa,18458.0,Allianz Stadium,Daniele Chiffi,Serie-A,11,2021-2022
16.0,Mon,2021-12-06,18:30,Empoli,2.4,3–1,2.1,Udinese,4808.0,Stadio Carlo Castellani,Daniele Paterna,Serie-A,11,2021-2022
16.0,Mon,2021-12-06,20:45,Cagliari,1.2,1–1,1.4,Torino,8799.0,Sardegna Arena,Luca Massimi,Serie-A,11,2021-2022
17.0,Fri,2021-12-10,20:45,Genoa,1.0,1–3,1.4,Sampdoria,,Stadio Comunale Luigi Ferraris,Daniele Doveri,Serie-A,11,2021-2022
17.0,Sat,2021-12-11,15:00,Fiorentina,2.2,4–0,1.0,Salernitana,18579.0,Stadio Artemio Franchi,Davide Ghersini,Serie-A,11,2021-2022
17.0,Sat,2021-12-11,18:00,Venezia,0.4,1–1,1.6,Juventus,8350.0,Stadio Pierluigi Penzo,Paolo Valeri,Serie-A,11,2021-2022
17.0,Sat,2021-12-11,20:45,Udinese,1.7,1–1,1.0,Milan,16385.0,Dacia Arena,Francesco Fourneau,Serie-A,11,2021-2022
17.0,Sun,2021-12-12,12:30,Torino,1.6,2–1,1.0,Bologna,6562.0,Stadio Olimpico di Torino,Federico Dionisi,Serie-A,11,2021-2022
17.0,Sun,2021-12-12,15:00,Hellas Verona,1.1,1–2,1.7,Atalanta,15000.0,Stadio Marc'Antonio Bentegodi,Juan Sacchi,Serie-A,11,2021-2022
17.0,Sun,2021-12-12,18:00,Napoli,1.7,0–1,0.7,Empoli,20000.0,Stadio San Paolo,Livio Marinelli,Serie-A,11,2021-2022
17.0,Sun,2021-12-12,18:00,Sassuolo,1.4,2–1,0.3,Lazio,5100.0,Stadio Citt del Tricolore,Simone Sozza,Serie-A,11,2021-2022
17.0,Sun,2021-12-12,20:45,Inter,3.0,4–0,0.2,Cagliari,33712.0,Stadio Giuseppe Meazza,Matteo Marchetti,Serie-A,11,2021-2022
17.0,Mon,2021-12-13,20:45,Roma,1.9,2–0,0.5,Spezia,44844.0,Stadio Olimpico,Alessandro Prontera,Serie-A,11,2021-2022
18.0,Fri,2021-12-17,18:30,Lazio,1.5,3–1,0.2,Genoa,6000.0,Stadio Olimpico,Luca Pairetto,Serie-A,11,2021-2022
18.0,Fri,2021-12-17,20:45,Salernitana,0.7,0–5,3.1,Inter,18000.0,Stadio Arechi,Maurizio Mariani,Serie-A,11,2021-2022
18.0,Sat,2021-12-18,15:00,Atalanta,1.3,1–4,1.2,Roma,14469.0,Stadio Atleti Azzurri d'Italia,Massimiliano Irrati,Serie-A,11,2021-2022
18.0,Sat,2021-12-18,18:00,Bologna,0.4,0–2,1.1,Juventus,22394.0,Stadio Renato Dall'Ara,Daniele Orsato,Serie-A,11,2021-2022
18.0,Sat,2021-12-18,20:45,Cagliari,0.4,0–4,0.6,Udinese,7864.0,Sardegna Arena,Fabio Maresca,Serie-A,11,2021-2022
18.0,Sun,2021-12-19,12:30,Fiorentina,3.3,2–2,1.2,Sassuolo,21514.0,Stadio Artemio Franchi,Marco Serra,Serie-A,11,2021-2022
18.0,Sun,2021-12-19,15:00,Spezia,0.6,1–1,1.8,Empoli,5414.0,Stadio Alberto Picco,Manuel Volpi,Serie-A,11,2021-2022
18.0,Sun,2021-12-19,18:00,Torino,0.8,1–0,0.4,Hellas Verona,6202.0,Stadio Olimpico di Torino,Michael Fabbri,Serie-A,11,2021-2022
18.0,Sun,2021-12-19,18:00,Sampdoria,1.4,1–1,1.4,Venezia,5735.0,Stadio Comunale Luigi Ferraris,Rosario Abisso,Serie-A,11,2021-2022
18.0,Sun,2021-12-19,20:45,Milan,0.5,0–1,0.9,Napoli,54647.0,Stadio Giuseppe Meazza,Davide Massa,Serie-A,11,2021-2022
19.0,Tue,2021-12-21,18:30,Udinese,,3–0,,Salernitana,,Dacia Arena,Giacomo Camplone,Serie-A,11,2021-2022
19.0,Tue,2021-12-21,20:45,Genoa,0.0,0–0,1.1,Atalanta,,Stadio Comunale Luigi Ferraris,Paolo Valeri,Serie-A,11,2021-2022
19.0,Tue,2021-12-21,20:45,Juventus,1.1,2–0,1.3,Cagliari,11197.0,Allianz Stadium,Federico Dionisi,Serie-A,11,2021-2022
19.0,Wed,2021-12-22,16:30,Venezia,0.8,1–3,0.8,Lazio,7894.0,Stadio Pierluigi Penzo,Fabio Maresca,Serie-A,11,2021-2022
19.0,Wed,2021-12-22,16:30,Sassuolo,0.8,0–3,1.3,Bologna,,Stadio Citt del Tricolore,Michael Fabbri,Serie-A,11,2021-2022
19.0,Wed,2021-12-22,18:30,Roma,1.4,1–1,1.5,Sampdoria,49400.0,Stadio Olimpico,Piero Giacomelli,Serie-A,11,2021-2022
19.0,Wed,2021-12-22,18:30,Hellas Verona,0.9,1–1,1.1,Fiorentina,14001.0,Stadio Marc'Antonio Bentegodi,Daniele Doveri,Serie-A,11,2021-2022
19.0,Wed,2021-12-22,18:30,Inter,1.3,1–0,0.6,Torino,41413.0,Stadio Giuseppe Meazza,Marco Guida,Serie-A,11,2021-2022
19.0,Wed,2021-12-22,20:45,Napoli,2.0,0–1,0.3,Spezia,25000.0,Stadio San Paolo,Luca Massimi,Serie-A,11,2021-2022
19.0,Wed,2021-12-22,20:45,Empoli,1.7,2–4,1.3,Milan,10596.0,Stadio Carlo Castellani,Marco Di Bello,Serie-A,11,2021-2022
20.0,Thu,2022-01-06,12:30,Bologna,,,,Inter,,Stadio Renato Dall'Ara,,Serie-A,11,2021-2022
20.0,Thu,2022-01-06,12:30,Sampdoria,0.6,1–2,2.4,Cagliari,,Stadio Comunale Luigi Ferraris,Giacomo Camplone,Serie-A,11,2021-2022
20.0,Thu,2022-01-06,14:30,Spezia,1.0,1–2,1.9,Hellas Verona,,Stadio Alberto Picco,Maurizio Mariani,Serie-A,11,2021-2022
20.0,Thu,2022-01-06,14:30,Lazio,2.5,3–3,2.0,Empoli,,Stadio Olimpico,Antonio Giua,Serie-A,11,2021-2022
20.0,Thu,2022-01-06,16:30,Sassuolo,1.9,1–1,0.2,Genoa,,Stadio Citt del Tricolore,Gianluca Manganiello,Serie-A,11,2021-2022
20.0,Thu,2022-01-06,16:30,Atalanta,,,,Torino,,Stadio Atleti Azzurri d'Italia,,Serie-A,11,2021-2022
20.0,Thu,2022-01-06,18:30,Salernitana,,,,Venezia,,Stadio Arechi,,Serie-A,11,2021-2022
20.0,Thu,2022-01-06,18:30,Milan,2.9,3–1,0.8,Roma,,Stadio Giuseppe Meazza,Daniele Chiffi,Serie-A,11,2021-2022
20.0,Thu,2022-01-06,20:45,Juventus,1.3,1–1,0.7,Napoli,,Allianz Stadium,Simone Sozza,Serie-A,11,2021-2022
20.0,Thu,2022-01-06,20:45,Fiorentina,,,,Udinese,,Stadio Artemio Franchi,,Serie-A,11,2021-2022
21.0,Sun,2022-01-09,12:30,Venezia,0.4,0–3,2.8,Milan,5000.0,Stadio Pierluigi Penzo,Massimiliano Irrati,Serie-A,11,2021-2022
21.0,Sun,2022-01-09,14:30,Empoli,1.4,1–5,4.1,Sassuolo,,Stadio Carlo Castellani,Manuel Volpi,Serie-A,11,2021-2022
21.0,Sun,2022-01-09,16:30,Udinese,0.5,2–6,3.2,Atalanta,,Dacia Arena,Michael Fabbri,Serie-A,11,2021-2022
21.0,Sun,2022-01-09,16:30,Napoli,1.5,1–0,0.4,Sampdoria,,Stadio San Paolo,Marco Di Bello,Serie-A,11,2021-2022
21.0,Sun,2022-01-09,18:30,Genoa,1.1,0–1,1.5,Spezia,,Stadio Comunale Luigi Ferraris,Marco Guida,Serie-A,11,2021-2022
21.0,Sun,2022-01-09,18:30,Roma,2.1,3–4,1.1,Juventus,,Stadio Olimpico,Davide Massa,Serie-A,11,2021-2022
21.0,Sun,2022-01-09,20:45,Inter,1.7,2–1,1.6,Lazio,,Stadio Giuseppe Meazza,Luca Pairetto,Serie-A,11,2021-2022
21.0,Sun,2022-01-09,20:45,Hellas Verona,1.4,1–2,1.1,Salernitana,,Stadio Marc'Antonio Bentegodi,Federico Dionisi,Serie-A,11,2021-2022
21.0,Mon,2022-01-10,17:00,Torino,2.1,4–0,0.7,Fiorentina,,Stadio Olimpico di Torino,Livio Marinelli,Serie-A,11,2021-2022
21.0,Tue,2022-01-11,20:45,Cagliari,1.7,2–1,0.6,Bologna,,Sardegna Arena,Davide Ghersini,Serie-A,11,2021-2022
22.0,Sat,2022-01-15,15:00,Sampdoria,1.3,1–2,1.6,Torino,,Stadio Comunale Luigi Ferraris,Luca Massimi,Serie-A,11,2021-2022
22.0,Sat,2022-01-15,18:00,Salernitana,0.3,0–3,1.6,Lazio,,Stadio Arechi,Rosario Abisso,Serie-A,11,2021-2022
22.0,Sat,2022-01-15,20:45,Juventus,1.5,2–0,0.8,Udinese,,Allianz Stadium,Antonio Giua,Serie-A,11,2021-2022
22.0,Sun,2022-01-16,12:30,Sassuolo,1.1,2–4,3.5,Hellas Verona,,Stadio Citt del Tricolore,Alessandro Prontera,Serie-A,11,2021-2022
22.0,Sun,2022-01-16,15:00,Venezia,1.1,1–1,1.6,Empoli,,Stadio Pierluigi Penzo,Piero Giacomelli,Serie-A,11,2021-2022
22.0,Sun,2022-01-16,18:00,Roma,1.9,1–0,0.6,Cagliari,,Stadio Olimpico,Lorenzo Maggioni,Serie-A,11,2021-2022
22.0,Sun,2022-01-16,20:45,Atalanta,1.6,0–0,1.5,Inter,,Stadio Atleti Azzurri d'Italia,Davide Massa,Serie-A,11,2021-2022
22.0,Mon,2022-01-17,18:30,Milan,2.6,1–2,1.4,Spezia,,Stadio Giuseppe Meazza,Marco Serra,Serie-A,11,2021-2022
22.0,Mon,2022-01-17,18:30,Bologna,0.9,0–2,2.0,Napoli,,Stadio Renato Dall'Ara,Livio Marinelli,Serie-A,11,2021-2022
22.0,Mon,2022-01-17,20:45,Fiorentina,3.1,6–0,0.2,Genoa,,Stadio Artemio Franchi,Fabio Maresca,Serie-A,11,2021-2022
23.0,Fri,2022-01-21,20:45,Hellas Verona,1.8,2–1,0.5,Bologna,,Stadio Marc'Antonio Bentegodi,Matteo Gariglio,Serie-A,11,2021-2022
23.0,Sat,2022-01-22,15:00,Genoa,0.9,0–0,0.1,Udinese,,Stadio Comunale Luigi Ferraris,Daniele Doveri,Serie-A,11,2021-2022
23.0,Sat,2022-01-22,18:00,Inter,2.8,2–1,0.3,Venezia,,Stadio Giuseppe Meazza,Matteo Marchetti,Serie-A,11,2021-2022
23.0,Sat,2022-01-22,20:45,Lazio,0.3,0–0,0.4,Atalanta,,Stadio Olimpico,Simone Sozza,Serie-A,11,2021-2022
23.0,Sun,2022-01-23,12:30,Cagliari,1.5,1–1,1.9,Fiorentina,,Sardegna Arena,Gianluca Aureliano,Serie-A,11,2021-2022
23.0,Sun,2022-01-23,15:00,Torino,2.8,1–1,0.4,Sassuolo,,Stadio Olimpico di Torino,Francesco Fourneau,Serie-A,11,2021-2022
23.0,Sun,2022-01-23,15:00,Napoli,4.1,4–1,0.2,Salernitana,,Stadio San Paolo,Luca Pairetto,Serie-A,11,2021-2022
23.0,Sun,2022-01-23,15:00,Spezia,0.4,1–0,0.4,Sampdoria,,Stadio Alberto Picco,Gianluca Manganiello,Serie-A,11,2021-2022
23.0,Sun,2022-01-23,18:00,Empoli,0.9,2–4,3.0,Roma,,Stadio Carlo Castellani,Michael Fabbri,Serie-A,11,2021-2022
23.0,Sun,2022-01-23,20:45,Milan,0.7,0–0,0.4,Juventus,,Stadio Giuseppe Meazza,Marco Di Bello,Serie-A,11,2021-2022
24.0,Sat,2022-02-05,15:00,Roma,,,,Genoa,,Stadio Olimpico,,Serie-A,11,2021-2022
24.0,Sat,2022-02-05,18:00,Inter,,,,Milan,,Stadio Giuseppe Meazza,,Serie-A,11,2021-2022
24.0,Sat,2022-02-05,20:45,Fiorentina,,,,Lazio,,Stadio Artemio Franchi,,Serie-A,11,2021-2022
24.0,Sun,2022-02-06,12:30,Atalanta,,,,Cagliari,,Stadio Atleti Azzurri d'Italia,,Serie-A,11,2021-2022
24.0,Sun,2022-02-06,15:00,Bologna,,,,Empoli,,Stadio Renato Dall'Ara,,Serie-A,11,2021-2022
24.0,Sun,2022-02-06,15:00,Venezia,,,,Napoli,,Stadio Pierluigi Penzo,,Serie-A,11,2021-2022
24.0,Sun,2022-02-06,15:00,Sampdoria,,,,Sassuolo,,Stadio Comunale Luigi Ferraris,,Serie-A,11,2021-2022
24.0,Sun,2022-02-06,18:00,Udinese,,,,Torino,,Dacia Arena,,Serie-A,11,2021-2022
24.0,Sun,2022-02-06,20:45,Juventus,,,,Hellas Verona,,Allianz Stadium,,Serie-A,11,2021-2022
24.0,Mon,2022-02-07,20:45,Salernitana,,,,Spezia,,Stadio Arechi,,Serie-A,11,2021-2022
25.0,Sat,2022-02-12,15:00,Lazio,,,,Bologna,,Stadio Olimpico,,Serie-A,11,2021-2022
25.0,Sat,2022-02-12,18:00,Napoli,,,,Inter,,Stadio San Paolo,,Serie-A,11,2021-2022
25.0,Sat,2022-02-12,20:45,Torino,,,,Venezia,,Stadio Olimpico di Torino,,Serie-A,11,2021-2022
25.0,Sun,2022-02-13,12:30,Milan,,,,Sampdoria,,Stadio Giuseppe Meazza,,Serie-A,11,2021-2022
25.0,Sun,2022-02-13,15:00,Hellas Verona,,,,Udinese,,Stadio Marc'Antonio Bentegodi,,Serie-A,11,2021-2022
25.0,Sun,2022-02-13,15:00,Genoa,,,,Salernitana,,Stadio Comunale Luigi Ferraris,,Serie-A,11,2021-2022
25.0,Sun,2022-02-13,15:00,Empoli,,,,Cagliari,,Stadio Carlo Castellani,,Serie-A,11,2021-2022
25.0,Sun,2022-02-13,18:00,Sassuolo,,,,Roma,,Stadio Citt del Tricolore,,Serie-A,11,2021-2022
25.0,Sun,2022-02-13,20:45,Atalanta,,,,Juventus,,Stadio Atleti Azzurri d'Italia,,Serie-A,11,2021-2022
25.0,Mon,2022-02-14,20:45,Spezia,,,,Fiorentina,,Stadio Alberto Picco,,Serie-A,11,2021-2022
26.0,Fri,2022-02-18,20:45,Juventus,,,,Torino,,Allianz Stadium,,Serie-A,11,2021-2022
26.0,Sat,2022-02-19,15:00,Sampdoria,,,,Empoli,,Stadio Comunale Luigi Ferraris,,Serie-A,11,2021-2022
26.0,Sat,2022-02-19,18:00,Roma,,,,Hellas Verona,,Stadio Olimpico,,Serie-A,11,2021-2022
26.0,Sat,2022-02-19,20:45,Salernitana,,,,Milan,,Stadio Arechi,,Serie-A,11,2021-2022
26.0,Sun,2022-02-20,12:30,Fiorentina,,,,Atalanta,,Stadio Artemio Franchi,,Serie-A,11,2021-2022
26.0,Sun,2022-02-20,15:00,Venezia,,,,Genoa,,Stadio Pierluigi Penzo,,Serie-A,11,2021-2022
26.0,Sun,2022-02-20,18:00,Inter,,,,Sassuolo,,Stadio Giuseppe Meazza,,Serie-A,11,2021-2022
26.0,Sun,2022-02-20,20:45,Udinese,,,,Lazio,,Dacia Arena,,Serie-A,11,2021-2022
26.0,Mon,2022-02-21,19:00,Cagliari,,,,Napoli,,Sardegna Arena,,Serie-A,11,2021-2022
26.0,Mon,2022-02-21,21:00,Bologna,,,,Spezia,,Stadio Renato Dall'Ara,,Serie-A,11,2021-2022
27.0,Sun,2022-02-27,,Genoa,,,,Inter,,,,Serie-A,11,2021-2022
27.0,Sun,2022-02-27,,Lazio,,,,Napoli,,,,Serie-A,11,2021-2022
27.0,Sun,2022-02-27,,Milan,,,,Udinese,,,,Serie-A,11,2021-2022
27.0,Sun,2022-02-27,,Spezia,,,,Roma,,,,Serie-A,11,2021-2022
27.0,Sun,2022-02-27,,Sassuolo,,,,Fiorentina,,,,Serie-A,11,2021-2022
27.0,Sun,2022-02-27,,Atalanta,,,,Sampdoria,,,,Serie-A,11,2021-2022
27.0,Sun,2022-02-27,,Empoli,,,,Juventus,,,,Serie-A,11,2021-2022
27.0,Sun,2022-02-27,,Salernitana,,,,Bologna,,,,Serie-A,11,2021-2022
27.0,Sun,2022-02-27,,Hellas Verona,,,,Venezia,,,,Serie-A,11,2021-2022
27.0,Sun,2022-02-27,,Torino,,,,Cagliari,,,,Serie-A,11,2021-2022
28.0,Sun,2022-03-06,,Fiorentina,,,,Hellas Verona,,,,Serie-A,11,2021-2022
28.0,Sun,2022-03-06,,Genoa,,,,Empoli,,,,Serie-A,11,2021-2022
28.0,Sun,2022-03-06,,Venezia,,,,Sassuolo,,,,Serie-A,11,2021-2022
28.0,Sun,2022-03-06,,Napoli,,,,Milan,,,,Serie-A,11,2021-2022
28.0,Sun,2022-03-06,,Roma,,,,Atalanta,,,,Serie-A,11,2021-2022
28.0,Sun,2022-03-06,,Cagliari,,,,Lazio,,,,Serie-A,11,2021-2022
28.0,Sun,2022-03-06,,Inter,,,,Salernitana,,,,Serie-A,11,2021-2022
28.0,Sun,2022-03-06,,Bologna,,,,Torino,,,,Serie-A,11,2021-2022
28.0,Sun,2022-03-06,,Udinese,,,,Sampdoria,,,,Serie-A,11,2021-2022
28.0,Sun,2022-03-06,,Juventus,,,,Spezia,,,,Serie-A,11,2021-2022
29.0,Sun,2022-03-13,,Atalanta,,,,Genoa,,,,Serie-A,11,2021-2022
29.0,Sun,2022-03-13,,Lazio,,,,Venezia,,,,Serie-A,11,2021-2022
29.0,Sun,2022-03-13,,Salernitana,,,,Sassuolo,,,,Serie-A,11,2021-2022
29.0,Sun,2022-03-13,,Spezia,,,,Cagliari,,,,Serie-A,11,2021-2022
29.0,Sun,2022-03-13,,Hellas Verona,,,,Napoli,,,,Serie-A,11,2021-2022
29.0,Sun,2022-03-13,,Sampdoria,,,,Juventus,,,,Serie-A,11,2021-2022
29.0,Sun,2022-03-13,,Milan,,,,Empoli,,,,Serie-A,11,2021-2022
29.0,Sun,2022-03-13,,Udinese,,,,Roma,,,,Serie-A,11,2021-2022
29.0,Sun,2022-03-13,,Fiorentina,,,,Bologna,,,,Serie-A,11,2021-2022
29.0,Sun,2022-03-13,,Torino,,,,Inter,,,,Serie-A,11,2021-2022
30.0,Sun,2022-03-20,,Sassuolo,,,,Spezia,,,,Serie-A,11,2021-2022
30.0,Sun,2022-03-20,,Napoli,,,,Udinese,,,,Serie-A,11,2021-2022
30.0,Sun,2022-03-20,,Roma,,,,Lazio,,,,Serie-A,11,2021-2022
30.0,Sun,2022-03-20,,Genoa,,,,Torino,,,,Serie-A,11,2021-2022
30.0,Sun,2022-03-20,,Juventus,,,,Salernitana,,,,Serie-A,11,2021-2022
30.0,Sun,2022-03-20,,Empoli,,,,Hellas Verona,,,,Serie-A,11,2021-2022
30.0,Sun,2022-03-20,,Bologna,,,,Atalanta,,,,Serie-A,11,2021-2022
30.0,Sun,2022-03-20,,Inter,,,,Fiorentina,,,,Serie-A,11,2021-2022
30.0,Sun,2022-03-20,,Cagliari,,,,Milan,,,,Serie-A,11,2021-2022
30.0,Sun,2022-03-20,,Venezia,,,,Sampdoria,,,,Serie-A,11,2021-2022
31.0,Sun,2022-04-03,,Milan,,,,Bologna,,,,Serie-A,11,2021-2022
31.0,Sun,2022-04-03,,Udinese,,,,Cagliari,,,,Serie-A,11,2021-2022
31.0,Sun,2022-04-03,,Fiorentina,,,,Empoli,,,,Serie-A,11,2021-2022
31.0,Sun,2022-04-03,,Salernitana,,,,Torino,,,,Serie-A,11,2021-2022
31.0,Sun,2022-04-03,,Sampdoria,,,,Roma,,,,Serie-A,11,2021-2022
31.0,Sun,2022-04-03,,Juventus,,,,Inter,,,,Serie-A,11,2021-2022
31.0,Sun,2022-04-03,,Lazio,,,,Sassuolo,,,,Serie-A,11,2021-2022
31.0,Sun,2022-04-03,,Hellas Verona,,,,Genoa,,,,Serie-A,11,2021-2022
31.0,Sun,2022-04-03,,Spezia,,,,Venezia,,,,Serie-A,11,2021-2022
31.0,Sun,2022-04-03,,Atalanta,,,,Napoli,,,,Serie-A,11,2021-2022
32.0,Sun,2022-04-10,,Venezia,,,,Udinese,,,,Serie-A,11,2021-2022
32.0,Sun,2022-04-10,,Roma,,,,Salernitana,,,,Serie-A,11,2021-2022
32.0,Sun,2022-04-10,,Sassuolo,,,,Atalanta,,,,Serie-A,11,2021-2022
32.0,Sun,2022-04-10,,Torino,,,,Milan,,,,Serie-A,11,2021-2022
32.0,Sun,2022-04-10,,Genoa,,,,Lazio,,,,Serie-A,11,2021-2022
32.0,Sun,2022-04-10,,Bologna,,,,Sampdoria,,,,Serie-A,11,2021-2022
32.0,Sun,2022-04-10,,Empoli,,,,Spezia,,,,Serie-A,11,2021-2022
32.0,Sun,2022-04-10,,Cagliari,,,,Juventus,,,,Serie-A,11,2021-2022
32.0,Sun,2022-04-10,,Napoli,,,,Fiorentina,,,,Serie-A,11,2021-2022
32.0,Sun,2022-04-10,,Inter,,,,Hellas Verona,,,,Serie-A,11,2021-2022
33.0,Sat,2022-04-16,,Napoli,,,,Roma,,,,Serie-A,11,2021-2022
33.0,Sat,2022-04-16,,Cagliari,,,,Sassuolo,,,,Serie-A,11,2021-2022
33.0,Sat,2022-04-16,,Udinese,,,,Empoli,,,,Serie-A,11,2021-2022
33.0,Sat,2022-04-16,,Fiorentina,,,,Venezia,,,,Serie-A,11,2021-2022
33.0,Sat,2022-04-16,,Sampdoria,,,,Salernitana,,,,Serie-A,11,2021-2022
33.0,Sat,2022-04-16,,Atalanta,,,,Hellas Verona,,,,Serie-A,11,2021-2022
33.0,Sat,2022-04-16,,Spezia,,,,Inter,,,,Serie-A,11,2021-2022
33.0,Sat,2022-04-16,,Milan,,,,Genoa,,,,Serie-A,11,2021-2022
33.0,Sat,2022-04-16,,Lazio,,,,Torino,,,,Serie-A,11,2021-2022
33.0,Sat,2022-04-16,,Juventus,,,,Bologna,,,,Serie-A,11,2021-2022
34.0,Sun,2022-04-24,,Bologna,,,,Udinese,,,,Serie-A,11,2021-2022
34.0,Sun,2022-04-24,,Venezia,,,,Atalanta,,,,Serie-A,11,2021-2022
34.0,Sun,2022-04-24,,Salernitana,,,,Fiorentina,,,,Serie-A,11,2021-2022
34.0,Sun,2022-04-24,,Hellas Verona,,,,Sampdoria,,,,Serie-A,11,2021-2022
34.0,Sun,2022-04-24,,Torino,,,,Spezia,,,,Serie-A,11,2021-2022
34.0,Sun,2022-04-24,,Sassuolo,,,,Juventus,,,,Serie-A,11,2021-2022
34.0,Sun,2022-04-24,,Lazio,,,,Milan,,,,Serie-A,11,2021-2022
34.0,Sun,2022-04-24,,Empoli,,,,Napoli,,,,Serie-A,11,2021-2022
34.0,Sun,2022-04-24,,Inter,,,,Roma,,,,Serie-A,11,2021-2022
34.0,Sun,2022-04-24,,Genoa,,,,Cagliari,,,,Serie-A,11,2021-2022
35.0,Sun,2022-05-01,,Roma,,,,Bologna,,,,Serie-A,11,2021-2022
35.0,Sun,2022-05-01,,Empoli,,,,Torino,,,,Serie-A,11,2021-2022
35.0,Sun,2022-05-01,,Napoli,,,,Sassuolo,,,,Serie-A,11,2021-2022
35.0,Sun,2022-05-01,,Cagliari,,,,Hellas Verona,,,,Serie-A,11,2021-2022
35.0,Sun,2022-05-01,,Juventus,,,,Venezia,,,,Serie-A,11,2021-2022
35.0,Sun,2022-05-01,,Milan,,,,Fiorentina,,,,Serie-A,11,2021-2022
35.0,Sun,2022-05-01,,Spezia,,,,Lazio,,,,Serie-A,11,2021-2022
35.0,Sun,2022-05-01,,Atalanta,,,,Salernitana,,,,Serie-A,11,2021-2022
35.0,Sun,2022-05-01,,Sampdoria,,,,Genoa,,,,Serie-A,11,2021-2022
35.0,Sun,2022-05-01,,Udinese,,,,Inter,,,,Serie-A,11,2021-2022
36.0,Sun,2022-05-08,,Sassuolo,,,,Udinese,,,,Serie-A,11,2021-2022
36.0,Sun,2022-05-08,,Torino,,,,Napoli,,,,Serie-A,11,2021-2022
36.0,Sun,2022-05-08,,Lazio,,,,Sampdoria,,,,Serie-A,11,2021-2022
36.0,Sun,2022-05-08,,Genoa,,,,Juventus,,,,Serie-A,11,2021-2022
36.0,Sun,2022-05-08,,Salernitana,,,,Cagliari,,,,Serie-A,11,2021-2022
36.0,Sun,2022-05-08,,Hellas Verona,,,,Milan,,,,Serie-A,11,2021-2022
36.0,Sun,2022-05-08,,Fiorentina,,,,Roma,,,,Serie-A,11,2021-2022
36.0,Sun,2022-05-08,,Venezia,,,,Bologna,,,,Serie-A,11,2021-2022
36.0,Sun,2022-05-08,,Spezia,,,,Atalanta,,,,Serie-A,11,2021-2022
36.0,Sun,2022-05-08,,Inter,,,,Empoli,,,,Serie-A,11,2021-2022
37.0,Sun,2022-05-15,,Udinese,,,,Spezia,,,,Serie-A,11,2021-2022
37.0,Sun,2022-05-15,,Bologna,,,,Sassuolo,,,,Serie-A,11,2021-2022
37.0,Sun,2022-05-15,,Hellas Verona,,,,Torino,,,,Serie-A,11,2021-2022
37.0,Sun,2022-05-15,,Napoli,,,,Genoa,,,,Serie-A,11,2021-2022
37.0,Sun,2022-05-15,,Juventus,,,,Lazio,,,,Serie-A,11,2021-2022
37.0,Sun,2022-05-15,,Sampdoria,,,,Fiorentina,,,,Serie-A,11,2021-2022
37.0,Sun,2022-05-15,,Empoli,,,,Salernitana,,,,Serie-A,11,2021-2022
37.0,Sun,2022-05-15,,Cagliari,,,,Inter,,,,Serie-A,11,2021-2022
37.0,Sun,2022-05-15,,Milan,,,,Atalanta,,,,Serie-A,11,2021-2022
37.0,Sun,2022-05-15,,Roma,,,,Venezia,,,,Serie-A,11,2021-2022
38.0,Sun,2022-05-22,,Torino,,,,Roma,,,,Serie-A,11,2021-2022
38.0,Sun,2022-05-22,,Salernitana,,,,Udinese,,,,Serie-A,11,2021-2022
38.0,Sun,2022-05-22,,Lazio,,,,Hellas Verona,,,,Serie-A,11,2021-2022
38.0,Sun,2022-05-22,,Spezia,,,,Napoli,,,,Serie-A,11,2021-2022
38.0,Sun,2022-05-22,,Fiorentina,,,,Juventus,,,,Serie-A,11,2021-2022
38.0,Sun,2022-05-22,,Genoa,,,,Bologna,,,,Serie-A,11,2021-2022
38.0,Sun,2022-05-22,,Atalanta,,,,Empoli,,,,Serie-A,11,2021-2022
38.0,Sun,2022-05-22,,Inter,,,,Sampdoria,,,,Serie-A,11,2021-2022
38.0,Sun,2022-05-22,,Venezia,,,,Cagliari,,,,Serie-A,11,2021-2022
38.0,Sun,2022-05-22,,Sassuolo,,,,Milan,,,,Serie-A,11,2021-2022
