Wk,Day,Date,Time,Home,xG,Score,xG.1,Away,Attendance,Venue,Referee,League Name,League ID,Season
1.0,Fri,2019-08-09,20:00,Liverpool,1.7,4–1,1.0,Norwich City,53333.0,Anfield,Michael Oliver,Premier-League,9,2019-2020
1.0,Sat,2019-08-10,12:30,West Ham,0.8,0–5,3.1,Manchester City,59870.0,London Stadium,Mike Dean,Premier-League,9,2019-2020
1.0,Sat,2019-08-10,15:00,Watford,0.9,0–3,0.7,Brighton,20245.0,Vicarage Road Stadium,Craig Pawson,Premier-League,9,2019-2020
1.0,Sat,2019-08-10,15:00,Burnley,0.7,3–0,0.8,Southampton,19784.0,Turf Moor,Graham Scott,Premier-League,9,2019-2020
1.0,Sat,2019-08-10,15:00,Bournemouth,1.0,1–1,1.0,Sheffield Utd,10714.0,Vitality Stadium,Kevin Friend,Premier-League,9,2019-2020
1.0,Sat,2019-08-10,15:00,Crystal Palace,0.7,0–0,1.0,Everton,25151.0,Selhurst Park,Jonathan Moss,Premier-League,9,2019-2020
1.0,Sat,2019-08-10,17:30,Tottenham,2.4,3–1,0.6,Aston Villa,60407.0,Tottenham Hotspur Stadium,Chris Kavanagh,Premier-League,9,2019-2020
1.0,Sun,2019-08-11,14:00,Newcastle Utd,0.5,0–1,1.0,Arsenal,47635.0,St. James' Park,Martin Atkinson,Premier-League,9,2019-2020
1.0,Sun,2019-08-11,14:00,Leicester City,0.6,0–0,0.6,Wolves,32015.0,King Power Stadium,Andre Marriner,Premier-League,9,2019-2020
1.0,Sun,2019-08-11,16:30,Manchester Utd,2.3,4–0,0.8,Chelsea,73620.0,Old Trafford,Anthony Taylor,Premier-League,9,2019-2020
,,,,,,,,,,,,Premier-League,9,2019-2020
2.0,Sat,2019-08-17,12:30,Arsenal,0.9,2–1,1.3,Burnley,60214.0,Emirates Stadium,Mike Dean,Premier-League,9,2019-2020
2.0,Sat,2019-08-17,15:00,Southampton,1.6,1–2,1.4,Liverpool,31712.0,St. Mary's Stadium,Andre Marriner,Premier-League,9,2019-2020
2.0,Sat,2019-08-17,15:00,Norwich City,1.4,3–1,0.7,Newcastle Utd,27059.0,Carrow Road,Stuart Attwell,Premier-League,9,2019-2020
2.0,Sat,2019-08-17,15:00,Brighton,1.6,1–1,0.8,West Ham,30459.0,The American Express Community Stadium,Anthony Taylor,Premier-League,9,2019-2020
2.0,Sat,2019-08-17,15:00,Everton,1.0,1–0,1.0,Watford,39066.0,Goodison Park,Lee Mason,Premier-League,9,2019-2020
2.0,Sat,2019-08-17,15:00,Aston Villa,1.7,1–2,1.3,Bournemouth,40996.0,Villa Park,Martin Atkinson,Premier-League,9,2019-2020
2.0,Sat,2019-08-17,17:30,Manchester City,2.9,2–2,0.3,Tottenham,54503.0,Etihad Stadium,Michael Oliver,Premier-League,9,2019-2020
2.0,Sun,2019-08-18,14:00,Sheffield Utd,1.6,1–0,0.2,Crystal Palace,30197.0,Bramall Lane,David Coote,Premier-League,9,2019-2020
2.0,Sun,2019-08-18,16:30,Chelsea,1.4,1–1,0.8,Leicester City,40629.0,Stamford Bridge,Oliver Langford,Premier-League,9,2019-2020
2.0,Mon,2019-08-19,20:00,Wolves,0.3,1–1,1.3,Manchester Utd,31314.0,Molineux Stadium,Jonathan Moss,Premier-League,9,2019-2020
3.0,Fri,2019-08-23,20:00,Aston Villa,0.9,2–0,1.0,Everton,41922.0,Villa Park,Michael Oliver,Premier-League,9,2019-2020
3.0,Sat,2019-08-24,12:30,Norwich City,1.2,2–3,2.1,Chelsea,27032.0,Carrow Road,Martin Atkinson,Premier-League,9,2019-2020
3.0,Sat,2019-08-24,15:00,Brighton,0.9,0–2,1.5,Southampton,30019.0,The American Express Community Stadium,Kevin Friend,Premier-League,9,2019-2020
3.0,Sat,2019-08-24,15:00,Manchester Utd,2.4,1–2,0.7,Crystal Palace,73454.0,Old Trafford,Paul Tierney,Premier-League,9,2019-2020
3.0,Sat,2019-08-24,15:00,Watford,2.3,1–3,3.4,West Ham,20035.0,Vicarage Road Stadium,Chris Kavanagh,Premier-League,9,2019-2020
3.0,Sat,2019-08-24,15:00,Sheffield Utd,0.7,1–2,0.9,Leicester City,30079.0,Bramall Lane,Andy Madley,Premier-League,9,2019-2020
3.0,Sat,2019-08-24,17:30,Liverpool,2.5,3–1,0.9,Arsenal,53298.0,Anfield,Anthony Taylor,Premier-League,9,2019-2020
3.0,Sun,2019-08-25,14:00,Bournemouth,1.5,1–3,2.3,Manchester City,10486.0,Vitality Stadium,Andre Marriner,Premier-League,9,2019-2020
3.0,Sun,2019-08-25,16:30,Tottenham,1.2,0–1,0.4,Newcastle Utd,59245.0,Tottenham Hotspur Stadium,Mike Dean,Premier-League,9,2019-2020
3.0,Sun,2019-08-25,16:30,Wolves,1.5,1–1,1.2,Burnley,30522.0,Molineux Stadium,Craig Pawson,Premier-League,9,2019-2020
4.0,Sat,2019-08-31,12:30,Southampton,0.7,1–1,1.6,Manchester Utd,30499.0,St. Mary's Stadium,Mike Dean,Premier-League,9,2019-2020
4.0,Sat,2019-08-31,15:00,Chelsea,1.7,2–2,1.1,Sheffield Utd,40560.0,Stamford Bridge,Stuart Attwell,Premier-League,9,2019-2020
4.0,Sat,2019-08-31,15:00,West Ham,1.8,2–0,1.3,Norwich City,59950.0,London Stadium,Paul Tierney,Premier-League,9,2019-2020
4.0,Sat,2019-08-31,15:00,Crystal Palace,1.4,1–0,0.3,Aston Villa,25248.0,Selhurst Park,Kevin Friend,Premier-League,9,2019-2020
4.0,Sat,2019-08-31,15:00,Leicester City,1.9,3–1,0.9,Bournemouth,31613.0,King Power Stadium,Peter Bankes,Premier-League,9,2019-2020
4.0,Sat,2019-08-31,15:00,Newcastle Utd,0.9,1–1,1.3,Watford,44157.0,St. James' Park,Graham Scott,Premier-League,9,2019-2020
4.0,Sat,2019-08-31,15:00,Manchester City,2.1,4–0,0.5,Brighton,54386.0,Etihad Stadium,Jonathan Moss,Premier-League,9,2019-2020
4.0,Sat,2019-08-31,17:30,Burnley,0.4,0–3,1.1,Liverpool,21762.0,Turf Moor,Chris Kavanagh,Premier-League,9,2019-2020
4.0,Sun,2019-09-01,14:00,Everton,1.4,3–2,1.3,Wolves,39374.0,Goodison Park,Anthony Taylor,Premier-League,9,2019-2020
4.0,Sun,2019-09-01,16:30,Arsenal,2.3,2–2,2.1,Tottenham,60333.0,Emirates Stadium,Martin Atkinson,Premier-League,9,2019-2020
5.0,Sat,2019-09-14,12:30,Liverpool,2.7,3–1,0.4,Newcastle Utd,51430.0,Anfield,Andre Marriner,Premier-League,9,2019-2020
5.0,Sat,2019-09-14,15:00,Manchester Utd,1.0,1–0,0.4,Leicester City,73689.0,Old Trafford,Martin Atkinson,Premier-League,9,2019-2020
5.0,Sat,2019-09-14,15:00,Tottenham,1.0,4–0,0.7,Crystal Palace,59812.0,Tottenham Hotspur Stadium,Craig Pawson,Premier-League,9,2019-2020
5.0,Sat,2019-09-14,15:00,Sheffield Utd,1.9,0–1,1.3,Southampton,30985.0,Bramall Lane,Lee Mason,Premier-League,9,2019-2020
5.0,Sat,2019-09-14,15:00,Wolves,1.6,2–5,1.9,Chelsea,31534.0,Molineux Stadium,Graham Scott,Premier-League,9,2019-2020
5.0,Sat,2019-09-14,15:00,Brighton,0.9,1–1,0.6,Burnley,29398.0,The American Express Community Stadium,Michael Oliver,Premier-League,9,2019-2020
5.0,Sat,2019-09-14,17:30,Norwich City,1.5,3–2,2.2,Manchester City,27035.0,Carrow Road,Kevin Friend,Premier-League,9,2019-2020
5.0,Sun,2019-09-15,14:00,Bournemouth,1.5,3–1,1.4,Everton,10416.0,Vitality Stadium,Paul Tierney,Premier-League,9,2019-2020
5.0,Sun,2019-09-15,16:30,Watford,2.8,2–2,0.9,Arsenal,21360.0,Vicarage Road Stadium,Anthony Taylor,Premier-League,9,2019-2020
5.0,Mon,2019-09-16,20:00,Aston Villa,1.0,0–0,0.5,West Ham,42010.0,Villa Park,Mike Dean,Premier-League,9,2019-2020
6.0,Fri,2019-09-20,20:00,Southampton,2.2,1–3,1.2,Bournemouth,30168.0,St. Mary's Stadium,Chris Kavanagh,Premier-League,9,2019-2020
6.0,Sat,2019-09-21,12:30,Leicester City,1.5,2–1,1.2,Tottenham,32129.0,King Power Stadium,Paul Tierney,Premier-League,9,2019-2020
6.0,Sat,2019-09-21,15:00,Burnley,1.5,2–0,0.6,Norwich City,19712.0,Turf Moor,David Coote,Premier-League,9,2019-2020
6.0,Sat,2019-09-21,15:00,Everton,0.9,0–2,0.2,Sheffield Utd,39354.0,Goodison Park,Simon Hooper,Premier-League,9,2019-2020
6.0,Sat,2019-09-21,15:00,Manchester City,5.8,8–0,0.3,Watford,54273.0,Etihad Stadium,Mike Dean,Premier-League,9,2019-2020
6.0,Sat,2019-09-21,17:30,Newcastle Utd,1.0,0–0,1.0,Brighton,43316.0,St. James' Park,Martin Atkinson,Premier-League,9,2019-2020
6.0,Sun,2019-09-22,14:00,West Ham,0.5,2–0,1.0,Manchester Utd,59936.0,London Stadium,Anthony Taylor,Premier-League,9,2019-2020
6.0,Sun,2019-09-22,14:00,Crystal Palace,0.9,1–1,0.9,Wolves,25122.0,Selhurst Park,Stuart Attwell,Premier-League,9,2019-2020
6.0,Sun,2019-09-22,16:30,Arsenal,2.4,3–2,1.1,Aston Villa,60331.0,Emirates Stadium,Jonathan Moss,Premier-League,9,2019-2020
6.0,Sun,2019-09-22,16:30,Chelsea,1.2,1–2,0.9,Liverpool,40638.0,Stamford Bridge,Michael Oliver,Premier-League,9,2019-2020
7.0,Sat,2019-09-28,12:30,Sheffield Utd,1.3,0–1,1.9,Liverpool,31774.0,Bramall Lane,Anthony Taylor,Premier-League,9,2019-2020
7.0,Sat,2019-09-28,15:00,Crystal Palace,1.5,2–0,0.5,Norwich City,25477.0,Selhurst Park,Jonathan Moss,Premier-League,9,2019-2020
7.0,Sat,2019-09-28,15:00,Aston Villa,0.8,2–2,1.5,Burnley,41546.0,Villa Park,Lee Mason,Premier-League,9,2019-2020
7.0,Sat,2019-09-28,15:00,Wolves,1.5,2–0,0.9,Watford,30711.0,Molineux Stadium,Paul Tierney,Premier-League,9,2019-2020
7.0,Sat,2019-09-28,15:00,Tottenham,1.0,2–1,1.6,Southampton,59645.0,Tottenham Hotspur Stadium,Graham Scott,Premier-League,9,2019-2020
7.0,Sat,2019-09-28,15:00,Chelsea,3.2,2–0,0.5,Brighton,40683.0,Stamford Bridge,Chris Kavanagh,Premier-League,9,2019-2020
7.0,Sat,2019-09-28,15:00,Bournemouth,1.9,2–2,1.5,West Ham,10729.0,Vitality Stadium,Stuart Attwell,Premier-League,9,2019-2020
7.0,Sat,2019-09-28,17:30,Everton,2.5,1–3,3.5,Manchester City,39222.0,Goodison Park,Michael Oliver,Premier-League,9,2019-2020
7.0,Sun,2019-09-29,16:30,Leicester City,1.1,5–0,0.2,Newcastle Utd,32168.0,King Power Stadium,Craig Pawson,Premier-League,9,2019-2020
7.0,Mon,2019-09-30,20:00,Manchester Utd,1.2,1–1,1.9,Arsenal,73201.0,Old Trafford,Kevin Friend,Premier-League,9,2019-2020
8.0,Sat,2019-10-05,12:30,Brighton,2.0,3–0,0.6,Tottenham,30610.0,The American Express Community Stadium,Jonathan Moss,Premier-League,9,2019-2020
8.0,Sat,2019-10-05,15:00,Norwich City,3.1,1–5,2.9,Aston Villa,27045.0,Carrow Road,Andy Madley,Premier-League,9,2019-2020
8.0,Sat,2019-10-05,15:00,Burnley,0.7,1–0,0.9,Everton,20650.0,Turf Moor,Graham Scott,Premier-League,9,2019-2020
8.0,Sat,2019-10-05,15:00,Liverpool,2.8,2–1,0.1,Leicester City,53322.0,Anfield,Chris Kavanagh,Premier-League,9,2019-2020
8.0,Sat,2019-10-05,15:00,Watford,1.5,0–0,0.5,Sheffield Utd,20811.0,Vicarage Road Stadium,Andre Marriner,Premier-League,9,2019-2020
8.0,Sat,2019-10-05,17:30,West Ham,1.3,1–2,2.1,Crystal Palace,59912.0,London Stadium,Michael Oliver,Premier-League,9,2019-2020
8.0,Sun,2019-10-06,14:00,Arsenal,0.9,1–0,0.5,Bournemouth,60326.0,Emirates Stadium,Martin Atkinson,Premier-League,9,2019-2020
8.0,Sun,2019-10-06,14:00,Manchester City,1.3,0–2,1.6,Wolves,54435.0,Etihad Stadium,Craig Pawson,Premier-League,9,2019-2020
8.0,Sun,2019-10-06,14:00,Southampton,1.0,1–4,1.9,Chelsea,31473.0,St. Mary's Stadium,Paul Tierney,Premier-League,9,2019-2020
8.0,Sun,2019-10-06,16:30,Newcastle Utd,0.5,1–0,0.6,Manchester Utd,51198.0,St. James' Park,Mike Dean,Premier-League,9,2019-2020
9.0,Sat,2019-10-19,12:30,Everton,2.1,2–0,0.9,West Ham,39263.0,Goodison Park,Paul Tierney,Premier-League,9,2019-2020
9.0,Sat,2019-10-19,15:00,Bournemouth,0.6,0–0,0.4,Norwich City,10669.0,Vitality Stadium,Lee Mason,Premier-League,9,2019-2020
9.0,Sat,2019-10-19,15:00,Aston Villa,2.7,2–1,1.2,Brighton,41826.0,Villa Park,David Coote,Premier-League,9,2019-2020
9.0,Sat,2019-10-19,15:00,Chelsea,1.9,1–0,0.3,Newcastle Utd,40513.0,Stamford Bridge,Andre Marriner,Premier-League,9,2019-2020
9.0,Sat,2019-10-19,15:00,Wolves,0.9,1–1,1.6,Southampton,30915.0,Molineux Stadium,Peter Bankes,Premier-League,9,2019-2020
9.0,Sat,2019-10-19,15:00,Tottenham,1.0,1–1,0.8,Watford,58754.0,Tottenham Hotspur Stadium,Chris Kavanagh,Premier-League,9,2019-2020
9.0,Sat,2019-10-19,15:00,Leicester City,1.4,2–1,1.4,Burnley,32105.0,King Power Stadium,Jonathan Moss,Premier-League,9,2019-2020
9.0,Sat,2019-10-19,17:30,Crystal Palace,0.5,0–2,2.2,Manchester City,25480.0,Selhurst Park,Anthony Taylor,Premier-League,9,2019-2020
9.0,Sun,2019-10-20,16:30,Manchester Utd,0.7,1–1,1.1,Liverpool,73737.0,Old Trafford,Martin Atkinson,Premier-League,9,2019-2020
9.0,Mon,2019-10-21,20:00,Sheffield Utd,1.0,1–0,0.8,Arsenal,30775.0,Bramall Lane,Mike Dean,Premier-League,9,2019-2020
10.0,Fri,2019-10-25,20:00,Southampton,0.4,0–9,3.7,Leicester City,28762.0,St. Mary's Stadium,Andre Marriner,Premier-League,9,2019-2020
10.0,Sat,2019-10-26,12:30,Manchester City,2.4,3–0,0.9,Aston Villa,54506.0,Etihad Stadium,Graham Scott,Premier-League,9,2019-2020
10.0,Sat,2019-10-26,15:00,West Ham,2.0,1–1,1.7,Sheffield Utd,59878.0,London Stadium,David Coote,Premier-League,9,2019-2020
10.0,Sat,2019-10-26,15:00,Brighton,1.3,3–2,0.7,Everton,30529.0,The American Express Community Stadium,Andy Madley,Premier-League,9,2019-2020
10.0,Sat,2019-10-26,15:00,Watford,0.8,0–0,1.1,Bournemouth,20821.0,Vicarage Road Stadium,Mike Dean,Premier-League,9,2019-2020
10.0,Sat,2019-10-26,17:30,Burnley,2.2,2–4,1.0,Chelsea,20975.0,Turf Moor,Michael Oliver,Premier-League,9,2019-2020
10.0,Sun,2019-10-27,14:00,Newcastle Utd,0.7,1–1,1.0,Wolves,46019.0,St. James' Park,Kevin Friend,Premier-League,9,2019-2020
10.0,Sun,2019-10-27,16:30,Arsenal,1.7,2–2,1.7,Crystal Palace,60345.0,Emirates Stadium,Martin Atkinson,Premier-League,9,2019-2020
10.0,Sun,2019-10-27,16:30,Norwich City,1.0,1–3,4.1,Manchester Utd,27108.0,Carrow Road,Stuart Attwell,Premier-League,9,2019-2020
10.0,Sun,2019-10-27,16:30,Liverpool,2.5,2–1,1.4,Tottenham,53222.0,Anfield,Anthony Taylor,Premier-League,9,2019-2020
11.0,Sat,2019-11-02,12:30,Bournemouth,1.7,1–0,0.7,Manchester Utd,10669.0,Vitality Stadium,Chris Kavanagh,Premier-League,9,2019-2020
11.0,Sat,2019-11-02,15:00,Sheffield Utd,2.1,3–0,0.8,Burnley,31131.0,Bramall Lane,Simon Hooper,Premier-League,9,2019-2020
11.0,Sat,2019-11-02,15:00,Brighton,2.3,2–0,0.4,Norwich City,30539.0,The American Express Community Stadium,Kevin Friend,Premier-League,9,2019-2020
11.0,Sat,2019-11-02,15:00,Manchester City,3.1,2–1,0.7,Southampton,53922.0,Etihad Stadium,Lee Mason,Premier-League,9,2019-2020
11.0,Sat,2019-11-02,15:00,Aston Villa,0.7,1–2,2.6,Liverpool,41878.0,Villa Park,Jonathan Moss,Premier-League,9,2019-2020
11.0,Sat,2019-11-02,15:00,Arsenal,1.1,1–1,1.5,Wolves,60383.0,Emirates Stadium,Michael Oliver,Premier-League,9,2019-2020
11.0,Sat,2019-11-02,15:00,West Ham,1.9,2–3,1.5,Newcastle Utd,59907.0,London Stadium,Stuart Attwell,Premier-League,9,2019-2020
11.0,Sat,2019-11-02,17:30,Watford,1.4,1–2,2.6,Chelsea,21011.0,Vicarage Road Stadium,Anthony Taylor,Premier-League,9,2019-2020
11.0,Sun,2019-11-03,14:00,Crystal Palace,0.4,0–2,1.4,Leicester City,25480.0,Selhurst Park,Paul Tierney,Premier-League,9,2019-2020
11.0,Sun,2019-11-03,16:30,Everton,0.8,1–1,0.5,Tottenham,39001.0,Goodison Park,Martin Atkinson,Premier-League,9,2019-2020
12.0,Fri,2019-11-08,20:00,Norwich City,0.8,0–2,0.8,Watford,27074.0,Carrow Road,Andre Marriner,Premier-League,9,2019-2020
12.0,Sat,2019-11-09,12:30,Chelsea,2.5,2–0,0.2,Crystal Palace,40525.0,Stamford Bridge,Mike Dean,Premier-League,9,2019-2020
12.0,Sat,2019-11-09,15:00,Newcastle Utd,3.0,2–1,2.3,Bournemouth,44424.0,St. James' Park,Martin Atkinson,Premier-League,9,2019-2020
12.0,Sat,2019-11-09,15:00,Burnley,1.6,3–0,0.4,West Ham,20255.0,Turf Moor,Kevin Friend,Premier-League,9,2019-2020
12.0,Sat,2019-11-09,15:00,Tottenham,1.1,1–1,1.0,Sheffield Utd,59781.0,Tottenham Hotspur Stadium,Graham Scott,Premier-League,9,2019-2020
12.0,Sat,2019-11-09,15:00,Southampton,0.9,1–2,1.9,Everton,29754.0,St. Mary's Stadium,Paul Tierney,Premier-League,9,2019-2020
12.0,Sat,2019-11-09,17:30,Leicester City,1.6,2–0,0.8,Arsenal,32209.0,King Power Stadium,Chris Kavanagh,Premier-League,9,2019-2020
12.0,Sun,2019-11-10,14:00,Wolves,1.9,2–1,0.7,Aston Villa,31607.0,Molineux Stadium,Anthony Taylor,Premier-League,9,2019-2020
12.0,Sun,2019-11-10,14:00,Manchester Utd,2.2,3–1,0.9,Brighton,73556.0,Old Trafford,Jonathan Moss,Premier-League,9,2019-2020
12.0,Sun,2019-11-10,16:30,Liverpool,1.0,3–1,1.3,Manchester City,53324.0,Anfield,Michael Oliver,Premier-League,9,2019-2020
13.0,Sat,2019-11-23,12:30,West Ham,0.7,2–3,1.6,Tottenham,59930.0,London Stadium,Michael Oliver,Premier-League,9,2019-2020
13.0,Sat,2019-11-23,15:00,Crystal Palace,1.0,1–2,1.4,Liverpool,25486.0,Selhurst Park,Kevin Friend,Premier-League,9,2019-2020
13.0,Sat,2019-11-23,15:00,Arsenal,2.0,2–2,2.8,Southampton,60295.0,Emirates Stadium,Stuart Attwell,Premier-League,9,2019-2020
13.0,Sat,2019-11-23,15:00,Bournemouth,0.5,1–2,1.4,Wolves,10539.0,Vitality Stadium,Simon Hooper,Premier-League,9,2019-2020
13.0,Sat,2019-11-23,15:00,Everton,0.8,0–2,1.8,Norwich City,39241.0,Goodison Park,Anthony Taylor,Premier-League,9,2019-2020
13.0,Sat,2019-11-23,15:00,Brighton,0.8,0–2,3.4,Leicester City,30640.0,The American Express Community Stadium,Mike Dean,Premier-League,9,2019-2020
13.0,Sat,2019-11-23,15:00,Watford,1.0,0–3,2.3,Burnley,19711.0,Vicarage Road Stadium,Paul Tierney,Premier-League,9,2019-2020
13.0,Sat,2019-11-23,17:30,Manchester City,1.1,2–1,1.1,Chelsea,54486.0,Etihad Stadium,Martin Atkinson,Premier-League,9,2019-2020
13.0,Sun,2019-11-24,16:30,Sheffield Utd,1.4,3–3,1.4,Manchester Utd,32024.0,Bramall Lane,Andre Marriner,Premier-League,9,2019-2020
13.0,Mon,2019-11-25,20:00,Aston Villa,1.8,2–0,0.6,Newcastle Utd,41821.0,Villa Park,Lee Mason,Premier-League,9,2019-2020
14.0,Sat,2019-11-30,12:30,Newcastle Utd,0.3,2–2,2.6,Manchester City,49937.0,St. James' Park,Chris Kavanagh,Premier-League,9,2019-2020
14.0,Sat,2019-11-30,15:00,Tottenham,2.8,3–2,1.4,Bournemouth,59626.0,Tottenham Hotspur Stadium,Lee Mason,Premier-League,9,2019-2020
14.0,Sat,2019-11-30,15:00,Liverpool,1.9,2–1,1.0,Brighton,53319.0,Anfield,Martin Atkinson,Premier-League,9,2019-2020
14.0,Sat,2019-11-30,15:00,Burnley,1.5,0–2,0.8,Crystal Palace,19818.0,Turf Moor,Peter Bankes,Premier-League,9,2019-2020
14.0,Sat,2019-11-30,15:00,Chelsea,2.0,0–1,0.8,West Ham,40595.0,Stamford Bridge,Jonathan Moss,Premier-League,9,2019-2020
14.0,Sat,2019-11-30,17:30,Southampton,1.4,2–1,0.7,Watford,26929.0,St. Mary's Stadium,Michael Oliver,Premier-League,9,2019-2020
14.0,Sun,2019-12-01,14:00,Norwich City,1.3,2–2,2.0,Arsenal,27067.0,Carrow Road,Paul Tierney,Premier-League,9,2019-2020
14.0,Sun,2019-12-01,14:00,Wolves,1.2,1–1,1.0,Sheffield Utd,31642.0,Molineux Stadium,David Coote,Premier-League,9,2019-2020
14.0,Sun,2019-12-01,16:30,Leicester City,2.6,2–1,0.9,Everton,32144.0,King Power Stadium,Graham Scott,Premier-League,9,2019-2020
14.0,Sun,2019-12-01,16:30,Manchester Utd,1.7,2–2,1.4,Aston Villa,73381.0,Old Trafford,Craig Pawson,Premier-League,9,2019-2020
15.0,Tue,2019-12-03,19:30,Crystal Palace,0.4,1–0,0.3,Bournemouth,23497.0,Selhurst Park,Anthony Taylor,Premier-League,9,2019-2020
15.0,Tue,2019-12-03,20:15,Burnley,0.5,1–4,1.8,Manchester City,20101.0,Turf Moor,Jonathan Moss,Premier-League,9,2019-2020
15.0,Wed,2019-12-04,19:30,Wolves,1.6,2–0,0.5,West Ham,31217.0,Molineux Stadium,Andre Marriner,Premier-League,9,2019-2020
15.0,Wed,2019-12-04,19:30,Manchester Utd,1.3,2–1,0.5,Tottenham,73252.0,Old Trafford,Paul Tierney,Premier-League,9,2019-2020
15.0,Wed,2019-12-04,19:30,Leicester City,3.0,2–0,0.2,Watford,31763.0,King Power Stadium,Craig Pawson,Premier-League,9,2019-2020
15.0,Wed,2019-12-04,19:30,Southampton,1.1,2–1,0.8,Norwich City,27019.0,St. Mary's Stadium,Kevin Friend,Premier-League,9,2019-2020
15.0,Wed,2019-12-04,19:30,Chelsea,2.1,2–1,0.7,Aston Villa,40628.0,Stamford Bridge,Chris Kavanagh,Premier-League,9,2019-2020
15.0,Wed,2019-12-04,20:15,Liverpool,2.7,5–2,1.5,Everton,53094.0,Anfield,Mike Dean,Premier-League,9,2019-2020
15.0,Thu,2019-12-05,19:30,Sheffield Utd,1.3,0–2,0.8,Newcastle Utd,30409.0,Bramall Lane,Stuart Attwell,Premier-League,9,2019-2020
15.0,Thu,2019-12-05,20:15,Arsenal,1.0,1–2,2.3,Brighton,60164.0,Emirates Stadium,Graham Scott,Premier-League,9,2019-2020
16.0,Sat,2019-12-07,12:30,Everton,1.7,3–1,0.9,Chelsea,39114.0,Goodison Park,Craig Pawson,Premier-League,9,2019-2020
16.0,Sat,2019-12-07,15:00,Watford,1.2,0–0,0.2,Crystal Palace,20070.0,Vicarage Road Stadium,Martin Atkinson,Premier-League,9,2019-2020
16.0,Sat,2019-12-07,15:00,Bournemouth,0.2,0–3,2.3,Liverpool,10832.0,Vitality Stadium,Chris Kavanagh,Premier-League,9,2019-2020
16.0,Sat,2019-12-07,15:00,Tottenham,2.3,5–0,0.5,Burnley,58401.0,Tottenham Hotspur Stadium,Kevin Friend,Premier-League,9,2019-2020
16.0,Sat,2019-12-07,17:30,Manchester City,2.0,1–2,1.6,Manchester Utd,54403.0,Etihad Stadium,Anthony Taylor,Premier-League,9,2019-2020
16.0,Sun,2019-12-08,14:00,Aston Villa,1.0,1–4,4.4,Leicester City,41908.0,Villa Park,Michael Oliver,Premier-League,9,2019-2020
16.0,Sun,2019-12-08,14:00,Newcastle Utd,1.2,2–1,2.3,Southampton,42303.0,St. James' Park,David Coote,Premier-League,9,2019-2020
16.0,Sun,2019-12-08,14:00,Norwich City,0.8,1–2,0.7,Sheffield Utd,26881.0,Carrow Road,Simon Hooper,Premier-League,9,2019-2020
16.0,Sun,2019-12-08,16:30,Brighton,1.0,2–2,1.6,Wolves,30189.0,The American Express Community Stadium,Jonathan Moss,Premier-League,9,2019-2020
16.0,Mon,2019-12-09,20:00,West Ham,0.6,1–3,1.7,Arsenal,59936.0,London Stadium,Mike Dean,Premier-League,9,2019-2020
17.0,Sat,2019-12-14,12:30,Liverpool,1.6,2–0,1.4,Watford,53311.0,Anfield,Andre Marriner,Premier-League,9,2019-2020
17.0,Sat,2019-12-14,15:00,Chelsea,1.5,0–1,0.8,Bournemouth,40243.0,Stamford Bridge,Graham Scott,Premier-League,9,2019-2020
17.0,Sat,2019-12-14,15:00,Leicester City,1.3,1–1,1.7,Norwich City,32101.0,King Power Stadium,Andy Madley,Premier-League,9,2019-2020
17.0,Sat,2019-12-14,15:00,Sheffield Utd,1.4,2–0,1.1,Aston Villa,30396.0,Bramall Lane,Peter Bankes,Premier-League,9,2019-2020
17.0,Sat,2019-12-14,15:00,Burnley,1.0,1–0,0.7,Newcastle Utd,19798.0,Turf Moor,Tim Robinson,Premier-League,9,2019-2020
17.0,Sat,2019-12-14,17:30,Southampton,0.9,0–1,1.0,West Ham,27701.0,St. Mary's Stadium,Martin Atkinson,Premier-League,9,2019-2020
17.0,Sun,2019-12-15,14:00,Wolves,0.8,1–2,0.9,Tottenham,31674.0,Molineux Stadium,Stuart Attwell,Premier-League,9,2019-2020
17.0,Sun,2019-12-15,14:00,Manchester Utd,1.7,1–1,0.3,Everton,63328.0,Old Trafford,Michael Oliver,Premier-League,9,2019-2020
17.0,Sun,2019-12-15,16:30,Arsenal,0.4,0–3,1.8,Manchester City,60031.0,Emirates Stadium,Paul Tierney,Premier-League,9,2019-2020
17.0,Mon,2019-12-16,19:45,Crystal Palace,0.7,1–1,2.3,Brighton,24175.0,Selhurst Park,Craig Pawson,Premier-League,9,2019-2020
18.0,Sat,2019-12-21,12:30,Everton,0.4,0–0,0.7,Arsenal,39336.0,Goodison Park,Kevin Friend,Premier-League,9,2019-2020
18.0,Sat,2019-12-21,15:00,Newcastle Utd,0.5,1–0,1.4,Crystal Palace,45453.0,St. James' Park,Simon Hooper,Premier-League,9,2019-2020
18.0,Sat,2019-12-21,15:00,Aston Villa,1.0,1–3,3.1,Southampton,41834.0,Villa Park,Craig Pawson,Premier-League,9,2019-2020
18.0,Sat,2019-12-21,15:00,Brighton,0.5,0–1,1.3,Sheffield Utd,30505.0,The American Express Community Stadium,Robert Jones,Premier-League,9,2019-2020
18.0,Sat,2019-12-21,15:00,Bournemouth,0.2,0–1,0.2,Burnley,10020.0,Vitality Stadium,Martin Atkinson,Premier-League,9,2019-2020
18.0,Sat,2019-12-21,15:00,Norwich City,1.3,1–2,1.3,Wolves,27053.0,Carrow Road,Peter Bankes,Premier-League,9,2019-2020
18.0,Sat,2019-12-21,17:30,Manchester City,3.4,3–1,1.0,Leicester City,54415.0,Etihad Stadium,Mike Dean,Premier-League,9,2019-2020
18.0,Sun,2019-12-22,14:00,Watford,1.5,2–0,1.7,Manchester Utd,21488.0,Vicarage Road Stadium,Lee Mason,Premier-League,9,2019-2020
18.0,Sun,2019-12-22,16:30,Tottenham,0.4,0–2,1.4,Chelsea,61104.0,Tottenham Hotspur Stadium,Anthony Taylor,Premier-League,9,2019-2020
19.0,Thu,2019-12-26,12:30,Tottenham,1.5,2–1,0.6,Brighton,56308.0,Tottenham Hotspur Stadium,Graham Scott,Premier-League,9,2019-2020
19.0,Thu,2019-12-26,15:00,Bournemouth,0.9,1–1,1.5,Arsenal,10234.0,Vitality Stadium,Stuart Attwell,Premier-League,9,2019-2020
19.0,Thu,2019-12-26,15:00,Everton,1.6,1–0,0.4,Burnley,39177.0,Goodison Park,Anthony Taylor,Premier-League,9,2019-2020
19.0,Thu,2019-12-26,15:00,Sheffield Utd,2.1,1–1,0.7,Watford,30222.0,Bramall Lane,David Coote,Premier-League,9,2019-2020
19.0,Thu,2019-12-26,15:00,Aston Villa,0.6,1–0,1.1,Norwich City,41289.0,Villa Park,Chris Kavanagh,Premier-League,9,2019-2020
19.0,Thu,2019-12-26,15:00,Crystal Palace,2.0,2–1,0.9,West Ham,25462.0,Selhurst Park,Andre Marriner,Premier-League,9,2019-2020
19.0,Thu,2019-12-26,15:00,Chelsea,0.5,0–2,0.7,Southampton,40651.0,Stamford Bridge,Jonathan Moss,Premier-League,9,2019-2020
19.0,Thu,2019-12-26,17:30,Manchester Utd,1.6,4–1,0.9,Newcastle Utd,73206.0,Old Trafford,Kevin Friend,Premier-League,9,2019-2020
19.0,Thu,2019-12-26,20:00,Leicester City,0.1,0–4,3.1,Liverpool,32211.0,King Power Stadium,Michael Oliver,Premier-League,9,2019-2020
19.0,Fri,2019-12-27,19:45,Wolves,1.8,3–2,1.6,Manchester City,31737.0,Molineux Stadium,Martin Atkinson,Premier-League,9,2019-2020
20.0,Sat,2019-12-28,12:30,Brighton,1.0,2–0,0.6,Bournemouth,30441.0,The American Express Community Stadium,Paul Tierney,Premier-League,9,2019-2020
20.0,Sat,2019-12-28,15:00,Watford,2.9,3–0,0.5,Aston Villa,21348.0,Vicarage Road Stadium,Simon Hooper,Premier-League,9,2019-2020
20.0,Sat,2019-12-28,15:00,Newcastle Utd,1.5,1–2,3.5,Everton,52211.0,St. James' Park,Lee Mason,Premier-League,9,2019-2020
20.0,Sat,2019-12-28,15:00,Southampton,1.4,1–1,0.2,Crystal Palace,31108.0,St. Mary's Stadium,Andy Madley,Premier-League,9,2019-2020
20.0,Sat,2019-12-28,17:30,West Ham,0.9,1–2,2.2,Leicester City,59919.0,London Stadium,David Coote,Premier-League,9,2019-2020
20.0,Sat,2019-12-28,17:30,Norwich City,0.4,2–2,1.8,Tottenham,27072.0,Carrow Road,Kevin Friend,Premier-League,9,2019-2020
20.0,Sat,2019-12-28,19:45,Burnley,0.4,0–2,1.8,Manchester Utd,21924.0,Turf Moor,Mike Dean,Premier-League,9,2019-2020
20.0,Sun,2019-12-29,14:00,Arsenal,0.8,1–2,1.5,Chelsea,60309.0,Emirates Stadium,Craig Pawson,Premier-League,9,2019-2020
20.0,Sun,2019-12-29,16:30,Liverpool,1.2,1–0,0.6,Wolves,53326.0,Anfield,Anthony Taylor,Premier-League,9,2019-2020
20.0,Sun,2019-12-29,18:00,Manchester City,1.1,2–0,1.1,Sheffield Utd,54512.0,Etihad Stadium,Chris Kavanagh,Premier-League,9,2019-2020
21.0,Wed,2020-01-01,12:30,Brighton,0.9,1–1,1.6,Chelsea,30559.0,The American Express Community Stadium,Stuart Attwell,Premier-League,9,2019-2020
21.0,Wed,2020-01-01,12:30,Burnley,2.0,1–2,0.9,Aston Villa,19561.0,Turf Moor,Michael Oliver,Premier-League,9,2019-2020
21.0,Wed,2020-01-01,15:00,Watford,0.9,2–1,1.4,Wolves,20584.0,Vicarage Road Stadium,Andy Madley,Premier-League,9,2019-2020
21.0,Wed,2020-01-01,15:00,Newcastle Utd,0.7,0–3,1.7,Leicester City,52178.0,St. James' Park,Martin Atkinson,Premier-League,9,2019-2020
21.0,Wed,2020-01-01,15:00,Southampton,1.4,1–0,0.5,Tottenham,30976.0,St. Mary's Stadium,Mike Dean,Premier-League,9,2019-2020
21.0,Wed,2020-01-01,17:30,West Ham,1.8,4–0,0.3,Bournemouth,59917.0,London Stadium,Graham Scott,Premier-League,9,2019-2020
21.0,Wed,2020-01-01,17:30,Norwich City,1.6,1–1,1.5,Crystal Palace,27021.0,Carrow Road,Jonathan Moss,Premier-League,9,2019-2020
21.0,Wed,2020-01-01,17:30,Manchester City,1.6,2–1,1.2,Everton,54407.0,Etihad Stadium,Andre Marriner,Premier-League,9,2019-2020
21.0,Wed,2020-01-01,20:00,Arsenal,1.5,2–0,0.8,Manchester Utd,60328.0,Emirates Stadium,Chris Kavanagh,Premier-League,9,2019-2020
21.0,Thu,2020-01-02,20:00,Liverpool,3.2,2–0,0.8,Sheffield Utd,53321.0,Anfield,Paul Tierney,Premier-League,9,2019-2020
22.0,Fri,2020-01-10,20:00,Sheffield Utd,1.8,1–0,0.7,West Ham,30124.0,Bramall Lane,Michael Oliver,Premier-League,9,2019-2020
22.0,Sat,2020-01-11,12:30,Crystal Palace,0.4,1–1,1.3,Arsenal,25468.0,Selhurst Park,Paul Tierney,Premier-League,9,2019-2020
22.0,Sat,2020-01-11,15:00,Chelsea,2.6,3–0,0.4,Burnley,40396.0,Stamford Bridge,Kevin Friend,Premier-League,9,2019-2020
22.0,Sat,2020-01-11,15:00,Leicester City,1.0,1–2,2.3,Southampton,32115.0,King Power Stadium,Lee Mason,Premier-League,9,2019-2020
22.0,Sat,2020-01-11,15:00,Manchester Utd,2.2,4–0,0.3,Norwich City,73271.0,Old Trafford,Anthony Taylor,Premier-League,9,2019-2020
22.0,Sat,2020-01-11,15:00,Everton,1.8,1–0,1.2,Brighton,38772.0,Goodison Park,David Coote,Premier-League,9,2019-2020
22.0,Sat,2020-01-11,15:00,Wolves,0.9,1–1,0.3,Newcastle Utd,31570.0,Molineux Stadium,Peter Bankes,Premier-League,9,2019-2020
22.0,Sat,2020-01-11,17:30,Tottenham,1.6,0–1,1.9,Liverpool,61023.0,Tottenham Hotspur Stadium,Martin Atkinson,Premier-League,9,2019-2020
22.0,Sun,2020-01-12,14:00,Bournemouth,0.3,0–3,2.0,Watford,10384.0,Vitality Stadium,Mike Dean,Premier-League,9,2019-2020
22.0,Sun,2020-01-12,16:30,Aston Villa,1.0,1–6,2.5,Manchester City,41823.0,Villa Park,Jonathan Moss,Premier-League,9,2019-2020
23.0,Sat,2020-01-18,12:30,Watford,1.8,0–0,1.6,Tottenham,21366.0,Vicarage Road Stadium,Michael Oliver,Premier-League,9,2019-2020
23.0,Sat,2020-01-18,15:00,Brighton,0.7,1–1,0.7,Aston Villa,30551.0,The American Express Community Stadium,Andy Madley,Premier-League,9,2019-2020
23.0,Sat,2020-01-18,15:00,Manchester City,2.1,2–2,0.5,Crystal Palace,54439.0,Etihad Stadium,Graham Scott,Premier-League,9,2019-2020
23.0,Sat,2020-01-18,15:00,West Ham,1.2,1–1,1.2,Everton,59915.0,London Stadium,Andre Marriner,Premier-League,9,2019-2020
23.0,Sat,2020-01-18,15:00,Norwich City,2.0,1–0,0.9,Bournemouth,26781.0,Carrow Road,Paul Tierney,Premier-League,9,2019-2020
23.0,Sat,2020-01-18,15:00,Southampton,0.7,2–3,1.7,Wolves,31152.0,St. Mary's Stadium,Darren England,Premier-League,9,2019-2020
23.0,Sat,2020-01-18,15:00,Arsenal,1.3,1–1,0.7,Sheffield Utd,60310.0,Emirates Stadium,Mike Dean,Premier-League,9,2019-2020
23.0,Sat,2020-01-18,17:30,Newcastle Utd,0.6,1–0,2.0,Chelsea,52217.0,St. James' Park,Chris Kavanagh,Premier-League,9,2019-2020
23.0,Sun,2020-01-19,14:00,Burnley,1.4,2–1,2.4,Leicester City,19788.0,Turf Moor,Anthony Taylor,Premier-League,9,2019-2020
23.0,Sun,2020-01-19,16:30,Liverpool,2.3,2–0,1.2,Manchester Utd,52916.0,Anfield,Craig Pawson,Premier-League,9,2019-2020
24.0,Tue,2020-01-21,19:30,Crystal Palace,0.8,0–2,1.3,Southampton,23739.0,Selhurst Park,Andre Marriner,Premier-League,9,2019-2020
24.0,Tue,2020-01-21,19:30,Bournemouth,1.6,3–1,1.2,Brighton,10065.0,Vitality Stadium,Kevin Friend,Premier-League,9,2019-2020
24.0,Tue,2020-01-21,19:30,Sheffield Utd,0.8,0–1,2.9,Manchester City,31285.0,Bramall Lane,Lee Mason,Premier-League,9,2019-2020
24.0,Tue,2020-01-21,19:30,Aston Villa,1.0,2–1,1.3,Watford,40867.0,Villa Park,Martin Atkinson,Premier-League,9,2019-2020
24.0,Tue,2020-01-21,19:30,Everton,1.6,2–2,0.8,Newcastle Utd,38822.0,Goodison Park,Simon Hooper,Premier-League,9,2019-2020
24.0,Tue,2020-01-21,20:15,Chelsea,2.8,2–2,0.5,Arsenal,40577.0,Stamford Bridge,Stuart Attwell,Premier-League,9,2019-2020
24.0,Wed,2020-01-22,19:30,Leicester City,2.8,4–1,1.6,West Ham,31968.0,King Power Stadium,David Coote,Premier-League,9,2019-2020
24.0,Wed,2020-01-22,19:30,Tottenham,1.9,2–1,1.6,Norwich City,58182.0,Tottenham Hotspur Stadium,Chris Kavanagh,Premier-League,9,2019-2020
24.0,Wed,2020-01-22,20:15,Manchester Utd,1.8,0–2,0.6,Burnley,73198.0,Old Trafford,Jonathan Moss,Premier-League,9,2019-2020
24.0,Thu,2020-01-23,20:00,Wolves,1.6,1–2,1.5,Liverpool,31746.0,Molineux Stadium,Michael Oliver,Premier-League,9,2019-2020
18.0,Wed,2020-01-29,19:45,West Ham,0.8,0–2,2.5,Liverpool,59959.0,London Stadium,Jonathan Moss,Premier-League,9,2019-2020
25.0,Sat,2020-02-01,12:30,Leicester City,1.6,2–2,0.4,Chelsea,32186.0,King Power Stadium,Lee Mason,Premier-League,9,2019-2020
25.0,Sat,2020-02-01,15:00,Watford,0.6,2–3,2.1,Everton,21229.0,Vicarage Road Stadium,Craig Pawson,Premier-League,9,2019-2020
25.0,Sat,2020-02-01,15:00,Newcastle Utd,0.7,0–0,1.4,Norwich City,52204.0,St. James' Park,Martin Atkinson,Premier-League,9,2019-2020
25.0,Sat,2020-02-01,15:00,Bournemouth,2.2,2–1,1.3,Aston Villa,10722.0,Vitality Stadium,Anthony Taylor,Premier-League,9,2019-2020
25.0,Sat,2020-02-01,15:00,Liverpool,3.2,4–0,1.0,Southampton,53291.0,Anfield,Kevin Friend,Premier-League,9,2019-2020
25.0,Sat,2020-02-01,15:00,Crystal Palace,1.1,0–1,0.6,Sheffield Utd,25170.0,Selhurst Park,Andy Madley,Premier-League,9,2019-2020
25.0,Sat,2020-02-01,15:00,West Ham,0.9,3–3,2.0,Brighton,59952.0,London Stadium,Michael Oliver,Premier-League,9,2019-2020
25.0,Sat,2020-02-01,17:30,Manchester Utd,0.8,0–0,0.9,Wolves,73363.0,Old Trafford,Paul Tierney,Premier-League,9,2019-2020
25.0,Sun,2020-02-02,14:00,Burnley,1.9,0–0,1.0,Arsenal,21048.0,Turf Moor,Chris Kavanagh,Premier-League,9,2019-2020
25.0,Sun,2020-02-02,16:30,Tottenham,0.3,2–0,3.0,Manchester City,61022.0,Tottenham Hotspur Stadium,Mike Dean,Premier-League,9,2019-2020
26.0,Sat,2020-02-08,12:30,Everton,2.4,3–1,1.1,Crystal Palace,38987.0,Goodison Park,David Coote,Premier-League,9,2019-2020
26.0,Sat,2020-02-08,17:30,Brighton,0.7,1–1,0.3,Watford,30443.0,The American Express Community Stadium,Kevin Friend,Premier-League,9,2019-2020
26.0,Sun,2020-02-09,14:00,Sheffield Utd,1.7,2–1,1.3,Bournemouth,30361.0,Bramall Lane,Jonathan Moss,Premier-League,9,2019-2020
26.0,Fri,2020-02-14,20:00,Wolves,0.9,0–0,0.6,Leicester City,31682.0,Molineux Stadium,Mike Dean,Premier-League,9,2019-2020
26.0,Sat,2020-02-15,12:30,Southampton,0.7,1–2,0.6,Burnley,26302.0,St. Mary's Stadium,Simon Hooper,Premier-League,9,2019-2020
26.0,Sat,2020-02-15,17:30,Norwich City,0.4,0–1,1.9,Liverpool,27110.0,Carrow Road,Stuart Attwell,Premier-League,9,2019-2020
26.0,Sun,2020-02-16,14:00,Aston Villa,1.9,2–3,3.5,Tottenham,41874.0,Villa Park,Martin Atkinson,Premier-League,9,2019-2020
26.0,Sun,2020-02-16,16:30,Arsenal,2.0,4–0,0.9,Newcastle Utd,60188.0,Emirates Stadium,Lee Mason,Premier-League,9,2019-2020
26.0,Mon,2020-02-17,20:00,Chelsea,1.4,0–2,0.8,Manchester Utd,40504.0,Stamford Bridge,Anthony Taylor,Premier-League,9,2019-2020
26.0,Wed,2020-02-19,19:30,Manchester City,2.2,2–0,0.1,West Ham,52159.0,Etihad Stadium,Kevin Friend,Premier-League,9,2019-2020
27.0,Sat,2020-02-22,12:30,Chelsea,1.6,2–1,0.4,Tottenham,40608.0,Stamford Bridge,Michael Oliver,Premier-League,9,2019-2020
27.0,Sat,2020-02-22,15:00,Southampton,2.8,2–0,0.5,Aston Villa,31478.0,St. Mary's Stadium,Craig Pawson,Premier-League,9,2019-2020
27.0,Sat,2020-02-22,15:00,Sheffield Utd,1.5,1–1,1.0,Brighton,31888.0,Bramall Lane,Graham Scott,Premier-League,9,2019-2020
27.0,Sat,2020-02-22,15:00,Burnley,2.8,3–0,1.6,Bournemouth,18227.0,Turf Moor,Mike Dean,Premier-League,9,2019-2020
27.0,Sat,2020-02-22,15:00,Crystal Palace,1.2,1–0,0.2,Newcastle Utd,25486.0,Selhurst Park,Peter Bankes,Premier-League,9,2019-2020
27.0,Sat,2020-02-22,17:30,Leicester City,1.1,0–1,2.2,Manchester City,32068.0,King Power Stadium,Paul Tierney,Premier-League,9,2019-2020
27.0,Sun,2020-02-23,14:00,Wolves,2.8,3–0,0.4,Norwich City,31046.0,Molineux Stadium,Chris Kavanagh,Premier-League,9,2019-2020
27.0,Sun,2020-02-23,14:00,Manchester Utd,2.4,3–0,0.3,Watford,73347.0,Old Trafford,Martin Atkinson,Premier-League,9,2019-2020
27.0,Sun,2020-02-23,16:30,Arsenal,1.2,3–2,1.9,Everton,60296.0,Emirates Stadium,Stuart Attwell,Premier-League,9,2019-2020
27.0,Mon,2020-02-24,20:00,Liverpool,2.9,3–2,0.7,West Ham,53313.0,Anfield,Jonathan Moss,Premier-League,9,2019-2020
28.0,Fri,2020-02-28,20:00,Norwich City,0.8,1–0,1.2,Leicester City,27010.0,Carrow Road,Craig Pawson,Premier-League,9,2019-2020
28.0,Sat,2020-02-29,12:30,Brighton,1.7,0–1,2.1,Crystal Palace,30124.0,The American Express Community Stadium,Martin Atkinson,Premier-League,9,2019-2020
28.0,Sat,2020-02-29,15:00,Bournemouth,1.9,2–2,1.9,Chelsea,10667.0,Vitality Stadium,Andre Marriner,Premier-League,9,2019-2020
28.0,Sat,2020-02-29,15:00,West Ham,2.3,3–1,0.9,Southampton,59962.0,London Stadium,Anthony Taylor,Premier-League,9,2019-2020
28.0,Sat,2020-02-29,15:00,Newcastle Utd,1.1,0–0,0.8,Burnley,52219.0,St. James' Park,Andy Madley,Premier-League,9,2019-2020
28.0,Sat,2020-02-29,17:30,Watford,2.2,3–0,0.3,Liverpool,21634.0,Vicarage Road Stadium,Michael Oliver,Premier-League,9,2019-2020
28.0,Sun,2020-03-01,14:00,Everton,2.3,1–1,1.0,Manchester Utd,39374.0,Goodison Park,Chris Kavanagh,Premier-League,9,2019-2020
28.0,Sun,2020-03-01,14:00,Tottenham,1.5,2–3,2.6,Wolves,58064.0,Tottenham Hotspur Stadium,Stuart Attwell,Premier-League,9,2019-2020
29.0,Sat,2020-03-07,12:30,Liverpool,1.4,2–1,1.3,Bournemouth,53323.0,Anfield,Paul Tierney,Premier-League,9,2019-2020
29.0,Sat,2020-03-07,15:00,Sheffield Utd,0.9,1–0,1.4,Norwich City,31379.0,Bramall Lane,Simon Hooper,Premier-League,9,2019-2020
29.0,Sat,2020-03-07,15:00,Wolves,0.6,0–0,0.3,Brighton,31490.0,Molineux Stadium,Andre Marriner,Premier-League,9,2019-2020
29.0,Sat,2020-03-07,15:00,Crystal Palace,0.6,1–0,0.5,Watford,25461.0,Selhurst Park,Anthony Taylor,Premier-League,9,2019-2020
29.0,Sat,2020-03-07,15:00,Arsenal,1.1,1–0,1.7,West Ham,60335.0,Emirates Stadium,Martin Atkinson,Premier-League,9,2019-2020
29.0,Sat,2020-03-07,15:00,Southampton,0.4,0–1,2.8,Newcastle Utd,30096.0,St. Mary's Stadium,Graham Scott,Premier-League,9,2019-2020
29.0,Sat,2020-03-07,17:30,Burnley,2.4,1–1,1.2,Tottenham,20496.0,Turf Moor,Jonathan Moss,Premier-League,9,2019-2020
29.0,Sun,2020-03-08,14:00,Chelsea,1.9,4–0,0.6,Everton,40694.0,Stamford Bridge,Kevin Friend,Premier-League,9,2019-2020
29.0,Sun,2020-03-08,16:30,Manchester Utd,1.4,2–0,0.6,Manchester City,73288.0,Old Trafford,Mike Dean,Premier-League,9,2019-2020
29.0,Mon,2020-03-09,20:00,Leicester City,2.3,4–0,0.5,Aston Villa,32125.0,King Power Stadium,Michael Oliver,Premier-League,9,2019-2020
28.0,Wed,2020-06-17,18:00,Aston Villa,1.3,0–0,0.3,Sheffield Utd,,Villa Park,Michael Oliver,Premier-League,9,2019-2020
28.0,Wed,2020-06-17,20:15,Manchester City,3.3,3–0,0.2,Arsenal,,Etihad Stadium,Anthony Taylor,Premier-League,9,2019-2020
30.0,Fri,2020-06-19,18:00,Norwich City,0.8,0–3,1.7,Southampton,,Carrow Road,Kevin Friend,Premier-League,9,2019-2020
30.0,Fri,2020-06-19,20:15,Tottenham,0.3,1–1,1.7,Manchester Utd,,Tottenham Hotspur Stadium,Jonathan Moss,Premier-League,9,2019-2020
30.0,Sat,2020-06-20,12:30,Watford,0.8,1–1,0.8,Leicester City,,Vicarage Road Stadium,Craig Pawson,Premier-League,9,2019-2020
30.0,Sat,2020-06-20,15:00,Brighton,1.0,2–1,1.3,Arsenal,,The American Express Community Stadium,Martin Atkinson,Premier-League,9,2019-2020
30.0,Sat,2020-06-20,17:30,West Ham,0.3,0–2,0.7,Wolves,,London Stadium,Anthony Taylor,Premier-League,9,2019-2020
30.0,Sat,2020-06-20,19:45,Bournemouth,0.8,0–2,0.6,Crystal Palace,,Vitality Stadium,Stuart Attwell,Premier-League,9,2019-2020
30.0,Sun,2020-06-21,14:00,Newcastle Utd,1.6,3–0,0.4,Sheffield Utd,,St. James' Park,David Coote,Premier-League,9,2019-2020
30.0,Sun,2020-06-21,16:15,Aston Villa,1.1,1–2,1.3,Chelsea,,Villa Park,Paul Tierney,Premier-League,9,2019-2020
30.0,Sun,2020-06-21,19:00,Everton,1.3,0–0,0.8,Liverpool,,Goodison Park,Mike Dean,Premier-League,9,2019-2020
30.0,Mon,2020-06-22,20:00,Manchester City,3.0,5–0,0.0,Burnley,,Etihad Stadium,Andre Marriner,Premier-League,9,2019-2020
31.0,Tue,2020-06-23,18:00,Leicester City,0.6,0–0,1.2,Brighton,,King Power Stadium,Lee Mason,Premier-League,9,2019-2020
31.0,Tue,2020-06-23,20:15,Tottenham,1.6,2–0,0.8,West Ham,,Tottenham Hotspur Stadium,Craig Pawson,Premier-League,9,2019-2020
31.0,Wed,2020-06-24,18:00,Manchester Utd,2.2,3–0,0.2,Sheffield Utd,,Old Trafford,Anthony Taylor,Premier-League,9,2019-2020
31.0,Wed,2020-06-24,18:00,Norwich City,0.4,0–1,0.8,Everton,,Carrow Road,Andy Madley,Premier-League,9,2019-2020
31.0,Wed,2020-06-24,18:00,Newcastle Utd,0.7,1–1,1.1,Aston Villa,,St. James' Park,Chris Kavanagh,Premier-League,9,2019-2020
31.0,Wed,2020-06-24,18:00,Wolves,1.3,1–0,0.1,Bournemouth,,Molineux Stadium,Michael Oliver,Premier-League,9,2019-2020
31.0,Wed,2020-06-24,20:15,Liverpool,2.5,4–0,0.2,Crystal Palace,,Anfield,Martin Atkinson,Premier-League,9,2019-2020
31.0,Thu,2020-06-25,18:00,Southampton,0.7,0–2,2.7,Arsenal,,St. Mary's Stadium,Graham Scott,Premier-League,9,2019-2020
31.0,Thu,2020-06-25,18:00,Burnley,1.1,1–0,0.7,Watford,,Turf Moor,Mike Dean,Premier-League,9,2019-2020
31.0,Thu,2020-06-25,20:15,Chelsea,3.1,2–1,0.5,Manchester City,,Stamford Bridge,Stuart Attwell,Premier-League,9,2019-2020
32.0,Sat,2020-06-27,12:30,Aston Villa,0.3,0–1,0.4,Wolves,,Villa Park,Craig Pawson,Premier-League,9,2019-2020
32.0,Sun,2020-06-28,16:30,Watford,0.4,1–3,1.2,Southampton,,Vicarage Road Stadium,Michael Oliver,Premier-League,9,2019-2020
32.0,Mon,2020-06-29,20:00,Crystal Palace,1.1,0–1,0.5,Burnley,,Selhurst Park,Simon Hooper,Premier-League,9,2019-2020
32.0,Tue,2020-06-30,20:15,Brighton,0.5,0–3,0.8,Manchester Utd,,The American Express Community Stadium,Andre Marriner,Premier-League,9,2019-2020
32.0,Wed,2020-07-01,18:00,Everton,1.1,2–1,1.6,Leicester City,,Goodison Park,David Coote,Premier-League,9,2019-2020
32.0,Wed,2020-07-01,18:00,Bournemouth,1.4,1–4,1.5,Newcastle Utd,,Vitality Stadium,Kevin Friend,Premier-League,9,2019-2020
32.0,Wed,2020-07-01,18:00,Arsenal,2.1,4–0,0.2,Norwich City,,Emirates Stadium,Peter Bankes,Premier-League,9,2019-2020
32.0,Wed,2020-07-01,20:15,West Ham,2.8,3–2,1.6,Chelsea,,London Stadium,Martin Atkinson,Premier-League,9,2019-2020
32.0,Thu,2020-07-02,18:00,Sheffield Utd,1.6,3–1,1.0,Tottenham,,Bramall Lane,Chris Kavanagh,Premier-League,9,2019-2020
32.0,Thu,2020-07-02,20:15,Manchester City,2.7,4–0,1.3,Liverpool,,Etihad Stadium,Anthony Taylor,Premier-League,9,2019-2020
33.0,Sat,2020-07-04,12:30,Norwich City,0.5,0–1,0.5,Brighton,,Carrow Road,Stuart Attwell,Premier-League,9,2019-2020
33.0,Sat,2020-07-04,15:00,Leicester City,2.4,3–0,0.5,Crystal Palace,,King Power Stadium,Jonathan Moss,Premier-League,9,2019-2020
33.0,Sat,2020-07-04,15:00,Manchester Utd,2.2,5–2,1.2,Bournemouth,,Old Trafford,Mike Dean,Premier-League,9,2019-2020
33.0,Sat,2020-07-04,17:30,Wolves,0.9,0–2,1.2,Arsenal,,Molineux Stadium,Michael Oliver,Premier-League,9,2019-2020
33.0,Sat,2020-07-04,20:00,Chelsea,2.3,3–0,0.4,Watford,,Stamford Bridge,Kevin Friend,Premier-League,9,2019-2020
33.0,Sun,2020-07-05,12:00,Burnley,1.5,1–1,1.3,Sheffield Utd,,Turf Moor,Peter Bankes,Premier-League,9,2019-2020
33.0,Sun,2020-07-05,14:15,Newcastle Utd,1.0,2–2,1.6,West Ham,,St. James' Park,Craig Pawson,Premier-League,9,2019-2020
33.0,Sun,2020-07-05,16:30,Liverpool,0.8,2–0,0.5,Aston Villa,,Anfield,Paul Tierney,Premier-League,9,2019-2020
33.0,Sun,2020-07-05,19:00,Southampton,0.8,1–0,2.9,Manchester City,,St. Mary's Stadium,Andre Marriner,Premier-League,9,2019-2020
33.0,Mon,2020-07-06,20:00,Tottenham,0.6,1–0,0.4,Everton,,Tottenham Hotspur Stadium,Graham Scott,Premier-League,9,2019-2020
34.0,Tue,2020-07-07,18:00,Watford,0.8,2–1,1.4,Norwich City,,Vicarage Road Stadium,Anthony Taylor,Premier-League,9,2019-2020
34.0,Tue,2020-07-07,18:00,Crystal Palace,1.4,2–3,1.9,Chelsea,,Selhurst Park,David Coote,Premier-League,9,2019-2020
34.0,Tue,2020-07-07,20:15,Arsenal,1.7,1–1,1.7,Leicester City,,Emirates Stadium,Chris Kavanagh,Premier-League,9,2019-2020
34.0,Wed,2020-07-08,18:00,Manchester City,3.3,5–0,0.2,Newcastle Utd,,Etihad Stadium,Andy Madley,Premier-League,9,2019-2020
34.0,Wed,2020-07-08,18:00,West Ham,1.8,0–1,1.0,Burnley,,London Stadium,Michael Oliver,Premier-League,9,2019-2020
34.0,Wed,2020-07-08,18:00,Sheffield Utd,0.7,1–0,0.4,Wolves,,Bramall Lane,Martin Atkinson,Premier-League,9,2019-2020
34.0,Wed,2020-07-08,20:15,Brighton,2.2,1–3,1.9,Liverpool,,The American Express Community Stadium,Craig Pawson,Premier-League,9,2019-2020
34.0,Thu,2020-07-09,18:00,Bournemouth,1.1,0–0,0.6,Tottenham,,Vitality Stadium,Paul Tierney,Premier-League,9,2019-2020
34.0,Thu,2020-07-09,18:00,Everton,1.0,1–1,2.4,Southampton,,Goodison Park,Lee Mason,Premier-League,9,2019-2020
34.0,Thu,2020-07-09,20:15,Aston Villa,0.5,0–3,2.6,Manchester Utd,,Villa Park,Jonathan Moss,Premier-League,9,2019-2020
35.0,Sat,2020-07-11,12:30,Watford,3.0,2–1,1.4,Newcastle Utd,,Vicarage Road Stadium,Craig Pawson,Premier-League,9,2019-2020
35.0,Sat,2020-07-11,12:30,Norwich City,0.7,0–4,2.7,West Ham,,Carrow Road,Kevin Friend,Premier-League,9,2019-2020
35.0,Sat,2020-07-11,15:00,Liverpool,2.1,1–1,0.8,Burnley,,Anfield,David Coote,Premier-League,9,2019-2020
35.0,Sat,2020-07-11,17:30,Sheffield Utd,1.9,3–0,0.9,Chelsea,,Bramall Lane,Andre Marriner,Premier-League,9,2019-2020
35.0,Sat,2020-07-11,20:00,Brighton,0.1,0–5,5.0,Manchester City,,The American Express Community Stadium,Graham Scott,Premier-League,9,2019-2020
35.0,Sun,2020-07-12,12:00,Wolves,2.4,3–0,0.3,Everton,,Molineux Stadium,Anthony Taylor,Premier-League,9,2019-2020
35.0,Sun,2020-07-12,14:15,Aston Villa,1.7,2–0,1.3,Crystal Palace,,Villa Park,Martin Atkinson,Premier-League,9,2019-2020
35.0,Sun,2020-07-12,16:30,Tottenham,1.5,2–1,0.8,Arsenal,,Tottenham Hotspur Stadium,Michael Oliver,Premier-League,9,2019-2020
35.0,Sun,2020-07-12,19:00,Bournemouth,1.8,4–1,1.2,Leicester City,,Vitality Stadium,Stuart Attwell,Premier-League,9,2019-2020
35.0,Mon,2020-07-13,20:00,Manchester Utd,1.2,2–2,1.6,Southampton,,Old Trafford,Chris Kavanagh,Premier-League,9,2019-2020
36.0,Tue,2020-07-14,20:15,Chelsea,2.4,1–0,0.0,Norwich City,,Stamford Bridge,Jonathan Moss,Premier-League,9,2019-2020
36.0,Wed,2020-07-15,18:00,Burnley,1.8,1–1,1.1,Wolves,,Turf Moor,Mike Dean,Premier-League,9,2019-2020
36.0,Wed,2020-07-15,18:00,Manchester City,0.8,2–1,1.7,Bournemouth,,Etihad Stadium,Lee Mason,Premier-League,9,2019-2020
36.0,Wed,2020-07-15,18:00,Newcastle Utd,1.1,1–3,1.3,Tottenham,,St. James' Park,David Coote,Premier-League,9,2019-2020
36.0,Wed,2020-07-15,20:15,Arsenal,1.1,2–1,2.8,Liverpool,,Emirates Stadium,Paul Tierney,Premier-League,9,2019-2020
36.0,Thu,2020-07-16,18:00,Leicester City,2.2,2–0,0.2,Sheffield Utd,,King Power Stadium,Michael Oliver,Premier-League,9,2019-2020
36.0,Thu,2020-07-16,18:00,Everton,0.6,1–1,1.5,Aston Villa,,Goodison Park,Anthony Taylor,Premier-League,9,2019-2020
36.0,Thu,2020-07-16,20:15,Southampton,1.9,1–1,0.8,Brighton,,St. Mary's Stadium,Andre Marriner,Premier-League,9,2019-2020
36.0,Thu,2020-07-16,20:15,Crystal Palace,0.8,0–2,1.8,Manchester Utd,,Selhurst Park,Graham Scott,Premier-League,9,2019-2020
36.0,Fri,2020-07-17,20:00,West Ham,0.7,3–1,1.5,Watford,,London Stadium,Martin Atkinson,Premier-League,9,2019-2020
37.0,Sat,2020-07-18,17:30,Norwich City,0.3,0–2,1.8,Burnley,,Carrow Road,Kevin Friend,Premier-League,9,2019-2020
37.0,Sun,2020-07-19,14:00,Bournemouth,1.1,0–2,2.1,Southampton,,Vitality Stadium,Craig Pawson,Premier-League,9,2019-2020
37.0,Sun,2020-07-19,16:00,Tottenham,0.5,3–0,1.7,Leicester City,,Tottenham Hotspur Stadium,Anthony Taylor,Premier-League,9,2019-2020
37.0,Mon,2020-07-20,18:00,Brighton,0.6,0–0,0.7,Newcastle Utd,,The American Express Community Stadium,Simon Hooper,Premier-League,9,2019-2020
37.0,Mon,2020-07-20,18:00,Sheffield Utd,0.5,0–1,0.3,Everton,,Bramall Lane,Stuart Attwell,Premier-League,9,2019-2020
37.0,Mon,2020-07-20,20:15,Wolves,1.5,2–0,0.3,Crystal Palace,,Molineux Stadium,Peter Bankes,Premier-League,9,2019-2020
37.0,Tue,2020-07-21,18:00,Watford,0.1,0–4,3.5,Manchester City,,Vicarage Road Stadium,Michael Oliver,Premier-League,9,2019-2020
37.0,Tue,2020-07-21,20:15,Aston Villa,0.6,1–0,0.7,Arsenal,,Villa Park,Chris Kavanagh,Premier-League,9,2019-2020
37.0,Wed,2020-07-22,18:00,Manchester Utd,0.7,1–1,1.8,West Ham,,Old Trafford,Paul Tierney,Premier-League,9,2019-2020
37.0,Wed,2020-07-22,20:15,Liverpool,1.4,5–3,2.3,Chelsea,,Anfield,Andre Marriner,Premier-League,9,2019-2020
38.0,Sun,2020-07-26,16:00,Southampton,2.2,3–1,1.4,Sheffield Utd,,St. Mary's Stadium,Peter Bankes,Premier-League,9,2019-2020
38.0,Sun,2020-07-26,16:00,Burnley,1.8,1–2,1.1,Brighton,,Turf Moor,Jonathan Moss,Premier-League,9,2019-2020
38.0,Sun,2020-07-26,16:00,West Ham,0.7,1–1,1.2,Aston Villa,,London Stadium,Michael Oliver,Premier-League,9,2019-2020
38.0,Sun,2020-07-26,16:00,Chelsea,1.3,2–0,0.2,Wolves,,Stamford Bridge,Stuart Attwell,Premier-League,9,2019-2020
38.0,Sun,2020-07-26,16:00,Everton,2.2,1–3,1.8,Bournemouth,,Goodison Park,Chris Kavanagh,Premier-League,9,2019-2020
38.0,Sun,2020-07-26,16:00,Crystal Palace,0.8,1–1,0.4,Tottenham,,Selhurst Park,Andre Marriner,Premier-League,9,2019-2020
38.0,Sun,2020-07-26,16:00,Arsenal,1.7,3–2,3.4,Watford,,Emirates Stadium,Mike Dean,Premier-League,9,2019-2020
38.0,Sun,2020-07-26,16:00,Manchester City,3.2,5–0,1.1,Norwich City,,Etihad Stadium,Craig Pawson,Premier-League,9,2019-2020
38.0,Sun,2020-07-26,16:00,Newcastle Utd,0.4,1–3,0.6,Liverpool,,St. James' Park,Anthony Taylor,Premier-League,9,2019-2020
38.0,Sun,2020-07-26,16:00,Leicester City,1.4,0–2,1.9,Manchester Utd,,King Power Stadium,Martin Atkinson,Premier-League,9,2019-2020
