Wk,Day,Date,Time,Home,xG,Score,xG.1,Away,Attendance,Venue,Referee,League Name,League ID,Season
1.0,Fri,2020-08-21,19:00,Bordeaux,0.4,0–0,0.3,Nantes,,Stade Matmut-Atlantique,Benot Bastien,Ligue-1,13,2020-2021
1.0,Sat,2020-08-22,17:00,Dijon,0.5,0–1,2.1,Angers,,Stade Gaston Grard,Eric Wattellier,Ligue-1,13,2020-2021
1.0,Sat,2020-08-22,21:00,Lille,0.5,1–1,1.4,Rennes,3975.0,Stade Pierre-Mauroy,Clment Turpin,Ligue-1,13,2020-2021
1.0,Sun,2020-08-23,13:00,Monaco,2.0,2–2,1.3,Reims,,Stade Louis II.,Franois Letexier,Ligue-1,13,2020-2021
1.0,Sun,2020-08-23,15:00,Nmes,1.1,4–0,0.4,Brest,,Stade des Costires,Jrmie Pignard,Ligue-1,13,2020-2021
1.0,Sun,2020-08-23,15:00,Lorient,2.8,3–1,0.5,Strasbourg,,Stade Yves Allainmat - Le Moustoir,Johan Hamel,Ligue-1,13,2020-2021
1.0,Sun,2020-08-23,17:00,Nice,0.2,2–1,2.5,Lens,,Stade de Nice,Jrme Miguelgorry,Ligue-1,13,2020-2021
,,,,,,,,,,,,Ligue-1,13,2020-2021
2.0,Fri,2020-08-28,21:00,Lyon,4.8,4–1,0.4,Dijon,,Groupama Stadium,Benot Millot,Ligue-1,13,2020-2021
2.0,Sat,2020-08-29,17:00,Rennes,1.9,2–1,0.5,Montpellier,,Roazhon Park,Willy Delajod,Ligue-1,13,2020-2021
2.0,Sat,2020-08-29,21:00,Strasbourg,0.2,0–2,1.4,Nice,,Stade de la Meinau,Jrme Brisard,Ligue-1,13,2020-2021
2.0,Sun,2020-08-30,13:00,Reims,0.2,0–1,1.1,Lille,,Stade Auguste-Delaune II,Stphanie Frappart,Ligue-1,13,2020-2021
2.0,Sun,2020-08-30,15:00,Angers,0.9,0–2,2.1,Bordeaux,,Stade Raymond Kopa,Karim Abed,Ligue-1,13,2020-2021
2.0,Sun,2020-08-30,15:00,Saint-tienne,1.3,2–0,0.2,Lorient,,Stade Geoffroy-Guichard,Florent Batta,Ligue-1,13,2020-2021
2.0,Sun,2020-08-30,15:00,Metz,0.7,0–1,0.3,Monaco,4463.0,Stade Saint-Symphorien,Jeremy Stinat,Ligue-1,13,2020-2021
2.0,Sun,2020-08-30,15:00,Nantes,2.3,2–1,1.4,Nmes,,Stade de la Beaujoire - Louis Fonteneau,Hakim Ben El Hadj Salem,Ligue-1,13,2020-2021
2.0,Sun,2020-08-30,21:00,Brest,2.7,2–3,1.4,Marseille,,Stade Francis-Le Bl,Amaury Delerue,Ligue-1,13,2020-2021
2.0,Thu,2020-09-10,21:00,Lens,1.4,1–0,0.6,Paris S-G,,Stade Bollaert-Delelis,Hakim Ben El Hadj Salem,Ligue-1,13,2020-2021
3.0,Fri,2020-09-11,21:00,Bordeaux,0.2,0–0,2.2,Lyon,,Stade Matmut-Atlantique,Ruddy Buquet,Ligue-1,13,2020-2021
3.0,Sat,2020-09-12,17:00,Montpellier,1.6,3–1,0.4,Nice,,Stade de la Mosson,Antony Gautier,Ligue-1,13,2020-2021
3.0,Sat,2020-09-12,21:00,Saint-tienne,1.7,2–0,1.2,Strasbourg,,Stade Geoffroy-Guichard,Eric Wattellier,Ligue-1,13,2020-2021
3.0,Sun,2020-09-13,13:00,Lille,1.5,1–0,0.7,Metz,,Stade Pierre-Mauroy,Jrmie Pignard,Ligue-1,13,2020-2021
3.0,Sun,2020-09-13,15:00,Dijon,0.4,0–2,2.0,Brest,,Stade Gaston Grard,Bastien Dechepy,Ligue-1,13,2020-2021
3.0,Sun,2020-09-13,15:00,Nmes,1.4,2–4,1.9,Rennes,,Stade des Costires,Mikael Lesage,Ligue-1,13,2020-2021
3.0,Sun,2020-09-13,15:00,Angers,2.0,1–0,0.3,Reims,,Stade Raymond Kopa,Benot Bastien,Ligue-1,13,2020-2021
3.0,Sun,2020-09-13,15:00,Lorient,1.3,2–3,2.1,Lens,,Stade Yves Allainmat - Le Moustoir,Aurlien Petit,Ligue-1,13,2020-2021
3.0,Sun,2020-09-13,17:00,Monaco,2.0,2–1,0.6,Nantes,,Stade Louis II.,Clment Turpin,Ligue-1,13,2020-2021
3.0,Sun,2020-09-13,21:00,Paris S-G,1.7,0–1,0.5,Marseille,,Parc des Princes,Jrme Brisard,Ligue-1,13,2020-2021
1.0,Tue,2020-09-15,21:00,Montpellier,1.6,2–1,1.6,Lyon,,Stade de la Mosson,Franois Letexier,Ligue-1,13,2020-2021
1.0,Wed,2020-09-16,21:00,Paris S-G,2.3,1–0,1.1,Metz,,Parc des Princes,Mikael Lesage,Ligue-1,13,2020-2021
1.0,Thu,2020-09-17,21:00,Marseille,2.3,0–2,1.5,Saint-tienne,,Orange Vlodrome,Ruddy Buquet,Ligue-1,13,2020-2021
4.0,Fri,2020-09-18,21:00,Lyon,1.3,0–0,0.5,Nmes,4385.0,Groupama Stadium,Amaury Delerue,Ligue-1,13,2020-2021
4.0,Sat,2020-09-19,17:00,Lens,3.5,2–1,0.4,Bordeaux,,Stade Bollaert-Delelis,Benot Millot,Ligue-1,13,2020-2021
4.0,Sat,2020-09-19,21:00,Rennes,1.3,2–1,1.3,Monaco,,Roazhon Park,Jrme Miguelgorry,Ligue-1,13,2020-2021
4.0,Sun,2020-09-20,13:00,Nice,1.0,0–3,3.2,Paris S-G,,Stade de Nice,Benot Bastien,Ligue-1,13,2020-2021
4.0,Sun,2020-09-20,15:00,Montpellier,1.3,4–1,1.0,Angers,,Stade de la Mosson,Stphanie Frappart,Ligue-1,13,2020-2021
4.0,Sun,2020-09-20,15:00,Brest,1.4,3–2,1.6,Lorient,,Stade Francis-Le Bl,Karim Abed,Ligue-1,13,2020-2021
4.0,Sun,2020-09-20,15:00,Metz,0.9,2–1,1.4,Reims,,Stade Saint-Symphorien,Johan Hamel,Ligue-1,13,2020-2021
4.0,Sun,2020-09-20,15:00,Strasbourg,2.0,1–0,0.5,Dijon,,Stade de la Meinau,Florent Batta,Ligue-1,13,2020-2021
4.0,Sun,2020-09-20,17:00,Nantes,1.9,2–2,1.1,Saint-tienne,,Stade de la Beaujoire - Louis Fonteneau,Antony Gautier,Ligue-1,13,2020-2021
4.0,Sun,2020-09-20,21:00,Marseille,0.7,1–1,1.7,Lille,,Orange Vlodrome,Hakim Ben El Hadj Salem,Ligue-1,13,2020-2021
5.0,Fri,2020-09-25,21:00,Lille,2.0,2–0,0.9,Nantes,,Stade Pierre-Mauroy,Willy Delajod,Ligue-1,13,2020-2021
5.0,Sat,2020-09-26,17:00,Saint-tienne,0.4,0–3,0.9,Rennes,,Stade Geoffroy-Guichard,Benot Bastien,Ligue-1,13,2020-2021
5.0,Sat,2020-09-26,21:00,Marseille,1.3,1–1,1.1,Metz,,Orange Vlodrome,Eric Wattellier,Ligue-1,13,2020-2021
5.0,Sun,2020-09-27,13:00,Bordeaux,1.0,0–0,1.0,Nice,,Stade Matmut-Atlantique,Franois Letexier,Ligue-1,13,2020-2021
5.0,Sun,2020-09-27,15:00,Angers,0.8,3–2,3.1,Brest,,Stade Raymond Kopa,Jeremy Stinat,Ligue-1,13,2020-2021
5.0,Sun,2020-09-27,15:00,Monaco,1.5,3–2,1.4,Strasbourg,,Stade Louis II.,Jrmie Pignard,Ligue-1,13,2020-2021
5.0,Sun,2020-09-27,15:00,Nmes,0.6,1–1,1.4,Lens,,Stade des Costires,Franck Schneider,Ligue-1,13,2020-2021
5.0,Sun,2020-09-27,15:00,Dijon,1.5,2–2,2.4,Montpellier,,Stade Gaston Grard,Aurlien Petit,Ligue-1,13,2020-2021
5.0,Sun,2020-09-27,17:00,Lorient,0.2,1–1,0.8,Lyon,,Stade Yves Allainmat - Le Moustoir,Clment Turpin,Ligue-1,13,2020-2021
5.0,Sun,2020-09-27,21:00,Reims,0.2,0–2,4.4,Paris S-G,,Stade Auguste-Delaune II,Ruddy Buquet,Ligue-1,13,2020-2021
6.0,Fri,2020-10-02,21:00,Paris S-G,2.1,6–1,0.9,Angers,,Parc des Princes,Franck Schneider,Ligue-1,13,2020-2021
6.0,Sat,2020-10-03,17:00,Lens,1.9,2–0,0.1,Saint-tienne,,Stade Bollaert-Delelis,Bastien Dechepy,Ligue-1,13,2020-2021
6.0,Sat,2020-10-03,21:00,Nice,2.1,2–1,1.3,Nantes,,Stade de Nice,Jrme Brisard,Ligue-1,13,2020-2021
6.0,Sun,2020-10-04,13:00,Montpellier,0.7,0–1,0.5,Nmes,,Stade de la Mosson,Benot Millot,Ligue-1,13,2020-2021
6.0,Sun,2020-10-04,15:00,Strasbourg,1.7,0–3,1.9,Lille,,Stade de la Meinau,Mikael Lesage,Ligue-1,13,2020-2021
6.0,Sun,2020-10-04,15:00,Bordeaux,1.5,3–0,0.3,Dijon,,Stade Matmut-Atlantique,Antony Gautier,Ligue-1,13,2020-2021
6.0,Sun,2020-10-04,15:00,Brest,1.0,1–0,1.1,Monaco,,Stade Francis-Le Bl,Johan Hamel,Ligue-1,13,2020-2021
6.0,Sun,2020-10-04,15:00,Metz,1.7,3–1,0.8,Lorient,,Stade Saint-Symphorien,Jrme Miguelgorry,Ligue-1,13,2020-2021
6.0,Sun,2020-10-04,17:00,Rennes,2.0,2–2,1.2,Reims,,Roazhon Park,Florent Batta,Ligue-1,13,2020-2021
6.0,Sun,2020-10-04,21:00,Lyon,3.2,1–1,0.2,Marseille,,Groupama Stadium,Stphanie Frappart,Ligue-1,13,2020-2021
7.0,Fri,2020-10-16,19:00,Dijon,0.9,1–1,1.0,Rennes,,Stade Gaston Grard,Bastien Dechepy,Ligue-1,13,2020-2021
7.0,Fri,2020-10-16,21:00,Nmes,0.1,0–4,4.3,Paris S-G,,Stade des Costires,Clment Turpin,Ligue-1,13,2020-2021
7.0,Sat,2020-10-17,17:00,Reims,0.4,1–3,2.6,Lorient,,Stade Auguste-Delaune II,Mikael Lesage,Ligue-1,13,2020-2021
7.0,Sat,2020-10-17,21:00,Marseille,1.0,3–1,0.6,Bordeaux,,Orange Vlodrome,Franck Schneider,Ligue-1,13,2020-2021
7.0,Sun,2020-10-18,13:00,Strasbourg,2.1,2–3,3.9,Lyon,,Stade de la Meinau,Ruddy Buquet,Ligue-1,13,2020-2021
7.0,Sun,2020-10-18,15:00,Monaco,2.1,1–1,0.2,Montpellier,,Stade Louis II.,Hakim Ben El Hadj Salem,Ligue-1,13,2020-2021
7.0,Sun,2020-10-18,15:00,Nantes,1.8,3–1,1.1,Brest,,Stade de la Beaujoire - Louis Fonteneau,Jrmie Pignard,Ligue-1,13,2020-2021
7.0,Sun,2020-10-18,15:00,Angers,1.1,1–1,1.2,Metz,,Stade Raymond Kopa,Aurlien Petit,Ligue-1,13,2020-2021
7.0,Sun,2020-10-18,17:00,Saint-tienne,0.8,1–3,2.3,Nice,,Stade Geoffroy-Guichard,Amaury Delerue,Ligue-1,13,2020-2021
7.0,Sun,2020-10-18,21:00,Lille,2.6,4–0,0.4,Lens,,Stade Pierre-Mauroy,Franois Letexier,Ligue-1,13,2020-2021
8.0,Fri,2020-10-23,21:00,Rennes,1.0,1–2,1.4,Angers,,Roazhon Park,Jrmie Pignard,Ligue-1,13,2020-2021
8.0,Sat,2020-10-24,17:00,Lorient,0.5,0–1,1.3,Marseille,,Stade Yves Allainmat - Le Moustoir,Benot Bastien,Ligue-1,13,2020-2021
8.0,Sat,2020-10-24,21:00,Paris S-G,4.6,4–0,1.7,Dijon,,Parc des Princes,Johan Hamel,Ligue-1,13,2020-2021
8.0,Sun,2020-10-25,15:00,Bordeaux,2.3,2–0,0.9,Nmes,,Stade Matmut-Atlantique,Bastien Dechepy,Ligue-1,13,2020-2021
8.0,Sun,2020-10-25,15:00,Montpellier,0.2,0–4,4.0,Reims,,Stade de la Mosson,Willy Delajod,Ligue-1,13,2020-2021
8.0,Sun,2020-10-25,15:00,Brest,0.9,0–3,1.1,Strasbourg,,Stade Francis-Le Bl,Jrme Miguelgorry,Ligue-1,13,2020-2021
8.0,Sun,2020-10-25,15:00,Metz,0.3,2–0,0.4,Saint-tienne,5000.0,Stade Saint-Symphorien,Karim Abed,Ligue-1,13,2020-2021
8.0,Sun,2020-10-25,17:00,Nice,1.0,1–1,0.5,Lille,,Stade de Nice,Franck Schneider,Ligue-1,13,2020-2021
8.0,Sun,2020-10-25,21:00,Lyon,3.2,4–1,1.9,Monaco,,Groupama Stadium,Jrme Brisard,Ligue-1,13,2020-2021
9.0,Sat,2020-10-31,17:00,Rennes,1.5,2–1,0.7,Brest,,Roazhon Park,Stphanie Frappart,Ligue-1,13,2020-2021
9.0,Sat,2020-10-31,21:00,Nantes,1.7,0–3,2.1,Paris S-G,,Stade de la Beaujoire - Louis Fonteneau,Hakim Ben El Hadj Salem,Ligue-1,13,2020-2021
9.0,Sun,2020-11-01,13:00,Saint-tienne,0.7,0–1,0.6,Montpellier,,Stade Geoffroy-Guichard,Jrme Miguelgorry,Ligue-1,13,2020-2021
9.0,Sun,2020-11-01,15:00,Reims,0.7,2–1,1.9,Strasbourg,,Stade Auguste-Delaune II,Eric Wattellier,Ligue-1,13,2020-2021
9.0,Sun,2020-11-01,15:00,Nmes,1.1,0–1,1.5,Metz,,Stade des Costires,Amaury Delerue,Ligue-1,13,2020-2021
9.0,Sun,2020-11-01,15:00,Dijon,0.4,0–0,1.1,Lorient,,Stade Gaston Grard,Aurlien Petit,Ligue-1,13,2020-2021
9.0,Sun,2020-11-01,15:00,Angers,0.4,0–3,2.3,Nice,,Stade Raymond Kopa,Jeremy Stinat,Ligue-1,13,2020-2021
9.0,Sun,2020-11-01,17:00,Monaco,3.0,4–0,0.3,Bordeaux,,Stade Louis II.,Ruddy Buquet,Ligue-1,13,2020-2021
9.0,Sun,2020-11-01,21:00,Lille,0.5,1–1,0.8,Lyon,,Stade Pierre-Mauroy,Mikael Lesage,Ligue-1,13,2020-2021
10.0,Fri,2020-11-06,21:00,Strasbourg,0.3,0–1,0.1,Marseille,,Stade de la Meinau,Johan Hamel,Ligue-1,13,2020-2021
10.0,Sat,2020-11-07,17:00,Bordeaux,0.6,0–2,1.5,Montpellier,,Stade Matmut-Atlantique,Antony Gautier,Ligue-1,13,2020-2021
10.0,Sat,2020-11-07,21:00,Paris S-G,0.9,3–0,1.1,Rennes,,Parc des Princes,Benot Bastien,Ligue-1,13,2020-2021
10.0,Sun,2020-11-08,13:00,Brest,1.2,3–2,2.4,Lille,,Stade Francis-Le Bl,Florent Batta,Ligue-1,13,2020-2021
10.0,Sun,2020-11-08,15:00,Nmes,1.5,1–5,3.2,Angers,,Stade des Costires,Franck Schneider,Ligue-1,13,2020-2021
10.0,Sun,2020-11-08,15:00,Lens,1.5,4–4,1.4,Reims,,Stade Bollaert-Delelis,Thomas Lonard,Ligue-1,13,2020-2021
10.0,Sun,2020-11-08,15:00,Lorient,1.8,0–2,1.7,Nantes,,Stade Yves Allainmat - Le Moustoir,Stphanie Frappart,Ligue-1,13,2020-2021
10.0,Sun,2020-11-08,15:00,Metz,2.1,1–1,2.3,Dijon,,Stade Saint-Symphorien,Willy Delajod,Ligue-1,13,2020-2021
10.0,Sun,2020-11-08,17:00,Nice,0.7,1–2,1.5,Monaco,,Stade de Nice,Karim Abed,Ligue-1,13,2020-2021
10.0,Sun,2020-11-08,21:00,Lyon,2.5,2–1,1.7,Saint-tienne,,Groupama Stadium,Franois Letexier,Ligue-1,13,2020-2021
11.0,Fri,2020-11-20,19:00,Rennes,1.9,0–1,0.7,Bordeaux,,Roazhon Park,Karim Abed,Ligue-1,13,2020-2021
11.0,Fri,2020-11-20,21:00,Monaco,3.2,3–2,1.7,Paris S-G,,Stade Louis II.,Clment Turpin,Ligue-1,13,2020-2021
11.0,Sat,2020-11-21,17:00,Brest,0.9,4–1,1.3,Saint-tienne,,Stade Francis-Le Bl,Thomas Lonard,Ligue-1,13,2020-2021
11.0,Sun,2020-11-22,13:00,Nantes,1.2,1–1,1.6,Metz,,Stade de la Beaujoire - Louis Fonteneau,Benot Millot,Ligue-1,13,2020-2021
11.0,Sun,2020-11-22,15:00,Dijon,0.6,0–1,1.5,Lens,,Stade Gaston Grard,Eric Wattellier,Ligue-1,13,2020-2021
11.0,Sun,2020-11-22,15:00,Reims,1.0,0–1,1.1,Nmes,,Stade Auguste-Delaune II,Jeremy Stinat,Ligue-1,13,2020-2021
11.0,Sun,2020-11-22,15:00,Montpellier,1.7,4–3,3.4,Strasbourg,,Stade de la Mosson,Jrme Brisard,Ligue-1,13,2020-2021
11.0,Sun,2020-11-22,17:00,Angers,0.9,0–1,1.0,Lyon,,Stade Raymond Kopa,Amaury Delerue,Ligue-1,13,2020-2021
11.0,Sun,2020-11-22,21:00,Lille,4.2,4–0,0.7,Lorient,,Stade Pierre-Mauroy,Willy Delajod,Ligue-1,13,2020-2021
8.0,Wed,2020-11-25,19:00,Lens,0.7,1–1,2.0,Nantes,,Stade Bollaert-Delelis,Florent Batta,Ligue-1,13,2020-2021
12.0,Fri,2020-11-27,21:00,Strasbourg,0.6,1–1,1.9,Rennes,,Stade de la Meinau,Benot Millot,Ligue-1,13,2020-2021
12.0,Sat,2020-11-28,17:00,Marseille,3.0,3–1,0.4,Nantes,,Orange Vlodrome,Mikael Lesage,Ligue-1,13,2020-2021
12.0,Sat,2020-11-28,21:00,Paris S-G,2.6,2–2,1.6,Bordeaux,,Parc des Princes,Jrmie Pignard,Ligue-1,13,2020-2021
12.0,Sun,2020-11-29,13:00,Lyon,2.6,3–0,0.4,Reims,,Groupama Stadium,Jrme Miguelgorry,Ligue-1,13,2020-2021
12.0,Sun,2020-11-29,15:00,Monaco,3.1,3–0,0.2,Nmes,,Stade Louis II.,Antony Gautier,Ligue-1,13,2020-2021
12.0,Sun,2020-11-29,15:00,Lens,1.4,1–3,2.5,Angers,,Stade Bollaert-Delelis,Aurlien Petit,Ligue-1,13,2020-2021
12.0,Sun,2020-11-29,15:00,Lorient,0.3,0–1,1.6,Montpellier,,Stade Yves Allainmat - Le Moustoir,Bastien Dechepy,Ligue-1,13,2020-2021
12.0,Sun,2020-11-29,15:00,Metz,0.9,0–2,1.3,Brest,,Stade Saint-Symphorien,Hakim Ben El Hadj Salem,Ligue-1,13,2020-2021
12.0,Sun,2020-11-29,17:00,Nice,3.5,1–3,1.0,Dijon,,Stade de Nice,Franois Letexier,Ligue-1,13,2020-2021
12.0,Sun,2020-11-29,21:00,Saint-tienne,0.9,1–1,0.5,Lille,,Stade Geoffroy-Guichard,Benot Bastien,Ligue-1,13,2020-2021
13.0,Fri,2020-12-04,21:00,Nmes,0.5,0–2,2.3,Marseille,,Stade des Costires,Willy Delajod,Ligue-1,13,2020-2021
13.0,Sat,2020-12-05,17:00,Rennes,0.7,0–2,0.7,Lens,,Roazhon Park,Johan Hamel,Ligue-1,13,2020-2021
13.0,Sat,2020-12-05,21:00,Montpellier,1.6,1–3,1.9,Paris S-G,,Stade de la Mosson,Mikael Lesage,Ligue-1,13,2020-2021
13.0,Sun,2020-12-06,13:00,Lille,1.1,2–1,0.6,Monaco,,Stade Pierre-Mauroy,Jrme Brisard,Ligue-1,13,2020-2021
13.0,Sun,2020-12-06,15:00,Angers,1.9,2–0,0.6,Lorient,,Stade Raymond Kopa,Thomas Lonard,Ligue-1,13,2020-2021
13.0,Sun,2020-12-06,15:00,Dijon,0.4,0–0,0.7,Saint-tienne,,Stade Gaston Grard,Ruddy Buquet,Ligue-1,13,2020-2021
13.0,Sun,2020-12-06,15:00,Nantes,0.5,0–4,3.1,Strasbourg,,Stade de la Beaujoire - Louis Fonteneau,Clment Turpin,Ligue-1,13,2020-2021
13.0,Sun,2020-12-06,15:00,Bordeaux,1.6,1–0,0.3,Brest,,Stade Matmut-Atlantique,Franck Schneider,Ligue-1,13,2020-2021
13.0,Sun,2020-12-06,17:00,Reims,0.5,0–0,0.8,Nice,,Stade Auguste-Delaune II,Stphanie Frappart,Ligue-1,13,2020-2021
13.0,Sun,2020-12-06,21:00,Metz,1.5,1–3,2.0,Lyon,,Stade Saint-Symphorien,Karim Abed,Ligue-1,13,2020-2021
14.0,Fri,2020-12-11,21:00,Saint-tienne,1.4,0–0,0.6,Angers,,Stade Geoffroy-Guichard,Jrme Miguelgorry,Ligue-1,13,2020-2021
14.0,Sat,2020-12-12,17:00,Marseille,0.9,2–1,1.7,Monaco,,Orange Vlodrome,Benot Millot,Ligue-1,13,2020-2021
14.0,Sat,2020-12-12,21:00,Lens,1.8,2–3,1.5,Montpellier,,Stade Bollaert-Delelis,Jeremy Stinat,Ligue-1,13,2020-2021
14.0,Sun,2020-12-13,13:00,Nice,1.4,0–1,1.4,Rennes,,Stade de Nice,Amaury Delerue,Ligue-1,13,2020-2021
14.0,Sun,2020-12-13,15:00,Brest,2.5,2–1,0.7,Reims,,Stade Francis-Le Bl,Aurlien Petit,Ligue-1,13,2020-2021
14.0,Sun,2020-12-13,15:00,Nantes,2.5,1–1,1.2,Dijon,,Stade de la Beaujoire - Louis Fonteneau,Antony Gautier,Ligue-1,13,2020-2021
14.0,Sun,2020-12-13,15:00,Lorient,2.9,3–0,0.4,Nmes,,Stade Yves Allainmat - Le Moustoir,Karim Abed,Ligue-1,13,2020-2021
14.0,Sun,2020-12-13,15:00,Strasbourg,1.3,2–2,1.7,Metz,,Stade de la Meinau,Franois Letexier,Ligue-1,13,2020-2021
14.0,Sun,2020-12-13,17:00,Lille,1.3,2–1,0.6,Bordeaux,,Stade Pierre-Mauroy,Eric Wattellier,Ligue-1,13,2020-2021
14.0,Sun,2020-12-13,21:00,Paris S-G,0.3,0–1,0.9,Lyon,,Parc des Princes,Benot Bastien,Ligue-1,13,2020-2021
15.0,Wed,2020-12-16,19:00,Reims,1.6,3–2,1.5,Nantes,,Stade Auguste-Delaune II,Karim Abed,Ligue-1,13,2020-2021
15.0,Wed,2020-12-16,19:00,Dijon,0.2,0–2,1.1,Lille,,Stade Gaston Grard,Hakim Ben El Hadj Salem,Ligue-1,13,2020-2021
15.0,Wed,2020-12-16,19:00,Montpellier,0.9,0–2,1.4,Metz,,Stade de la Mosson,Jrmie Pignard,Ligue-1,13,2020-2021
15.0,Wed,2020-12-16,19:00,Angers,0.3,0–2,0.6,Strasbourg,,Stade Raymond Kopa,Bastien Dechepy,Ligue-1,13,2020-2021
15.0,Wed,2020-12-16,19:00,Nmes,0.9,0–2,2.0,Nice,,Stade des Costires,Ruddy Buquet,Ligue-1,13,2020-2021
15.0,Wed,2020-12-16,21:00,Monaco,0.9,0–3,1.2,Lens,,Stade Louis II.,Willy Delajod,Ligue-1,13,2020-2021
15.0,Wed,2020-12-16,21:00,Paris S-G,2.5,2–0,1.4,Lorient,,Parc des Princes,Johan Hamel,Ligue-1,13,2020-2021
15.0,Wed,2020-12-16,21:00,Bordeaux,0.9,1–2,2.0,Saint-tienne,,Stade Matmut-Atlantique,Stphanie Frappart,Ligue-1,13,2020-2021
15.0,Wed,2020-12-16,21:00,Rennes,1.5,2–1,0.8,Marseille,,Roazhon Park,Clment Turpin,Ligue-1,13,2020-2021
15.0,Wed,2020-12-16,21:00,Lyon,3.5,2–2,1.5,Brest,,Groupama Stadium,Jrme Brisard,Ligue-1,13,2020-2021
16.0,Sat,2020-12-19,17:00,Metz,1.0,2–0,1.1,Lens,,Stade Saint-Symphorien,Amaury Delerue,Ligue-1,13,2020-2021
16.0,Sat,2020-12-19,19:00,Marseille,2.2,1–1,0.2,Reims,,Orange Vlodrome,Thomas Lonard,Ligue-1,13,2020-2021
16.0,Sat,2020-12-19,21:00,Nice,0.9,1–4,3.5,Lyon,,Stade de Nice,Antony Gautier,Ligue-1,13,2020-2021
16.0,Sun,2020-12-20,13:00,Brest,1.8,2–2,0.6,Montpellier,,Stade Francis-Le Bl,Benot Millot,Ligue-1,13,2020-2021
16.0,Sun,2020-12-20,15:00,Nantes,0.7,1–1,1.0,Angers,,Stade de la Beaujoire - Louis Fonteneau,Willy Delajod,Ligue-1,13,2020-2021
16.0,Sun,2020-12-20,15:00,Strasbourg,0.8,0–2,0.6,Bordeaux,,Stade de la Meinau,Benot Bastien,Ligue-1,13,2020-2021
16.0,Sun,2020-12-20,15:00,Dijon,1.1,0–1,1.3,Monaco,,Stade Gaston Grard,Jeremy Stinat,Ligue-1,13,2020-2021
16.0,Sun,2020-12-20,15:00,Saint-tienne,2.6,2–2,1.8,Nmes,,Stade Geoffroy-Guichard,Mikael Lesage,Ligue-1,13,2020-2021
16.0,Sun,2020-12-20,17:00,Lorient,1.3,0–3,1.3,Rennes,,Stade Yves Allainmat - Le Moustoir,Eric Wattellier,Ligue-1,13,2020-2021
16.0,Sun,2020-12-20,21:00,Lille,0.6,0–0,0.8,Paris S-G,,Stade Pierre-Mauroy,Franois Letexier,Ligue-1,13,2020-2021
17.0,Wed,2020-12-23,19:00,Nice,0.4,2–2,2.6,Lorient,,Stade de Nice,Aurlien Petit,Ligue-1,13,2020-2021
17.0,Wed,2020-12-23,19:00,Rennes,1.0,1–0,1.1,Metz,,Roazhon Park,Florent Batta,Ligue-1,13,2020-2021
17.0,Wed,2020-12-23,19:00,Bordeaux,1.2,1–3,1.4,Reims,,Stade Matmut-Atlantique,Jrme Brisard,Ligue-1,13,2020-2021
17.0,Wed,2020-12-23,19:00,Lens,2.1,2–1,1.4,Brest,,Stade Bollaert-Delelis,Bastien Dechepy,Ligue-1,13,2020-2021
17.0,Wed,2020-12-23,19:00,Nmes,0.9,1–3,1.3,Dijon,,Stade des Costires,Jrmie Pignard,Ligue-1,13,2020-2021
17.0,Wed,2020-12-23,21:00,Montpellier,0.9,2–3,2.0,Lille,,Stade de la Mosson,Clment Turpin,Ligue-1,13,2020-2021
17.0,Wed,2020-12-23,21:00,Monaco,0.8,2–2,1.9,Saint-tienne,,Stade Louis II.,Johan Hamel,Ligue-1,13,2020-2021
17.0,Wed,2020-12-23,21:00,Angers,1.1,2–1,1.3,Marseille,,Stade Raymond Kopa,Hakim Ben El Hadj Salem,Ligue-1,13,2020-2021
17.0,Wed,2020-12-23,21:00,Lyon,3.6,3–0,2.0,Nantes,,Groupama Stadium,Ruddy Buquet,Ligue-1,13,2020-2021
17.0,Wed,2020-12-23,21:00,Paris S-G,2.8,4–0,0.9,Strasbourg,,Parc des Princes,Jrme Miguelgorry,Ligue-1,13,2020-2021
18.0,Wed,2021-01-06,19:00,Lorient,0.7,2–5,2.2,Monaco,,Stade Yves Allainmat - Le Moustoir,Franck Schneider,Ligue-1,13,2020-2021
18.0,Wed,2021-01-06,19:00,Strasbourg,4.4,5–0,1.0,Nmes,,Stade de la Meinau,Benot Millot,Ligue-1,13,2020-2021
18.0,Wed,2021-01-06,19:00,Brest,1.6,2–0,1.4,Nice,,Stade Francis-Le Bl,Jeremy Stinat,Ligue-1,13,2020-2021
18.0,Wed,2021-01-06,19:00,Nantes,1.0,0–0,0.7,Rennes,,Stade de la Beaujoire - Louis Fonteneau,Jrmie Pignard,Ligue-1,13,2020-2021
18.0,Wed,2021-01-06,19:00,Metz,0.7,0–0,1.0,Bordeaux,,Stade Saint-Symphorien,Antony Gautier,Ligue-1,13,2020-2021
18.0,Wed,2021-01-06,21:00,Lille,0.5,1–2,0.4,Angers,,Stade Pierre-Mauroy,Thomas Lonard,Ligue-1,13,2020-2021
18.0,Wed,2021-01-06,21:00,Lyon,2.4,3–2,0.7,Lens,,Groupama Stadium,Eric Wattellier,Ligue-1,13,2020-2021
18.0,Wed,2021-01-06,21:00,Saint-tienne,1.2,1–1,1.6,Paris S-G,,Stade Geoffroy-Guichard,Karim Abed,Ligue-1,13,2020-2021
18.0,Wed,2021-01-06,21:00,Reims,0.6,0–0,0.2,Dijon,,Stade Auguste-Delaune II,Amaury Delerue,Ligue-1,13,2020-2021
18.0,Wed,2021-01-06,21:00,Marseille,2.6,3–1,1.1,Montpellier,,Orange Vlodrome,Stphanie Frappart,Ligue-1,13,2020-2021
19.0,Sat,2021-01-09,21:00,Rennes,1.4,2–2,1.1,Lyon,,Roazhon Park,Mikael Lesage,Ligue-1,13,2020-2021
19.0,Sat,2021-01-09,21:00,Monaco,2.5,3–0,0.5,Angers,,Stade Louis II.,Benot Bastien,Ligue-1,13,2020-2021
19.0,Sat,2021-01-09,21:00,Reims,1.4,3–1,1.2,Saint-tienne,,Stade Auguste-Delaune II,Florent Batta,Ligue-1,13,2020-2021
19.0,Sat,2021-01-09,21:00,Metz,1.3,1–1,1.5,Nice,,Stade Saint-Symphorien,Johan Hamel,Ligue-1,13,2020-2021
19.0,Sat,2021-01-09,21:00,Bordeaux,1.4,2–1,1.3,Lorient,,Stade Matmut-Atlantique,Willy Delajod,Ligue-1,13,2020-2021
19.0,Sat,2021-01-09,21:00,Dijon,0.5,0–0,1.5,Marseille,,Stade Gaston Grard,Jrme Miguelgorry,Ligue-1,13,2020-2021
19.0,Sat,2021-01-09,21:00,Montpellier,1.2,1–1,1.0,Nantes,,Stade de la Mosson,Franois Letexier,Ligue-1,13,2020-2021
19.0,Sat,2021-01-09,21:00,Lens,0.6,0–1,1.3,Strasbourg,,Stade Bollaert-Delelis,Clment Turpin,Ligue-1,13,2020-2021
19.0,Sat,2021-01-09,21:00,Nmes,0.3,0–1,1.0,Lille,,Stade des Costires,Jrme Brisard,Ligue-1,13,2020-2021
19.0,Sat,2021-01-09,21:00,Paris S-G,2.9,3–0,0.8,Brest,,Parc des Princes,Hakim Ben El Hadj Salem,Ligue-1,13,2020-2021
20.0,Fri,2021-01-15,21:00,Montpellier,0.6,2–3,2.7,Monaco,,Stade de la Mosson,Aurlien Petit,Ligue-1,13,2020-2021
20.0,Sat,2021-01-16,17:00,Marseille,2.2,1–2,1.5,Nmes,,Orange Vlodrome,Jeremy Stinat,Ligue-1,13,2020-2021
20.0,Sat,2021-01-16,21:00,Angers,0.9,0–1,1.5,Paris S-G,,Stade Raymond Kopa,Amaury Delerue,Ligue-1,13,2020-2021
20.0,Sun,2021-01-17,13:00,Brest,1.6,1–2,1.7,Rennes,,Stade Francis-Le Bl,Ruddy Buquet,Ligue-1,13,2020-2021
20.0,Sun,2021-01-17,15:00,Nice,0.7,0–3,1.9,Bordeaux,,Stade de Nice,Thomas Lonard,Ligue-1,13,2020-2021
20.0,Sun,2021-01-17,15:00,Nantes,1.0,1–1,1.7,Lens,,Stade de la Beaujoire - Louis Fonteneau,Franck Schneider,Ligue-1,13,2020-2021
20.0,Sun,2021-01-17,15:00,Strasbourg,2.3,1–0,1.3,Saint-tienne,,Stade de la Meinau,Antony Gautier,Ligue-1,13,2020-2021
20.0,Sun,2021-01-17,17:00,Lille,1.7,2–1,0.5,Reims,,Stade Pierre-Mauroy,Benot Millot,Ligue-1,13,2020-2021
20.0,Sun,2021-01-17,21:00,Lyon,1.4,0–1,1.9,Metz,,Groupama Stadium,Stphanie Frappart,Ligue-1,13,2020-2021
9.0,Wed,2021-01-20,21:00,Marseille,0.1,0–1,1.7,Lens,,Orange Vlodrome,Jrmie Pignard,Ligue-1,13,2020-2021
21.0,Fri,2021-01-22,21:00,Paris S-G,5.4,4–0,0.6,Montpellier,,Parc des Princes,Willy Delajod,Ligue-1,13,2020-2021
21.0,Sat,2021-01-23,17:00,Lens,1.0,0–1,0.6,Nice,,Stade Bollaert-Delelis,Hakim Ben El Hadj Salem,Ligue-1,13,2020-2021
21.0,Sat,2021-01-23,21:00,Monaco,1.3,3–1,0.5,Marseille,,Stade Louis II.,Franois Letexier,Ligue-1,13,2020-2021
21.0,Sun,2021-01-24,13:00,Bordeaux,0.8,2–1,1.7,Angers,,Stade Matmut-Atlantique,Florent Batta,Ligue-1,13,2020-2021
21.0,Sun,2021-01-24,15:00,Dijon,0.6,1–1,2.9,Strasbourg,,Stade Gaston Grard,Jrme Brisard,Ligue-1,13,2020-2021
21.0,Sun,2021-01-24,15:00,Metz,0.8,2–0,0.2,Nantes,,Stade Saint-Symphorien,Jrme Miguelgorry,Ligue-1,13,2020-2021
21.0,Sun,2021-01-24,15:00,Reims,1.0,1–0,0.8,Brest,,Stade Auguste-Delaune II,Johan Hamel,Ligue-1,13,2020-2021
21.0,Sun,2021-01-24,17:00,Rennes,0.8,0–1,1.0,Lille,,Roazhon Park,Eric Wattellier,Ligue-1,13,2020-2021
21.0,Sun,2021-01-24,21:00,Saint-tienne,0.5,0–5,1.7,Lyon,,Stade Geoffroy-Guichard,Benot Bastien,Ligue-1,13,2020-2021
20.0,Wed,2021-01-27,21:00,Lorient,1.2,3–2,0.9,Dijon,,Stade Yves Allainmat - Le Moustoir,Bastien Dechepy,Ligue-1,13,2020-2021
22.0,Fri,2021-01-29,21:00,Lyon,1.3,2–1,1.1,Bordeaux,,Groupama Stadium,Clment Turpin,Ligue-1,13,2020-2021
22.0,Sat,2021-01-30,17:00,Montpellier,1.4,1–2,0.8,Lens,,Stade de la Mosson,Amaury Delerue,Ligue-1,13,2020-2021
22.0,Sun,2021-01-31,13:00,Nice,0.5,0–1,1.1,Saint-tienne,,Stade de Nice,Franck Schneider,Ligue-1,13,2020-2021
22.0,Sun,2021-01-31,15:00,Angers,1.5,3–1,0.5,Nmes,,Stade Raymond Kopa,Ruddy Buquet,Ligue-1,13,2020-2021
22.0,Sun,2021-01-31,15:00,Lorient,1.4,3–2,2.6,Paris S-G,,Stade Yves Allainmat - Le Moustoir,Jeremy Stinat,Ligue-1,13,2020-2021
22.0,Sun,2021-01-31,15:00,Strasbourg,1.2,0–1,1.3,Reims,,Stade de la Meinau,Stphanie Frappart,Ligue-1,13,2020-2021
22.0,Sun,2021-01-31,15:00,Brest,1.5,2–4,1.6,Metz,,Stade Francis-Le Bl,Benot Millot,Ligue-1,13,2020-2021
22.0,Sun,2021-01-31,17:00,Lille,1.8,1–0,0.4,Dijon,,Stade Pierre-Mauroy,Jrmie Pignard,Ligue-1,13,2020-2021
22.0,Sun,2021-01-31,21:00,Nantes,0.8,1–2,1.5,Monaco,,Stade de la Beaujoire - Louis Fonteneau,Thomas Lonard,Ligue-1,13,2020-2021
23.0,Wed,2021-02-03,19:00,Rennes,1.5,1–1,0.9,Lorient,,Roazhon Park,Hakim Ben El Hadj Salem,Ligue-1,13,2020-2021
23.0,Wed,2021-02-03,19:00,Metz,0.7,1–1,1.1,Montpellier,,Stade Saint-Symphorien,Bastien Dechepy,Ligue-1,13,2020-2021
23.0,Wed,2021-02-03,19:00,Strasbourg,0.6,2–2,0.9,Brest,,Stade de la Meinau,Florent Batta,Ligue-1,13,2020-2021
23.0,Wed,2021-02-03,19:00,Reims,0.9,0–0,0.3,Angers,,Stade Auguste-Delaune II,Aurlien Petit,Ligue-1,13,2020-2021
23.0,Wed,2021-02-03,19:00,Bordeaux,0.9,0–3,2.1,Lille,,Stade Matmut-Atlantique,Mikael Lesage,Ligue-1,13,2020-2021
23.0,Wed,2021-02-03,21:00,Dijon,1.5,0–1,2.5,Lyon,,Stade Gaston Grard,Johan Hamel,Ligue-1,13,2020-2021
23.0,Wed,2021-02-03,21:00,Lens,1.5,2–2,1.7,Marseille,,Stade Bollaert-Delelis,Willy Delajod,Ligue-1,13,2020-2021
23.0,Wed,2021-02-03,21:00,Paris S-G,2.0,3–0,1.7,Nmes,,Parc des Princes,Franois Letexier,Ligue-1,13,2020-2021
23.0,Wed,2021-02-03,21:00,Monaco,2.2,2–1,0.3,Nice,,Stade Louis II.,Jrme Brisard,Ligue-1,13,2020-2021
23.0,Wed,2021-02-03,21:00,Saint-tienne,1.7,1–1,1.7,Nantes,,Stade Geoffroy-Guichard,Eric Wattellier,Ligue-1,13,2020-2021
24.0,Sat,2021-02-06,17:00,Lorient,0.8,1–0,1.0,Reims,,Stade Yves Allainmat - Le Moustoir,Thomas Lonard,Ligue-1,13,2020-2021
24.0,Sat,2021-02-06,19:00,Lyon,1.8,3–0,0.3,Strasbourg,,Groupama Stadium,Amaury Delerue,Ligue-1,13,2020-2021
24.0,Sat,2021-02-06,21:00,Lens,0.9,0–0,0.8,Rennes,,Stade Bollaert-Delelis,Jeremy Stinat,Ligue-1,13,2020-2021
24.0,Sun,2021-02-07,13:00,Brest,2.6,2–1,1.0,Bordeaux,,Stade Francis-Le Bl,Eric Wattellier,Ligue-1,13,2020-2021
24.0,Sun,2021-02-07,15:00,Saint-tienne,0.7,1–0,0.2,Metz,,Stade Geoffroy-Guichard,Ruddy Buquet,Ligue-1,13,2020-2021
24.0,Sun,2021-02-07,15:00,Montpellier,4.7,4–2,1.2,Dijon,,Stade de la Mosson,Franck Schneider,Ligue-1,13,2020-2021
24.0,Sun,2021-02-07,15:00,Nice,1.3,3–0,0.7,Angers,,Stade de Nice,Jrme Miguelgorry,Ligue-1,13,2020-2021
24.0,Sun,2021-02-07,15:00,Nmes,1.3,3–4,1.5,Monaco,,Stade des Costires,Clment Turpin,Ligue-1,13,2020-2021
24.0,Sun,2021-02-07,17:00,Nantes,0.5,0–2,1.8,Lille,,Stade de la Beaujoire - Louis Fonteneau,Stphanie Frappart,Ligue-1,13,2020-2021
24.0,Sun,2021-02-07,21:00,Marseille,0.5,0–2,1.1,Paris S-G,,Orange Vlodrome,Benot Bastien,Ligue-1,13,2020-2021
25.0,Sat,2021-02-13,17:00,Paris S-G,2.3,2–1,1.0,Nice,,Parc des Princes,Jrmie Pignard,Ligue-1,13,2020-2021
25.0,Sat,2021-02-13,19:00,Reims,0.6,1–1,3.3,Lens,,Stade Auguste-Delaune II,Eric Wattellier,Ligue-1,13,2020-2021
25.0,Sat,2021-02-13,21:00,Lyon,3.3,1–2,1.6,Montpellier,,Groupama Stadium,Antony Gautier,Ligue-1,13,2020-2021
25.0,Sun,2021-02-14,13:00,Monaco,1.8,2–2,1.3,Lorient,,Stade Louis II.,Benot Millot,Ligue-1,13,2020-2021
25.0,Sun,2021-02-14,15:00,Angers,1.4,1–3,1.9,Nantes,,Stade Raymond Kopa,Franois Letexier,Ligue-1,13,2020-2021
25.0,Sun,2021-02-14,15:00,Dijon,0.6,0–2,1.9,Nmes,,Stade Gaston Grard,Aurlien Petit,Ligue-1,13,2020-2021
25.0,Sun,2021-02-14,15:00,Metz,0.8,1–2,1.4,Strasbourg,,Stade Saint-Symphorien,Mikael Lesage,Ligue-1,13,2020-2021
25.0,Sun,2021-02-14,15:00,Rennes,1.2,0–2,0.4,Saint-tienne,,Roazhon Park,Florent Batta,Ligue-1,13,2020-2021
25.0,Sun,2021-02-14,17:00,Lille,0.6,0–0,0.1,Brest,,Stade Pierre-Mauroy,Bastien Dechepy,Ligue-1,13,2020-2021
25.0,Sun,2021-02-14,21:00,Bordeaux,1.3,0–0,0.2,Marseille,,Stade Matmut-Atlantique,Jrme Brisard,Ligue-1,13,2020-2021
11.0,Wed,2021-02-17,21:00,Marseille,0.6,3–2,0.7,Nice,,Orange Vlodrome,Mikael Lesage,Ligue-1,13,2020-2021
26.0,Fri,2021-02-19,21:00,Brest,1.8,2–3,3.9,Lyon,,Stade Francis-Le Bl,Franck Schneider,Ligue-1,13,2020-2021
26.0,Sat,2021-02-20,13:00,Saint-tienne,2.1,1–1,0.4,Reims,,Stade Geoffroy-Guichard,Antony Gautier,Ligue-1,13,2020-2021
26.0,Sat,2021-02-20,17:00,Nantes,1.3,1–1,0.5,Marseille,,Stade de la Beaujoire - Louis Fonteneau,Amaury Delerue,Ligue-1,13,2020-2021
26.0,Sun,2021-02-21,13:00,Montpellier,2.5,2–1,1.7,Rennes,,Stade de la Mosson,Clment Turpin,Ligue-1,13,2020-2021
26.0,Sun,2021-02-21,15:00,Nice,1.2,1–2,1.2,Metz,,Stade de Nice,Jeremy Stinat,Ligue-1,13,2020-2021
26.0,Sun,2021-02-21,15:00,Nmes,0.4,2–0,1.2,Bordeaux,,Stade des Costires,Willy Delajod,Ligue-1,13,2020-2021
26.0,Sun,2021-02-21,15:00,Strasbourg,1.3,0–0,0.3,Angers,,Stade de la Meinau,Hakim Ben El Hadj Salem,Ligue-1,13,2020-2021
26.0,Sun,2021-02-21,15:00,Lens,0.9,2–1,0.7,Dijon,,Stade Bollaert-Delelis,Benot Bastien,Ligue-1,13,2020-2021
26.0,Sun,2021-02-21,17:00,Lorient,0.3,1–4,1.0,Lille,,Stade Yves Allainmat - Le Moustoir,Johan Hamel,Ligue-1,13,2020-2021
26.0,Sun,2021-02-21,21:00,Paris S-G,0.6,0–2,0.7,Monaco,,Parc des Princes,Ruddy Buquet,Ligue-1,13,2020-2021
21.0,Wed,2021-02-24,19:00,Nmes,1.2,1–0,0.5,Lorient,,Stade des Costires,Jrme Miguelgorry,Ligue-1,13,2020-2021
27.0,Fri,2021-02-26,21:00,Rennes,1.2,1–2,2.1,Nice,,Roazhon Park,Johan Hamel,Ligue-1,13,2020-2021
27.0,Sat,2021-02-27,13:00,Bordeaux,0.7,1–2,1.7,Metz,,Stade Matmut-Atlantique,Aurlien Petit,Ligue-1,13,2020-2021
27.0,Sat,2021-02-27,17:00,Dijon,0.3,0–4,1.9,Paris S-G,,Stade Gaston Grard,Mikael Lesage,Ligue-1,13,2020-2021
27.0,Sun,2021-02-28,13:00,Monaco,2.3,2–0,0.4,Brest,,Stade Louis II.,Jrmie Pignard,Ligue-1,13,2020-2021
27.0,Sun,2021-02-28,15:00,Lorient,0.7,2–1,0.9,Saint-tienne,,Stade Yves Allainmat - Le Moustoir,Stphanie Frappart,Ligue-1,13,2020-2021
27.0,Sun,2021-02-28,15:00,Nmes,0.9,1–1,0.8,Nantes,,Stade des Costires,Florent Batta,Ligue-1,13,2020-2021
27.0,Sun,2021-02-28,15:00,Angers,1.6,2–2,1.6,Lens,,Stade Raymond Kopa,Bastien Dechepy,Ligue-1,13,2020-2021
27.0,Sun,2021-02-28,15:00,Reims,0.6,0–0,0.5,Montpellier,,Stade Auguste-Delaune II,Franois Letexier,Ligue-1,13,2020-2021
27.0,Sun,2021-02-28,17:00,Lille,0.8,1–1,1.0,Strasbourg,,Stade Pierre-Mauroy,Jrme Brisard,Ligue-1,13,2020-2021
27.0,Sun,2021-02-28,21:00,Marseille,1.7,1–1,0.5,Lyon,,Orange Vlodrome,Benot Millot,Ligue-1,13,2020-2021
28.0,Wed,2021-03-03,19:00,Nice,1.6,2–1,1.8,Nmes,,Stade de Nice,Hakim Ben El Hadj Salem,Ligue-1,13,2020-2021
28.0,Wed,2021-03-03,19:00,Lyon,2.2,1–0,0.8,Rennes,,Groupama Stadium,Ruddy Buquet,Ligue-1,13,2020-2021
28.0,Wed,2021-03-03,19:00,Brest,1.1,3–1,0.5,Dijon,,Stade Francis-Le Bl,Jeremy Stinat,Ligue-1,13,2020-2021
28.0,Wed,2021-03-03,19:00,Metz,0.8,0–1,1.1,Angers,,Stade Saint-Symphorien,Johan Hamel,Ligue-1,13,2020-2021
28.0,Wed,2021-03-03,19:00,Saint-tienne,1.8,2–3,2.3,Lens,,Stade Geoffroy-Guichard,Amaury Delerue,Ligue-1,13,2020-2021
28.0,Wed,2021-03-03,21:00,Lille,2.1,2–0,0.1,Marseille,,Stade Pierre-Mauroy,Clment Turpin,Ligue-1,13,2020-2021
28.0,Wed,2021-03-03,21:00,Strasbourg,1.0,1–0,0.7,Monaco,,Stade de la Meinau,Eric Wattellier,Ligue-1,13,2020-2021
28.0,Wed,2021-03-03,21:00,Bordeaux,0.6,0–1,0.9,Paris S-G,,Stade Matmut-Atlantique,Franck Schneider,Ligue-1,13,2020-2021
28.0,Wed,2021-03-03,21:00,Montpellier,1.1,1–1,1.8,Lorient,,Stade de la Mosson,Benot Bastien,Ligue-1,13,2020-2021
28.0,Wed,2021-03-03,21:00,Nantes,1.3,1–2,0.6,Reims,,Stade de la Beaujoire - Louis Fonteneau,Willy Delajod,Ligue-1,13,2020-2021
22.0,Wed,2021-03-10,19:00,Marseille,0.8,1–0,0.5,Rennes,,Orange Vlodrome,Jrmie Pignard,Ligue-1,13,2020-2021
29.0,Fri,2021-03-12,21:00,Reims,0.8,1–1,1.8,Lyon,,Stade Auguste-Delaune II,Jrme Brisard,Ligue-1,13,2020-2021
29.0,Sat,2021-03-13,13:00,Angers,0.3,0–1,0.7,Saint-tienne,,Stade Raymond Kopa,Benot Millot,Ligue-1,13,2020-2021
29.0,Sat,2021-03-13,17:00,Marseille,1.5,3–1,0.3,Brest,,Orange Vlodrome,Jrme Miguelgorry,Ligue-1,13,2020-2021
29.0,Sun,2021-03-14,13:00,Nmes,1.5,1–1,0.9,Montpellier,,Stade des Costires,Eric Wattellier,Ligue-1,13,2020-2021
29.0,Sun,2021-03-14,15:00,Dijon,1.1,1–3,1.3,Bordeaux,,Stade Gaston Grard,Thomas Lonard,Ligue-1,13,2020-2021
29.0,Sun,2021-03-14,15:00,Lorient,2.1,1–1,0.5,Nice,,Stade Yves Allainmat - Le Moustoir,Ruddy Buquet,Ligue-1,13,2020-2021
29.0,Sun,2021-03-14,15:00,Rennes,1.3,1–0,0.7,Strasbourg,,Roazhon Park,Bastien Dechepy,Ligue-1,13,2020-2021
29.0,Sun,2021-03-14,15:00,Lens,2.2,2–2,1.4,Metz,,Stade Bollaert-Delelis,Florent Batta,Ligue-1,13,2020-2021
29.0,Sun,2021-03-14,17:05,Monaco,0.6,0–0,0.2,Lille,,Stade Louis II.,Stphanie Frappart,Ligue-1,13,2020-2021
29.0,Sun,2021-03-14,21:00,Paris S-G,0.8,1–2,1.3,Nantes,,Parc des Princes,Karim Abed,Ligue-1,13,2020-2021
30.0,Fri,2021-03-19,21:00,Saint-tienne,0.5,0–4,2.4,Monaco,,Stade Geoffroy-Guichard,Mikael Lesage,Ligue-1,13,2020-2021
30.0,Sat,2021-03-20,13:00,Metz,0.7,1–3,2.1,Rennes,,Stade Saint-Symphorien,Willy Delajod,Ligue-1,13,2020-2021
30.0,Sat,2021-03-20,17:00,Nice,2.5,3–0,0.4,Marseille,,Stade de Nice,Franois Letexier,Ligue-1,13,2020-2021
30.0,Sun,2021-03-21,13:00,Strasbourg,2.0,1–2,1.8,Lens,,Stade de la Meinau,Jeremy Stinat,Ligue-1,13,2020-2021
30.0,Sun,2021-03-21,15:00,Brest,0.5,0–0,1.0,Angers,,Stade Francis-Le Bl,Aurlien Petit,Ligue-1,13,2020-2021
30.0,Sun,2021-03-21,15:00,Dijon,0.9,0–1,1.1,Reims,,Stade Gaston Grard,Benot Bastien,Ligue-1,13,2020-2021
30.0,Sun,2021-03-21,15:00,Nantes,1.4,1–1,1.4,Lorient,,Stade de la Beaujoire - Louis Fonteneau,Antony Gautier,Ligue-1,13,2020-2021
30.0,Sun,2021-03-21,15:00,Montpellier,2.5,3–1,1.4,Bordeaux,,Stade de la Mosson,Hakim Ben El Hadj Salem,Ligue-1,13,2020-2021
30.0,Sun,2021-03-21,17:05,Lille,1.0,1–2,0.6,Nmes,,Stade Pierre-Mauroy,Franck Schneider,Ligue-1,13,2020-2021
30.0,Sun,2021-03-21,21:00,Lyon,0.7,2–4,2.1,Paris S-G,,Groupama Stadium,Clment Turpin,Ligue-1,13,2020-2021
31.0,Sat,2021-04-03,13:00,Monaco,2.8,4–0,0.4,Metz,,Stade Louis II.,Johan Hamel,Ligue-1,13,2020-2021
31.0,Sat,2021-04-03,17:00,Paris S-G,0.9,0–1,0.4,Lille,,Parc des Princes,Benot Bastien,Ligue-1,13,2020-2021
31.0,Sat,2021-04-03,21:00,Lens,0.9,1–1,2.2,Lyon,,Stade Bollaert-Delelis,Benot Millot,Ligue-1,13,2020-2021
31.0,Sun,2021-04-04,13:00,Angers,1.3,1–1,1.7,Montpellier,,Stade Raymond Kopa,Florent Batta,Ligue-1,13,2020-2021
31.0,Sun,2021-04-04,15:00,Reims,1.2,2–2,1.8,Rennes,,Stade Auguste-Delaune II,Karim Abed,Ligue-1,13,2020-2021
31.0,Sun,2021-04-04,15:00,Lorient,1.5,1–0,0.5,Brest,,Stade Yves Allainmat - Le Moustoir,Bastien Dechepy,Ligue-1,13,2020-2021
31.0,Sun,2021-04-04,15:00,Nantes,1.4,1–2,2.1,Nice,,Stade de la Beaujoire - Louis Fonteneau,Stphanie Frappart,Ligue-1,13,2020-2021
31.0,Sun,2021-04-04,15:00,Bordeaux,2.0,2–3,2.1,Strasbourg,,Stade Matmut-Atlantique,Jrme Brisard,Ligue-1,13,2020-2021
31.0,Sun,2021-04-04,17:05,Nmes,1.7,0–2,1.9,Saint-tienne,,Stade des Costires,Thomas Lonard,Ligue-1,13,2020-2021
31.0,Sun,2021-04-04,21:00,Marseille,1.3,2–0,0.2,Dijon,,Orange Vlodrome,Ruddy Buquet,Ligue-1,13,2020-2021
32.0,Fri,2021-04-09,21:00,Metz,1.8,0–2,0.6,Lille,,Stade Saint-Symphorien,Clment Turpin,Ligue-1,13,2020-2021
32.0,Sat,2021-04-10,17:00,Strasbourg,0.7,1–4,1.7,Paris S-G,,Stade de la Meinau,Jrmie Pignard,Ligue-1,13,2020-2021
32.0,Sat,2021-04-10,21:00,Montpellier,2.1,3–3,1.7,Marseille,,Stade de la Mosson,Jrme Brisard,Ligue-1,13,2020-2021
32.0,Sun,2021-04-11,13:00,Rennes,0.7,1–0,0.3,Nantes,,Roazhon Park,Amaury Delerue,Ligue-1,13,2020-2021
32.0,Sun,2021-04-11,15:00,Saint-tienne,2.9,4–1,1.6,Bordeaux,,Stade Geoffroy-Guichard,Franck Schneider,Ligue-1,13,2020-2021
32.0,Sun,2021-04-11,15:00,Brest,2.3,1–1,0.9,Nmes,,Stade Francis-Le Bl,Willy Delajod,Ligue-1,13,2020-2021
32.0,Sun,2021-04-11,15:00,Lens,3.1,4–1,1.4,Lorient,,Stade Bollaert-Delelis,Eric Wattellier,Ligue-1,13,2020-2021
32.0,Sun,2021-04-11,15:00,Nice,0.6,0–0,0.5,Reims,,Stade de Nice,Jeremy Stinat,Ligue-1,13,2020-2021
32.0,Sun,2021-04-11,17:05,Monaco,3.4,3–0,0.9,Dijon,,Stade Louis II.,Aurlien Petit,Ligue-1,13,2020-2021
32.0,Sun,2021-04-11,21:00,Lyon,3.0,3–0,0.9,Angers,,Groupama Stadium,Mikael Lesage,Ligue-1,13,2020-2021
33.0,Fri,2021-04-16,21:00,Lille,1.2,1–1,0.7,Montpellier,,Stade Pierre-Mauroy,Benot Millot,Ligue-1,13,2020-2021
33.0,Sat,2021-04-17,12:45,Angers,0.9,0–3,1.5,Rennes,,Stade Raymond Kopa,Thomas Lonard,Ligue-1,13,2020-2021
33.0,Sat,2021-04-17,17:00,Marseille,1.9,3–2,1.8,Lorient,,Orange Vlodrome,Hakim Ben El Hadj Salem,Ligue-1,13,2020-2021
33.0,Sun,2021-04-18,13:00,Paris S-G,2.3,3–2,1.0,Saint-tienne,,Parc des Princes,Ruddy Buquet,Ligue-1,13,2020-2021
33.0,Sun,2021-04-18,15:00,Nmes,1.4,1–1,1.2,Strasbourg,,Stade des Costires,Antony Gautier,Ligue-1,13,2020-2021
33.0,Sun,2021-04-18,15:00,Brest,0.3,1–1,1.3,Lens,,Stade Francis-Le Bl,Karim Abed,Ligue-1,13,2020-2021
33.0,Sun,2021-04-18,15:00,Reims,0.9,0–0,0.4,Metz,,Stade Auguste-Delaune II,Jrme Miguelgorry,Ligue-1,13,2020-2021
33.0,Sun,2021-04-18,15:00,Dijon,1.3,2–0,0.9,Nice,,Stade Gaston Grard,Johan Hamel,Ligue-1,13,2020-2021
33.0,Sun,2021-04-18,17:05,Bordeaux,1.1,0–3,2.2,Monaco,,Stade Matmut-Atlantique,Franois Letexier,Ligue-1,13,2020-2021
33.0,Sun,2021-04-18,21:00,Nantes,0.9,1–2,2.3,Lyon,,Stade de la Beaujoire - Louis Fonteneau,Benot Bastien,Ligue-1,13,2020-2021
34.0,Fri,2021-04-23,21:00,Reims,0.8,1–3,2.2,Marseille,,Stade Auguste-Delaune II,Eric Wattellier,Ligue-1,13,2020-2021
34.0,Sat,2021-04-24,13:00,Saint-tienne,0.8,1–2,1.5,Brest,,Stade Geoffroy-Guichard,Florent Batta,Ligue-1,13,2020-2021
34.0,Sat,2021-04-24,17:00,Metz,0.5,1–3,2.7,Paris S-G,,Stade Saint-Symphorien,Willy Delajod,Ligue-1,13,2020-2021
34.0,Sun,2021-04-25,13:00,Nice,2.1,3–1,1.4,Montpellier,,Stade de Nice,Bastien Dechepy,Ligue-1,13,2020-2021
34.0,Sun,2021-04-25,15:00,Lens,0.4,2–1,1.4,Nmes,,Stade Bollaert-Delelis,Aurlien Petit,Ligue-1,13,2020-2021
34.0,Sun,2021-04-25,15:00,Rennes,3.5,5–1,1.1,Dijon,,Roazhon Park,Jeremy Stinat,Ligue-1,13,2020-2021
34.0,Sun,2021-04-25,15:00,Lorient,2.9,4–1,1.0,Bordeaux,,Stade Yves Allainmat - Le Moustoir,Jrmie Pignard,Ligue-1,13,2020-2021
34.0,Sun,2021-04-25,15:00,Strasbourg,1.4,1–2,0.8,Nantes,,Stade de la Meinau,Ruddy Buquet,Ligue-1,13,2020-2021
34.0,Sun,2021-04-25,17:05,Angers,0.1,0–1,1.3,Monaco,,Stade Raymond Kopa,Hakim Ben El Hadj Salem,Ligue-1,13,2020-2021
34.0,Sun,2021-04-25,21:00,Lyon,0.8,2–3,2.1,Lille,,Groupama Stadium,Franois Letexier,Ligue-1,13,2020-2021
35.0,Fri,2021-04-30,21:00,Marseille,0.8,1–1,0.3,Strasbourg,,Orange Vlodrome,Stphanie Frappart,Ligue-1,13,2020-2021
35.0,Sat,2021-05-01,17:00,Paris S-G,1.6,2–1,1.2,Lens,,Parc des Princes,Jrme Brisard,Ligue-1,13,2020-2021
35.0,Sat,2021-05-01,21:00,Lille,1.0,2–0,0.0,Nice,,Stade Pierre-Mauroy,Amaury Delerue,Ligue-1,13,2020-2021
35.0,Sun,2021-05-02,13:00,Bordeaux,0.6,1–0,0.8,Rennes,,Stade Matmut-Atlantique,Antony Gautier,Ligue-1,13,2020-2021
35.0,Sun,2021-05-02,15:00,Dijon,1.0,1–5,1.7,Metz,,Stade Gaston Grard,Franck Schneider,Ligue-1,13,2020-2021
35.0,Sun,2021-05-02,15:00,Nmes,2.6,2–2,1.0,Reims,,Stade des Costires,Benot Millot,Ligue-1,13,2020-2021
35.0,Sun,2021-05-02,15:00,Lorient,1.8,2–0,0.8,Angers,,Stade Yves Allainmat - Le Moustoir,Willy Delajod,Ligue-1,13,2020-2021
35.0,Sun,2021-05-02,15:00,Brest,1.7,1–4,2.2,Nantes,,Stade Francis-Le Bl,Mikael Lesage,Ligue-1,13,2020-2021
35.0,Sun,2021-05-02,17:05,Montpellier,0.9,1–2,3.0,Saint-tienne,,Stade de la Mosson,Karim Abed,Ligue-1,13,2020-2021
35.0,Sun,2021-05-02,21:00,Monaco,2.5,2–3,1.8,Lyon,,Stade Louis II.,Clment Turpin,Ligue-1,13,2020-2021
36.0,Fri,2021-05-07,21:00,Lens,1.0,0–3,1.5,Lille,,Stade Bollaert-Delelis,Clment Turpin,Ligue-1,13,2020-2021
36.0,Sat,2021-05-08,13:00,Nantes,1.9,3–0,1.1,Bordeaux,,Stade de la Beaujoire - Louis Fonteneau,Benot Millot,Ligue-1,13,2020-2021
36.0,Sat,2021-05-08,17:00,Lyon,4.2,4–1,0.6,Lorient,,Groupama Stadium,Mikael Lesage,Ligue-1,13,2020-2021
36.0,Sun,2021-05-09,13:00,Saint-tienne,1.9,1–0,1.6,Marseille,,Stade Geoffroy-Guichard,Johan Hamel,Ligue-1,13,2020-2021
36.0,Sun,2021-05-09,15:00,Metz,0.8,0–3,1.6,Nmes,,Stade Saint-Symphorien,Franois Letexier,Ligue-1,13,2020-2021
36.0,Sun,2021-05-09,15:00,Nice,1.8,3–2,0.7,Brest,,Stade de Nice,Thomas Lonard,Ligue-1,13,2020-2021
36.0,Sun,2021-05-09,15:00,Angers,1.7,3–0,0.5,Dijon,,Stade Raymond Kopa,Jrme Brisard,Ligue-1,13,2020-2021
36.0,Sun,2021-05-09,15:00,Strasbourg,1.7,2–3,0.6,Montpellier,,Stade de la Meinau,Jrme Miguelgorry,Ligue-1,13,2020-2021
36.0,Sun,2021-05-09,17:05,Reims,0.3,0–1,1.1,Monaco,,Stade Auguste-Delaune II,Antony Gautier,Ligue-1,13,2020-2021
36.0,Sun,2021-05-09,21:00,Rennes,1.0,1–1,1.9,Paris S-G,,Roazhon Park,Ruddy Buquet,Ligue-1,13,2020-2021
37.0,Sun,2021-05-16,21:00,Lorient,1.1,2–1,0.1,Metz,,Stade Yves Allainmat - Le Moustoir,Florent Batta,Ligue-1,13,2020-2021
37.0,Sun,2021-05-16,21:00,Montpellier,0.3,0–0,1.6,Brest,,Stade de la Mosson,Aurlien Petit,Ligue-1,13,2020-2021
37.0,Sun,2021-05-16,21:00,Dijon,0.9,0–4,2.3,Nantes,,Stade Gaston Grard,Karim Abed,Ligue-1,13,2020-2021
37.0,Sun,2021-05-16,21:00,Lille,0.9,0–0,0.4,Saint-tienne,,Stade Pierre-Mauroy,Jrme Brisard,Ligue-1,13,2020-2021
37.0,Sun,2021-05-16,21:00,Monaco,1.0,2–1,0.5,Rennes,,Stade Louis II.,Benot Bastien,Ligue-1,13,2020-2021
37.0,Sun,2021-05-16,21:00,Paris S-G,4.6,4–0,0.1,Reims,,Parc des Princes,Clment Turpin,Ligue-1,13,2020-2021
37.0,Sun,2021-05-16,21:00,Nmes,1.1,2–5,2.7,Lyon,,Stade des Costires,Ruddy Buquet,Ligue-1,13,2020-2021
37.0,Sun,2021-05-16,21:00,Marseille,2.7,3–2,1.3,Angers,,Orange Vlodrome,Franck Schneider,Ligue-1,13,2020-2021
37.0,Sun,2021-05-16,21:00,Bordeaux,2.3,3–0,1.1,Lens,,Stade Matmut-Atlantique,Eric Wattellier,Ligue-1,13,2020-2021
37.0,Sun,2021-05-16,21:00,Nice,0.4,0–2,1.8,Strasbourg,,Stade de Nice,Mikael Lesage,Ligue-1,13,2020-2021
38.0,Sun,2021-05-23,21:00,Metz,1.1,1–1,1.2,Marseille,,Stade Saint-Symphorien,Hakim Ben El Hadj Salem,Ligue-1,13,2020-2021
38.0,Sun,2021-05-23,21:00,Strasbourg,0.3,1–1,0.6,Lorient,,Stade de la Meinau,Stphanie Frappart,Ligue-1,13,2020-2021
38.0,Sun,2021-05-23,21:00,Rennes,1.0,2–0,1.1,Nmes,,Roazhon Park,Willy Delajod,Ligue-1,13,2020-2021
38.0,Sun,2021-05-23,21:00,Lens,0.5,0–0,1.8,Monaco,,Stade Bollaert-Delelis,Jrmie Pignard,Ligue-1,13,2020-2021
38.0,Sun,2021-05-23,21:00,Brest,0.9,0–2,2.6,Paris S-G,,Stade Francis-Le Bl,Mikael Lesage,Ligue-1,13,2020-2021
38.0,Sun,2021-05-23,21:00,Saint-tienne,1.7,0–1,1.4,Dijon,,Stade Geoffroy-Guichard,Antony Gautier,Ligue-1,13,2020-2021
38.0,Sun,2021-05-23,21:00,Lyon,1.9,2–3,1.6,Nice,,Groupama Stadium,Benot Millot,Ligue-1,13,2020-2021
38.0,Sun,2021-05-23,21:00,Nantes,1.3,1–2,1.0,Montpellier,,Stade de la Beaujoire - Louis Fonteneau,Ruddy Buquet,Ligue-1,13,2020-2021
38.0,Sun,2021-05-23,21:00,Angers,0.9,1–2,1.3,Lille,,Stade Raymond Kopa,Benot Bastien,Ligue-1,13,2020-2021
38.0,Sun,2021-05-23,21:00,Reims,0.8,1–2,1.2,Bordeaux,,Stade Auguste-Delaune II,Jrme Brisard,Ligue-1,13,2020-2021
