Wk,Day,Date,Time,Home,xG,Score,xG.1,Away,Attendance,Venue,Referee,League Name,League ID,Season
1.0,Fri,2021-08-13,21:00,Valencia,1.3,1–0,1.2,Getafe,9868.0,Estadio de Mestalla,Jesús Gil,La-Liga,12,2021-2022
1.0,Sat,2021-08-14,19:30,Mallorca,0.4,1–1,0.9,Betis,6279.0,Iberostar Estadi,Antonio Matéu Lahoz,La-Liga,12,2021-2022
1.0,Sat,2021-08-14,19:30,Cádiz,0.4,1–1,1.0,Levante,6941.0,Estadio Nuevo Mirandilla,Santiago Jaime,La-Liga,12,2021-2022
1.0,Sat,2021-08-14,22:00,Osasuna,0.8,0–0,0.7,Espanyol,6715.0,Estadio El Sadar,Miguel Ángel Ortiz Arias,La-Liga,12,2021-2022
1.0,Sat,2021-08-14,22:00,Alavés,1.7,1–4,1.8,Real Madrid,3968.0,Estadio de Mendizorroza,César Soto,La-Liga,12,2021-2022
1.0,Sun,2021-08-15,17:30,Celta Vigo,2.0,1–2,1.4,Atlético Madrid,5401.0,Estadio de Balaídos,José Luis Munuera,La-Liga,12,2021-2022
1.0,Sun,2021-08-15,20:00,Barcelona,2.7,4–2,0.8,Real Sociedad,20384.0,Camp Nou,Alejandro Hernández,La-Liga,12,2021-2022
1.0,Sun,2021-08-15,22:15,Sevilla,3.5,3–0,0.3,Rayo Vallecano,13962.0,Estadio Ramón Sánchez Pizjuán,Isidro Díaz de Mera,La-Liga,12,2021-2022
1.0,Mon,2021-08-16,20:00,Villarreal,1.1,0–0,0.3,Granada,7837.0,Estadio de la Cerámica,Pablo González,La-Liga,12,2021-2022
1.0,Mon,2021-08-16,22:00,Elche,0.9,0–0,0.6,Athletic Club,9145.0,Estadio Manuel Martínez Valero,Adrián Cordero,La-Liga,12,2021-2022
,,,,,,,,,,,,La-Liga,12,2021-2022
2.0,Fri,2021-08-20,21:00,Betis,1.5,1–1,1.4,Cádiz,23745.0,Estadio Benito Villamarín,Valentín Pizarro,La-Liga,12,2021-2022
2.0,Sat,2021-08-21,17:00,Alavés,0.5,0–1,0.8,Mallorca,2896.0,Estadio de Mendizorroza,Alejandro Muñíz,La-Liga,12,2021-2022
2.0,Sat,2021-08-21,19:30,Espanyol,1.8,0–0,0.5,Villarreal,11095.0,RCDE Stadium,Jorge Figueroa,La-Liga,12,2021-2022
2.0,Sat,2021-08-21,19:30,Granada,0.8,1–1,1.9,Valencia,6267.0,Estadio Nuevo Los Cármenes,Carlos del Cerro,La-Liga,12,2021-2022
2.0,Sat,2021-08-21,22:00,Athletic Club,1.6,1–1,1.0,Barcelona,9394.0,San Mamés,Juan Martínez,La-Liga,12,2021-2022
2.0,Sun,2021-08-22,17:00,Real Sociedad,2.0,1–0,0.5,Rayo Vallecano,7652.0,Estadio Municipal de Anoeta,Santiago Jaime,La-Liga,12,2021-2022
2.0,Sun,2021-08-22,19:30,Atlético Madrid,1.3,1–0,0.2,Elche,24926.0,Estadio Wanda Metropolitano,Ricardo de Burgos,La-Liga,12,2021-2022
2.0,Sun,2021-08-22,22:00,Levante,1.9,3–3,1.2,Real Madrid,9838.0,Estadio Ciudad de Valencia,Guillermo Cuadra,La-Liga,12,2021-2022
2.0,Mon,2021-08-23,20:00,Getafe,0.5,0–1,0.7,Sevilla,4810.0,Coliseum Alfonso Pérez,José Sánchez,La-Liga,12,2021-2022
2.0,Mon,2021-08-23,22:00,Osasuna,2.1,0–0,0.2,Celta Vigo,7189.0,Estadio El Sadar,Alberola Rojas,La-Liga,12,2021-2022
3.0,Fri,2021-08-27,20:00,Mallorca,0.8,1–0,0.4,Espanyol,7529.0,Iberostar Estadi,Isidro Díaz de Mera,La-Liga,12,2021-2022
3.0,Fri,2021-08-27,22:15,Valencia,1.5,3–0,0.4,Alavés,10627.0,Estadio de Mestalla,Miguel Ángel Ortiz Arias,La-Liga,12,2021-2022
3.0,Sat,2021-08-28,17:00,Celta Vigo,1.0,0–1,1.2,Athletic Club,5492.0,Estadio de Balaídos,Antonio Matéu Lahoz,La-Liga,12,2021-2022
3.0,Sat,2021-08-28,19:30,Elche,0.8,1–1,1.6,Sevilla,10385.0,Estadio Manuel Martínez Valero,Valentín Pizarro,La-Liga,12,2021-2022
3.0,Sat,2021-08-28,19:30,Real Sociedad,0.9,1–0,0.2,Levante,7758.0,Estadio Municipal de Anoeta,José Luis Munuera,La-Liga,12,2021-2022
3.0,Sat,2021-08-28,22:00,Betis,0.8,0–1,1.1,Real Madrid,22590.0,Estadio Benito Villamarín,Alejandro Hernández,La-Liga,12,2021-2022
3.0,Sun,2021-08-29,17:00,Barcelona,1.5,2–1,0.4,Getafe,26543.0,Camp Nou,Pablo González,La-Liga,12,2021-2022
3.0,Sun,2021-08-29,19:30,Rayo Vallecano,2.2,4–0,0.6,Granada,583.0,Estadio del Rayo Vallecano,Jesús Gil,La-Liga,12,2021-2022
3.0,Sun,2021-08-29,19:30,Cádiz,1.6,2–3,2.4,Osasuna,7452.0,Estadio Nuevo Mirandilla,Adrián Cordero,La-Liga,12,2021-2022
3.0,Sun,2021-08-29,22:00,Atlético Madrid,1.8,2–2,0.6,Villarreal,26840.0,Estadio Wanda Metropolitano,César Soto,La-Liga,12,2021-2022
4.0,Sat,2021-09-11,18:30,Levante,1.0,1–1,2.6,Rayo Vallecano,12974.0,Estadio Ciudad de Valencia,Alberola Rojas,La-Liga,12,2021-2022
4.0,Sat,2021-09-11,21:00,Athletic Club,1.8,2–0,0.2,Mallorca,14566.0,San Mamés,Jorge Figueroa,La-Liga,12,2021-2022
4.0,Sun,2021-09-12,14:00,Espanyol,0.5,1–2,1.0,Atlético Madrid,15321.0,RCDE Stadium,Juan Martínez,La-Liga,12,2021-2022
4.0,Sun,2021-09-12,16:15,Osasuna,0.7,1–4,0.9,Valencia,13940.0,Estadio El Sadar,Ricardo de Burgos,La-Liga,12,2021-2022
4.0,Sun,2021-09-12,18:30,Cádiz,0.3,0–2,1.9,Real Sociedad,11826.0,Estadio Nuevo Mirandilla,Alejandro Muñíz,La-Liga,12,2021-2022
4.0,Sun,2021-09-12,21:00,Real Madrid,3.4,5–2,1.8,Celta Vigo,19874.0,Estadio Santiago Bernabéu,José Sánchez,La-Liga,12,2021-2022
4.0,Mon,2021-09-13,20:00,Getafe,0.4,0–1,0.9,Elche,6853.0,Coliseum Alfonso Pérez,Mario Melero,La-Liga,12,2021-2022
4.0,Mon,2021-09-13,22:00,Granada,0.5,1–2,2.4,Betis,10201.0,Estadio Nuevo Los Cármenes,Guillermo Cuadra,La-Liga,12,2021-2022
5.0,Fri,2021-09-17,21:00,Celta Vigo,1.1,1–2,1.1,Cádiz,6754.0,Estadio de Balaídos,Isidro Díaz de Mera,La-Liga,12,2021-2022
5.0,Sat,2021-09-18,14:00,Rayo Vallecano,2.0,3–0,1.1,Getafe,3280.0,Estadio del Rayo Vallecano,Adrián Cordero,La-Liga,12,2021-2022
5.0,Sat,2021-09-18,16:15,Atlético Madrid,1.0,0–0,0.9,Athletic Club,38798.0,Estadio Wanda Metropolitano,Jesús Gil,La-Liga,12,2021-2022
5.0,Sat,2021-09-18,18:30,Elche,0.5,1–1,1.3,Levante,11507.0,Estadio Manuel Martínez Valero,Miguel Ángel Ortiz Arias,La-Liga,12,2021-2022
5.0,Sat,2021-09-18,21:00,Alavés,0.4,0–2,1.1,Osasuna,8176.0,Estadio de Mendizorroza,Alejandro Hernández,La-Liga,12,2021-2022
5.0,Sun,2021-09-19,14:00,Mallorca,0.4,0–0,1.3,Villarreal,9168.0,Iberostar Estadi,Carlos del Cerro,La-Liga,12,2021-2022
5.0,Sun,2021-09-19,16:15,Real Sociedad,1.3,0–0,0.8,Sevilla,23757.0,Estadio Municipal de Anoeta,Antonio Matéu Lahoz,La-Liga,12,2021-2022
5.0,Sun,2021-09-19,18:30,Betis,2.1,2–2,1.2,Espanyol,30189.0,Estadio Benito Villamarín,César Soto,La-Liga,12,2021-2022
5.0,Sun,2021-09-19,21:00,Valencia,0.8,1–2,1.1,Real Madrid,26689.0,Estadio de Mestalla,Pablo González,La-Liga,12,2021-2022
5.0,Mon,2021-09-20,21:00,Barcelona,1.1,1–1,0.6,Granada,27097.0,Camp Nou,Santiago Jaime,La-Liga,12,2021-2022
6.0,Tue,2021-09-21,19:30,Getafe,0.3,1–2,0.8,Atlético Madrid,8950.0,Coliseum Alfonso Pérez,Guillermo Cuadra,La-Liga,12,2021-2022
6.0,Tue,2021-09-21,22:00,Athletic Club,0.7,1–2,0.8,Rayo Vallecano,16236.0,San Mamés,José Luis Munuera,La-Liga,12,2021-2022
6.0,Tue,2021-09-21,22:00,Levante,1.6,0–2,0.6,Celta Vigo,11989.0,Estadio Ciudad de Valencia,Jorge Figueroa,La-Liga,12,2021-2022
6.0,Wed,2021-09-22,19:30,Espanyol,1.5,1–0,0.4,Alavés,14254.0,RCDE Stadium,Mario Melero,La-Liga,12,2021-2022
6.0,Wed,2021-09-22,19:30,Sevilla,0.9,3–1,0.5,Valencia,23654.0,Estadio Ramón Sánchez Pizjuán,José Sánchez,La-Liga,12,2021-2022
6.0,Wed,2021-09-22,22:00,Villarreal,2.8,4–1,1.3,Elche,8234.0,Estadio de la Cerámica,Alejandro Muñíz,La-Liga,12,2021-2022
6.0,Wed,2021-09-22,22:00,Real Madrid,2.9,6–1,1.1,Mallorca,20113.0,Estadio Santiago Bernabéu,Alberola Rojas,La-Liga,12,2021-2022
6.0,Thu,2021-09-23,19:30,Osasuna,0.9,1–3,2.3,Betis,13758.0,Estadio El Sadar,Juan Martínez,La-Liga,12,2021-2022
6.0,Thu,2021-09-23,19:30,Granada,1.2,2–3,1.8,Real Sociedad,9552.0,Estadio Nuevo Los Cármenes,Valentín Pizarro,La-Liga,12,2021-2022
6.0,Thu,2021-09-23,22:00,Cádiz,1.6,0–0,0.7,Barcelona,12180.0,Estadio Nuevo Mirandilla,Carlos del Cerro,La-Liga,12,2021-2022
7.0,Sat,2021-09-25,14:00,Alavés,0.6,1–0,0.7,Atlético Madrid,9836.0,Estadio de Mendizorroza,Antonio Matéu Lahoz,La-Liga,12,2021-2022
7.0,Sat,2021-09-25,16:15,Valencia,0.8,1–1,0.9,Athletic Club,13680.0,Estadio de Mestalla,Alejandro Hernández,La-Liga,12,2021-2022
7.0,Sat,2021-09-25,18:30,Sevilla,1.6,2–0,0.7,Espanyol,23956.0,Estadio Ramón Sánchez Pizjuán,Pablo González,La-Liga,12,2021-2022
7.0,Sat,2021-09-25,21:00,Real Madrid,1.4,0–0,0.8,Villarreal,23985.0,Estadio Santiago Bernabéu,Jesús Gil,La-Liga,12,2021-2022
7.0,Sun,2021-09-26,14:00,Mallorca,2.3,2–3,0.8,Osasuna,9359.0,Iberostar Estadi,Miguel Ángel Ortiz Arias,La-Liga,12,2021-2022
7.0,Sun,2021-09-26,16:15,Barcelona,3.5,3–0,1.2,Levante,35334.0,Camp Nou,Isidro Díaz de Mera,La-Liga,12,2021-2022
7.0,Sun,2021-09-26,18:30,Real Sociedad,2.5,1–0,0.6,Elche,23941.0,Estadio Municipal de Anoeta,Adrián Cordero,La-Liga,12,2021-2022
7.0,Sun,2021-09-26,18:30,Rayo Vallecano,1.4,3–1,0.8,Cádiz,5903.0,Estadio del Rayo Vallecano,Ricardo de Burgos,La-Liga,12,2021-2022
7.0,Sun,2021-09-26,21:00,Betis,2.2,2–0,0.6,Getafe,29825.0,Estadio Benito Villamarín,Santiago Jaime,La-Liga,12,2021-2022
7.0,Mon,2021-09-27,21:00,Celta Vigo,1.5,1–0,0.6,Granada,6375.0,Estadio de Balaídos,César Soto,La-Liga,12,2021-2022
8.0,Fri,2021-10-01,21:00,Athletic Club,2.6,1–0,0.8,Alavés,28665.0,San Mamés,Carlos del Cerro,La-Liga,12,2021-2022
8.0,Sat,2021-10-02,14:00,Osasuna,0.6,1–0,0.2,Rayo Vallecano,19238.0,Estadio El Sadar,Mario Melero,La-Liga,12,2021-2022
8.0,Sat,2021-10-02,16:15,Mallorca,0.8,1–0,1.1,Levante,11803.0,Iberostar Estadi,Alejandro Muñíz,La-Liga,12,2021-2022
8.0,Sat,2021-10-02,18:30,Cádiz,0.2,0–0,1.4,Valencia,14794.0,Estadio Nuevo Mirandilla,Valentín Pizarro,La-Liga,12,2021-2022
8.0,Sat,2021-10-02,21:00,Atlético Madrid,1.1,2–0,0.8,Barcelona,60594.0,Estadio Wanda Metropolitano,César Soto,La-Liga,12,2021-2022
8.0,Sun,2021-10-03,14:00,Elche,1.5,1–0,0.5,Celta Vigo,11299.0,Estadio Manuel Martínez Valero,José Luis Munuera,La-Liga,12,2021-2022
8.0,Sun,2021-10-03,16:15,Espanyol,1.5,2–1,1.4,Real Madrid,23377.0,RCDE Stadium,Guillermo Cuadra,La-Liga,12,2021-2022
8.0,Sun,2021-10-03,18:30,Villarreal,2.9,2–0,0.5,Betis,16719.0,Estadio de la Cerámica,José Sánchez,La-Liga,12,2021-2022
8.0,Sun,2021-10-03,18:30,Getafe,0.7,1–1,0.8,Real Sociedad,8463.0,Coliseum Alfonso Pérez,Jorge Figueroa,La-Liga,12,2021-2022
8.0,Sun,2021-10-03,21:00,Granada,0.1,1–0,1.5,Sevilla,12334.0,Estadio Nuevo Los Cármenes,Alberola Rojas,La-Liga,12,2021-2022
9.0,Sat,2021-10-16,18:30,Levante,0.9,0–0,0.7,Getafe,14551.0,Estadio Ciudad de Valencia,Mario Melero,La-Liga,12,2021-2022
9.0,Sat,2021-10-16,21:00,Real Sociedad,0.6,1–0,0.4,Mallorca,30831.0,Estadio Municipal de Anoeta,Pablo González,La-Liga,12,2021-2022
9.0,Sun,2021-10-17,14:00,Rayo Vallecano,1.3,2–1,0.5,Elche,6989.0,Estadio del Rayo Vallecano,Santiago Jaime,La-Liga,12,2021-2022
9.0,Sun,2021-10-17,16:15,Celta Vigo,1.0,0–1,0.9,Sevilla,10774.0,Estadio de Balaídos,Ricardo de Burgos,La-Liga,12,2021-2022
9.0,Sun,2021-10-17,18:30,Villarreal,0.5,1–2,0.9,Osasuna,14831.0,Estadio de la Cerámica,Adrián Cordero,La-Liga,12,2021-2022
9.0,Sun,2021-10-17,21:00,Barcelona,1.9,3–1,0.5,Valencia,47317.0,Camp Nou,Jesús Gil,La-Liga,12,2021-2022
9.0,Mon,2021-10-18,19:00,Alavés,1.3,0–1,1.4,Betis,10227.0,Estadio de Mendizorroza,Miguel Ángel Ortiz Arias,La-Liga,12,2021-2022
9.0,Mon,2021-10-18,21:00,Espanyol,1.7,2–0,0.6,Cádiz,15678.0,RCDE Stadium,Antonio Matéu Lahoz,La-Liga,12,2021-2022
10.0,Fri,2021-10-22,21:00,Osasuna,1.0,1–1,0.6,Granada,21128.0,Estadio El Sadar,Alejandro Muñíz,La-Liga,12,2021-2022
10.0,Sat,2021-10-23,14:00,Valencia,1.4,2–2,0.5,Mallorca,29139.0,Estadio de Mestalla,Carlos del Cerro,La-Liga,12,2021-2022
10.0,Sat,2021-10-23,16:15,Cádiz,1.6,0–2,1.7,Alavés,13790.0,Estadio Nuevo Mirandilla,Alberola Rojas,La-Liga,12,2021-2022
10.0,Sat,2021-10-23,18:30,Elche,1.2,2–2,1.1,Espanyol,13449.0,Estadio Manuel Martínez Valero,Jorge Figueroa,La-Liga,12,2021-2022
10.0,Sat,2021-10-23,21:00,Athletic Club,2.6,2–1,0.6,Villarreal,38698.0,San Mamés,Guillermo Cuadra,La-Liga,12,2021-2022
10.0,Sun,2021-10-24,14:00,Sevilla,1.4,5–3,1.8,Levante,30601.0,Estadio Ramón Sánchez Pizjuán,Valentín Pizarro,La-Liga,12,2021-2022
10.0,Sun,2021-10-24,16:15,Barcelona,1.7,1–2,1.1,Real Madrid,86422.0,Camp Nou,José Sánchez,La-Liga,12,2021-2022
10.0,Sun,2021-10-24,18:30,Betis,1.5,3–2,1.2,Rayo Vallecano,45362.0,Estadio Benito Villamarín,Ricardo de Burgos,La-Liga,12,2021-2022
10.0,Sun,2021-10-24,21:00,Atlético Madrid,1.6,2–2,0.9,Real Sociedad,50032.0,Estadio Wanda Metropolitano,José Luis Munuera,La-Liga,12,2021-2022
10.0,Mon,2021-10-25,21:00,Getafe,0.7,0–3,2.1,Celta Vigo,7630.0,Coliseum Alfonso Pérez,Juan Martínez,La-Liga,12,2021-2022
11.0,Tue,2021-10-26,19:00,Alavés,1.4,1–0,0.3,Elche,10206.0,Estadio de Mendizorroza,Jesús Gil,La-Liga,12,2021-2022
11.0,Tue,2021-10-26,21:00,Espanyol,1.2,1–1,3.2,Athletic Club,16196.0,RCDE Stadium,Miguel Ángel Ortiz Arias,La-Liga,12,2021-2022
11.0,Tue,2021-10-26,21:30,Villarreal,1.7,3–3,1.0,Cádiz,12190.0,Estadio de la Cerámica,Alejandro Hernández,La-Liga,12,2021-2022
11.0,Wed,2021-10-27,19:00,Rayo Vallecano,1.0,1–0,2.8,Barcelona,9340.0,Estadio del Rayo Vallecano,Antonio Matéu Lahoz,La-Liga,12,2021-2022
11.0,Wed,2021-10-27,19:00,Mallorca,1.8,1–1,1.0,Sevilla,15125.0,Iberostar Estadi,Santiago Jaime,La-Liga,12,2021-2022
11.0,Wed,2021-10-27,20:00,Betis,2.1,4–1,1.6,Valencia,43123.0,Estadio Benito Villamarín,Isidro Díaz de Mera,La-Liga,12,2021-2022
11.0,Wed,2021-10-27,21:30,Real Madrid,0.8,0–0,0.8,Osasuna,35691.0,Estadio Santiago Bernabéu,César Soto,La-Liga,12,2021-2022
11.0,Thu,2021-10-28,19:00,Celta Vigo,1.4,0–2,1.8,Real Sociedad,8726.0,Estadio de Balaídos,Mario Melero,La-Liga,12,2021-2022
11.0,Thu,2021-10-28,20:00,Granada,2.2,1–1,0.4,Getafe,13651.0,Estadio Nuevo Los Cármenes,Adrián Cordero,La-Liga,12,2021-2022
11.0,Thu,2021-10-28,21:30,Levante,1.8,2–2,0.7,Atlético Madrid,16298.0,Estadio Ciudad de Valencia,Pablo González,La-Liga,12,2021-2022
12.0,Sat,2021-10-30,14:00,Elche,1.3,1–2,1.1,Real Madrid,23010.0,Estadio Manuel Martínez Valero,Ricardo de Burgos,La-Liga,12,2021-2022
12.0,Sat,2021-10-30,16:15,Sevilla,2.1,2–0,0.5,Osasuna,20335.0,Estadio Ramón Sánchez Pizjuán,Carlos del Cerro,La-Liga,12,2021-2022
12.0,Sat,2021-10-30,18:30,Valencia,1.4,2–0,0.8,Villarreal,31487.0,Estadio de Mestalla,José Luis Munuera,La-Liga,12,2021-2022
12.0,Sat,2021-10-30,21:00,Barcelona,1.4,1–1,0.8,Alavés,37278.0,Camp Nou,Jorge Figueroa,La-Liga,12,2021-2022
12.0,Sun,2021-10-31,14:00,Cádiz,1.9,1–1,1.2,Mallorca,11790.0,Estadio Nuevo Mirandilla,Valentín Pizarro,La-Liga,12,2021-2022
12.0,Sun,2021-10-31,16:15,Atlético Madrid,2.2,3–0,0.5,Betis,56838.0,Estadio Wanda Metropolitano,Alberola Rojas,La-Liga,12,2021-2022
12.0,Sun,2021-10-31,18:30,Getafe,0.8,2–1,0.6,Espanyol,4721.0,Coliseum Alfonso Pérez,Alejandro Muñíz,La-Liga,12,2021-2022
12.0,Sun,2021-10-31,21:00,Real Sociedad,1.0,1–1,1.1,Athletic Club,37066.0,Estadio Municipal de Anoeta,Juan Martínez,La-Liga,12,2021-2022
12.0,Mon,2021-11-01,18:30,Rayo Vallecano,0.6,0–0,0.4,Celta Vigo,9580.0,Estadio del Rayo Vallecano,Adrián Cordero,La-Liga,12,2021-2022
12.0,Mon,2021-11-01,21:00,Levante,1.3,0–3,1.3,Granada,14512.0,Estadio Ciudad de Valencia,José Sánchez,La-Liga,12,2021-2022
13.0,Fri,2021-11-05,21:00,Athletic Club,0.7,0–1,0.5,Cádiz,37581.0,San Mamés,Santiago Jaime,La-Liga,12,2021-2022
13.0,Sat,2021-11-06,14:00,Espanyol,1.4,2–0,1.5,Granada,19050.0,RCDE Stadium,Isidro Díaz de Mera,La-Liga,12,2021-2022
13.0,Sat,2021-11-06,16:15,Celta Vigo,1.7,3–3,0.8,Barcelona,13146.0,Estadio de Balaídos,Alejandro Hernández,La-Liga,12,2021-2022
13.0,Sat,2021-11-06,18:30,Alavés,1.5,2–1,0.6,Levante,12176.0,Estadio de Mendizorroza,Adrián Cordero,La-Liga,12,2021-2022
13.0,Sat,2021-11-06,21:00,Real Madrid,2.1,2–1,1.3,Rayo Vallecano,43283.0,Estadio Santiago Bernabéu,Pablo González,La-Liga,12,2021-2022
13.0,Sun,2021-11-07,14:00,Villarreal,1.1,1–0,0.3,Getafe,13504.0,Estadio de la Cerámica,Jesús Gil,La-Liga,12,2021-2022
13.0,Sun,2021-11-07,16:15,Valencia,0.9,3–3,1.9,Atlético Madrid,37472.0,Estadio de Mestalla,César Soto,La-Liga,12,2021-2022
13.0,Sun,2021-11-07,18:30,Osasuna,0.5,0–2,1.3,Real Sociedad,21741.0,Estadio El Sadar,Miguel Ángel Ortiz Arias,La-Liga,12,2021-2022
13.0,Sun,2021-11-07,18:30,Mallorca,1.9,2–2,0.6,Elche,12933.0,Iberostar Estadi,Mario Melero,La-Liga,12,2021-2022
13.0,Sun,2021-11-07,21:00,Betis,0.3,0–2,1.6,Sevilla,50534.0,Estadio Benito Villamarín,Antonio Matéu Lahoz,La-Liga,12,2021-2022
14.0,Fri,2021-11-19,21:00,Levante,0.7,0–0,0.7,Athletic Club,15230.0,Estadio Ciudad de Valencia,José Luis Munuera,La-Liga,12,2021-2022
14.0,Sat,2021-11-20,14:00,Celta Vigo,1.0,1–1,2.5,Villarreal,10086.0,Estadio de Balaídos,Alberola Rojas,La-Liga,12,2021-2022
14.0,Sat,2021-11-20,16:15,Sevilla,1.6,2–2,1.7,Alavés,25208.0,Estadio Ramón Sánchez Pizjuán,Alejandro Muñíz,La-Liga,12,2021-2022
14.0,Sat,2021-11-20,18:30,Atlético Madrid,1.2,1–0,0.3,Osasuna,53261.0,Estadio Wanda Metropolitano,José Sánchez,La-Liga,12,2021-2022
14.0,Sat,2021-11-20,21:00,Barcelona,1.5,1–0,1.0,Espanyol,74418.0,Camp Nou,Carlos del Cerro,La-Liga,12,2021-2022
14.0,Sun,2021-11-21,14:00,Getafe,1.3,4–0,0.4,Cádiz,8825.0,Coliseum Alfonso Pérez,Ricardo de Burgos,La-Liga,12,2021-2022
14.0,Sun,2021-11-21,16:15,Granada,0.7,1–4,3.3,Real Madrid,17460.0,Estadio Nuevo Los Cármenes,Juan Martínez,La-Liga,12,2021-2022
14.0,Sun,2021-11-21,18:30,Elche,1.3,0–3,1.9,Betis,16127.0,Estadio Manuel Martínez Valero,Valentín Pizarro,La-Liga,12,2021-2022
14.0,Sun,2021-11-21,21:00,Real Sociedad,0.4,0–0,0.5,Valencia,28635.0,Estadio Municipal de Anoeta,Mario Melero,La-Liga,12,2021-2022
14.0,Mon,2021-11-22,21:00,Rayo Vallecano,2.5,3–1,0.8,Mallorca,6708.0,Estadio del Rayo Vallecano,Jorge Figueroa,La-Liga,12,2021-2022
15.0,Fri,2021-11-26,21:00,Athletic Club,1.2,2–2,1.3,Granada,32651.0,San Mamés,Adrián Cordero,La-Liga,12,2021-2022
15.0,Sat,2021-11-27,14:00,Alavés,1.2,1–2,1.3,Celta Vigo,10093.0,Estadio de Mendizorroza,Pablo González,La-Liga,12,2021-2022
15.0,Sat,2021-11-27,16:15,Valencia,1.5,1–1,1.6,Rayo Vallecano,30030.0,Estadio de Mestalla,Alejandro Hernández,La-Liga,12,2021-2022
15.0,Sat,2021-11-27,18:30,Mallorca,0.4,0–0,0.8,Getafe,8635.0,Iberostar Estadi,Santiago Jaime,La-Liga,12,2021-2022
15.0,Sat,2021-11-27,21:00,Villarreal,1.4,1–3,3.0,Barcelona,19050.0,Estadio de la Cerámica,César Soto,La-Liga,12,2021-2022
15.0,Sun,2021-11-28,14:00,Betis,2.4,3–1,0.2,Levante,45012.0,Estadio Benito Villamarín,Miguel Ángel Ortiz Arias,La-Liga,12,2021-2022
15.0,Sun,2021-11-28,16:15,Espanyol,0.5,1–0,1.8,Real Sociedad,19935.0,RCDE Stadium,Antonio Matéu Lahoz,La-Liga,12,2021-2022
15.0,Sun,2021-11-28,18:30,Cádiz,1.0,1–4,3.4,Atlético Madrid,16861.0,Estadio Nuevo Mirandilla,Jesús Gil,La-Liga,12,2021-2022
15.0,Sun,2021-11-28,21:00,Real Madrid,1.5,2–1,0.5,Sevilla,45281.0,Estadio Santiago Bernabéu,José Sánchez,La-Liga,12,2021-2022
15.0,Mon,2021-11-29,21:00,Osasuna,2.0,1–1,1.3,Elche,16485.0,Estadio El Sadar,Isidro Díaz de Mera,La-Liga,12,2021-2022
9.0,Wed,2021-12-01,21:00,Real Madrid,1.7,1–0,1.9,Athletic Club,33627.0,Estadio Santiago Bernabéu,Isidro Díaz de Mera,La-Liga,12,2021-2022
16.0,Fri,2021-12-03,21:00,Granada,1.0,2–1,1.7,Alavés,13511.0,Estadio Nuevo Los Cármenes,Alberola Rojas,La-Liga,12,2021-2022
16.0,Sat,2021-12-04,14:00,Sevilla,0.3,1–0,1.9,Villarreal,30865.0,Estadio Ramón Sánchez Pizjuán,Carlos del Cerro,La-Liga,12,2021-2022
16.0,Sat,2021-12-04,16:15,Barcelona,0.8,0–1,0.7,Betis,66529.0,Camp Nou,Pablo González,La-Liga,12,2021-2022
16.0,Sat,2021-12-04,18:30,Atlético Madrid,1.4,1–2,0.6,Mallorca,51009.0,Estadio Wanda Metropolitano,Juan Martínez,La-Liga,12,2021-2022
16.0,Sat,2021-12-04,21:00,Real Sociedad,0.8,0–2,2.0,Real Madrid,35765.0,Estadio Municipal de Anoeta,Jesús Gil,La-Liga,12,2021-2022
16.0,Sun,2021-12-05,14:00,Rayo Vallecano,0.5,1–0,0.5,Espanyol,8679.0,Estadio del Rayo Vallecano,José Luis Munuera,La-Liga,12,2021-2022
16.0,Sun,2021-12-05,16:15,Elche,2.3,3–1,1.5,Cádiz,11879.0,Estadio Manuel Martínez Valero,Alejandro Muñíz,La-Liga,12,2021-2022
16.0,Sun,2021-12-05,18:30,Levante,0.5,0–0,0.3,Osasuna,15361.0,Estadio Ciudad de Valencia,Valentín Pizarro,La-Liga,12,2021-2022
16.0,Sun,2021-12-05,21:00,Celta Vigo,0.6,1–2,1.5,Valencia,11361.0,Estadio de Balaídos,Ricardo de Burgos,La-Liga,12,2021-2022
16.0,Mon,2021-12-06,21:00,Getafe,1.1,0–0,0.5,Athletic Club,9176.0,Coliseum Alfonso Pérez,Jorge Figueroa,La-Liga,12,2021-2022
17.0,Fri,2021-12-10,21:00,Mallorca,0.7,0–0,1.3,Celta Vigo,10655.0,Iberostar Estadi,Isidro Díaz de Mera,La-Liga,12,2021-2022
17.0,Sat,2021-12-11,14:00,Espanyol,2.3,4–3,2.8,Levante,15193.0,RCDE Stadium,Adrián Cordero,La-Liga,12,2021-2022
17.0,Sat,2021-12-11,16:15,Alavés,0.7,1–1,1.0,Getafe,10065.0,Estadio de Mendizorroza,César Soto,La-Liga,12,2021-2022
17.0,Sat,2021-12-11,18:30,Valencia,1.7,2–1,1.0,Elche,31662.0,Estadio de Mestalla,Santiago Jaime,La-Liga,12,2021-2022
17.0,Sat,2021-12-11,21:00,Athletic Club,1.8,0–1,0.2,Sevilla,36737.0,San Mamés,Alejandro Hernández,La-Liga,12,2021-2022
17.0,Sun,2021-12-12,14:00,Villarreal,2.3,2–0,1.7,Rayo Vallecano,13133.0,Estadio de la Cerámica,Mario Melero,La-Liga,12,2021-2022
17.0,Sun,2021-12-12,16:15,Osasuna,0.3,2–2,1.0,Barcelona,21427.0,Estadio El Sadar,Juan Martínez,La-Liga,12,2021-2022
17.0,Sun,2021-12-12,18:30,Betis,1.5,4–0,1.4,Real Sociedad,52158.0,Estadio Benito Villamarín,José Sánchez,La-Liga,12,2021-2022
17.0,Sun,2021-12-12,21:00,Real Madrid,0.6,2–0,0.7,Atlético Madrid,51024.0,Estadio Santiago Bernabéu,Antonio Matéu Lahoz,La-Liga,12,2021-2022
17.0,Mon,2021-12-13,21:00,Cádiz,0.7,1–1,1.5,Granada,13052.0,Estadio Nuevo Mirandilla,Miguel Ángel Ortiz Arias,La-Liga,12,2021-2022
18.0,Fri,2021-12-17,21:00,Celta Vigo,1.4,3–1,0.4,Espanyol,9526.0,Estadio de Balaídos,Valentín Pizarro,La-Liga,12,2021-2022
18.0,Sat,2021-12-18,14:00,Rayo Vallecano,1.7,2–0,0.3,Alavés,7911.0,Estadio del Rayo Vallecano,Antonio Matéu Lahoz,La-Liga,12,2021-2022
18.0,Sat,2021-12-18,16:15,Real Sociedad,1.3,1–3,2.8,Villarreal,29679.0,Estadio Municipal de Anoeta,Jorge Figueroa,La-Liga,12,2021-2022
18.0,Sat,2021-12-18,18:30,Barcelona,2.9,3–2,1.1,Elche,41664.0,Camp Nou,Alberola Rojas,La-Liga,12,2021-2022
18.0,Sat,2021-12-18,21:00,Sevilla,0.4,2–1,0.8,Atlético Madrid,33241.0,Estadio Ramón Sánchez Pizjuán,Ricardo de Burgos,La-Liga,12,2021-2022
18.0,Sun,2021-12-19,14:00,Granada,1.7,4–1,1.0,Mallorca,13014.0,Estadio Nuevo Los Cármenes,Alejandro Muñíz,La-Liga,12,2021-2022
18.0,Sun,2021-12-19,16:15,Athletic Club,1.2,3–2,2.1,Betis,38002.0,San Mamés,Jesús Gil,La-Liga,12,2021-2022
18.0,Sun,2021-12-19,18:30,Getafe,1.1,1–0,0.3,Osasuna,8126.0,Coliseum Alfonso Pérez,José Luis Munuera,La-Liga,12,2021-2022
18.0,Sun,2021-12-19,21:00,Real Madrid,2.6,0–0,0.3,Cádiz,38818.0,Estadio Santiago Bernabéu,Santiago Jaime,La-Liga,12,2021-2022
18.0,Mon,2021-12-20,21:00,Levante,2.9,3–4,1.9,Valencia,18851.0,Estadio Ciudad de Valencia,Pablo González,La-Liga,12,2021-2022
4.0,Tue,2021-12-21,19:00,Villarreal,3.5,5–2,0.6,Alavés,12530.0,Estadio de la Cerámica,Valentín Pizarro,La-Liga,12,2021-2022
4.0,Tue,2021-12-21,21:30,Sevilla,0.2,1–1,1.5,Barcelona,31358.0,Estadio Ramón Sánchez Pizjuán,Carlos del Cerro,La-Liga,12,2021-2022
9.0,Wed,2021-12-22,19:00,Granada,0.6,2–1,1.6,Atlético Madrid,13304.0,Estadio Nuevo Los Cármenes,Alejandro Hernández,La-Liga,12,2021-2022
21.0,Wed,2021-12-22,21:30,Athletic Club,0.9,1–2,1.2,Real Madrid,42722.0,San Mamés,César Soto,La-Liga,12,2021-2022
19.0,Fri,2021-12-31,16:15,Valencia,0.9,1–2,1.9,Espanyol,29566.0,Estadio de Mestalla,José Sánchez,La-Liga,12,2021-2022
19.0,Sun,2022-01-02,14:00,Getafe,0.8,1–0,0.6,Real Madrid,11890.0,Coliseum Alfonso Pérez,Mario Melero,La-Liga,12,2021-2022
19.0,Sun,2022-01-02,16:15,Elche,0.9,0–0,1.5,Granada,12160.0,Estadio Manuel Martínez Valero,Adrián Cordero,La-Liga,12,2021-2022
19.0,Sun,2022-01-02,16:15,Atlético Madrid,1.7,2–0,0.0,Rayo Vallecano,43029.0,Estadio Wanda Metropolitano,Jorge Figueroa,La-Liga,12,2021-2022
19.0,Sun,2022-01-02,18:30,Alavés,1.6,1–1,0.8,Real Sociedad,13498.0,Estadio de Mendizorroza,Carlos del Cerro,La-Liga,12,2021-2022
19.0,Sun,2022-01-02,18:30,Betis,1.5,0–2,2.1,Celta Vigo,41656.0,Estadio Benito Villamarín,César Soto,La-Liga,12,2021-2022
19.0,Sun,2022-01-02,21:00,Mallorca,0.7,0–1,1.2,Barcelona,14654.0,Iberostar Estadi,Antonio Matéu Lahoz,La-Liga,12,2021-2022
19.0,Mon,2022-01-03,19:00,Villarreal,3.3,5–0,0.4,Levante,13462.0,Estadio de la Cerámica,Alejandro Hernández,La-Liga,12,2021-2022
19.0,Mon,2022-01-03,21:00,Osasuna,1.1,1–3,1.2,Athletic Club,16206.0,Estadio El Sadar,Miguel Ángel Ortiz Arias,La-Liga,12,2021-2022
19.0,Mon,2022-01-03,21:15,Cádiz,0.4,0–1,1.5,Sevilla,14342.0,Estadio Nuevo Mirandilla,Alberola Rojas,La-Liga,12,2021-2022
20.0,Sat,2022-01-08,14:00,Levante,1.1,2–0,1.3,Mallorca,13330.0,Estadio Ciudad de Valencia,Jorge Figueroa,La-Liga,12,2021-2022
20.0,Sat,2022-01-08,16:15,Real Sociedad,1.7,1–0,0.3,Celta Vigo,27938.0,Estadio Municipal de Anoeta,Guillermo Cuadra,La-Liga,12,2021-2022
20.0,Sat,2022-01-08,18:30,Granada,1.2,1–1,0.6,Barcelona,14442.0,Estadio Nuevo Los Cármenes,Pablo González,La-Liga,12,2021-2022
20.0,Sat,2022-01-08,21:00,Real Madrid,3.7,4–1,1.2,Valencia,40617.0,Estadio Santiago Bernabéu,Alejandro Hernández,La-Liga,12,2021-2022
20.0,Sun,2022-01-09,14:00,Rayo Vallecano,1.3,1–1,1.2,Betis,8395.0,Estadio del Rayo Vallecano,Alejandro Muñíz,La-Liga,12,2021-2022
20.0,Sun,2022-01-09,16:15,Sevilla,0.6,1–0,0.1,Getafe,30801.0,Estadio Ramón Sánchez Pizjuán,Juan Martínez,La-Liga,12,2021-2022
20.0,Sun,2022-01-09,18:30,Osasuna,2.2,2–0,0.2,Cádiz,16292.0,Estadio El Sadar,Ricardo de Burgos,La-Liga,12,2021-2022
20.0,Sun,2022-01-09,18:30,Alavés,0.4,0–0,0.8,Athletic Club,14103.0,Estadio de Mendizorroza,Santiago Jaime,La-Liga,12,2021-2022
20.0,Sun,2022-01-09,21:00,Villarreal,2.1,2–2,0.5,Atlético Madrid,14127.0,Estadio de la Cerámica,Alberola Rojas,La-Liga,12,2021-2022
20.0,Mon,2022-01-10,21:00,Espanyol,1.2,1–2,0.8,Elche,11870.0,RCDE Stadium,Jesús Gil,La-Liga,12,2021-2022
21.0,Sun,2022-01-16,14:00,Elche,0.2,1–0,0.5,Villarreal,12433.0,Estadio Manuel Martínez Valero,Valentín Pizarro,La-Liga,12,2021-2022
21.0,Tue,2022-01-18,20:00,Betis,2.4,4–0,0.4,Alavés,38753.0,Estadio Benito Villamarín,José Sánchez,La-Liga,12,2021-2022
21.0,Tue,2022-01-18,21:30,Cádiz,1.5,2–2,2.1,Espanyol,10755.0,Estadio Nuevo Mirandilla,Alejandro Muñíz,La-Liga,12,2021-2022
21.0,Wed,2022-01-19,19:00,Celta Vigo,1.0,2–0,0.5,Osasuna,8837.0,Estadio de Balaídos,Adrián Cordero,La-Liga,12,2021-2022
21.0,Wed,2022-01-19,21:30,Valencia,0.6,1–1,1.1,Sevilla,26049.0,Estadio de Mestalla,César Soto,La-Liga,12,2021-2022
21.0,Thu,2022-01-20,19:00,Getafe,0.9,4–2,0.9,Granada,7634.0,Coliseum Alfonso Pérez,Isidro Díaz de Mera,La-Liga,12,2021-2022
21.0,Fri,2022-01-21,,Barcelona,,,,Rayo Vallecano,,Camp Nou,,La-Liga,12,2021-2022
21.0,Fri,2022-01-21,,Mallorca,,,,Real Sociedad,,Iberostar Estadi,,La-Liga,12,2021-2022
22.0,Fri,2022-01-21,21:00,Espanyol,1.7,1–4,2.2,Betis,17637.0,RCDE Stadium,Alberola Rojas,La-Liga,12,2021-2022
22.0,Sat,2022-01-22,14:00,Levante,1.0,0–2,0.8,Cádiz,14063.0,Estadio Ciudad de Valencia,César Soto,La-Liga,12,2021-2022
22.0,Sat,2022-01-22,16:15,Villarreal,1.7,3–0,1.2,Mallorca,13207.0,Estadio de la Cerámica,Miguel Ángel Ortiz Arias,La-Liga,12,2021-2022
22.0,Sat,2022-01-22,18:30,Sevilla,1.2,2–2,0.7,Celta Vigo,30059.0,Estadio Ramón Sánchez Pizjuán,José Sánchez,La-Liga,12,2021-2022
22.0,Sat,2022-01-22,21:00,Atlético Madrid,2.7,3–2,0.7,Valencia,44999.0,Estadio Wanda Metropolitano,Isidro Díaz de Mera,La-Liga,12,2021-2022
22.0,Sun,2022-01-23,14:00,Granada,0.7,0–2,1.8,Osasuna,12471.0,Estadio Nuevo Los Cármenes,Santiago Jaime,La-Liga,12,2021-2022
22.0,Sun,2022-01-23,16:15,Real Madrid,3.4,2–2,0.8,Elche,39796.0,Estadio Santiago Bernabéu,Ricardo de Burgos,La-Liga,12,2021-2022
22.0,Sun,2022-01-23,18:30,Rayo Vallecano,1.6,0–1,0.5,Athletic Club,9034.0,Estadio del Rayo Vallecano,Adrián Cordero,La-Liga,12,2021-2022
22.0,Sun,2022-01-23,18:30,Real Sociedad,1.1,0–0,0.5,Getafe,27368.0,Estadio Municipal de Anoeta,José Luis Munuera,La-Liga,12,2021-2022
22.0,Sun,2022-01-23,21:00,Alavés,0.6,0–1,1.3,Barcelona,14056.0,Estadio de Mendizorroza,Jorge Figueroa,La-Liga,12,2021-2022
23.0,Fri,2022-02-04,21:00,Getafe,,,,Levante,,Coliseum Alfonso Pérez,,La-Liga,12,2021-2022
23.0,Sat,2022-02-05,14:00,Elche,,,,Alavés,,Estadio Manuel Martínez Valero,,La-Liga,12,2021-2022
23.0,Sat,2022-02-05,16:15,Mallorca,,,,Cádiz,,Iberostar Estadi,,La-Liga,12,2021-2022
23.0,Sat,2022-02-05,18:30,Celta Vigo,,,,Rayo Vallecano,,Estadio de Balaídos,,La-Liga,12,2021-2022
23.0,Sat,2022-02-05,21:00,Osasuna,,,,Sevilla,,Estadio El Sadar,,La-Liga,12,2021-2022
23.0,Sun,2022-02-06,14:00,Valencia,,,,Real Sociedad,,Estadio de Mestalla,,La-Liga,12,2021-2022
23.0,Sun,2022-02-06,16:15,Barcelona,,,,Atlético Madrid,,Camp Nou,,La-Liga,12,2021-2022
23.0,Sun,2022-02-06,18:30,Betis,,,,Villarreal,,Estadio Benito Villamarín,,La-Liga,12,2021-2022
23.0,Sun,2022-02-06,21:00,Real Madrid,,,,Granada,,Estadio Santiago Bernabéu,,La-Liga,12,2021-2022
23.0,Mon,2022-02-07,21:00,Athletic Club,,,,Espanyol,,San Mamés,,La-Liga,12,2021-2022
24.0,Fri,2022-02-11,21:00,Sevilla,,,,Elche,,Estadio Ramón Sánchez Pizjuán,,La-Liga,12,2021-2022
24.0,Sat,2022-02-12,14:00,Cádiz,,,,Celta Vigo,,Estadio Nuevo Mirandilla,,La-Liga,12,2021-2022
24.0,Sat,2022-02-12,16:15,Villarreal,,,,Real Madrid,,Estadio de la Cerámica,,La-Liga,12,2021-2022
24.0,Sat,2022-02-12,18:30,Rayo Vallecano,,,,Osasuna,,Estadio del Rayo Vallecano,,La-Liga,12,2021-2022
24.0,Sat,2022-02-12,21:00,Atlético Madrid,,,,Getafe,,Estadio Wanda Metropolitano,,La-Liga,12,2021-2022
24.0,Sun,2022-02-13,14:00,Alavés,,,,Valencia,,Estadio de Mendizorroza,,La-Liga,12,2021-2022
24.0,Sun,2022-02-13,16:15,Levante,,,,Betis,,Estadio Ciudad de Valencia,,La-Liga,12,2021-2022
24.0,Sun,2022-02-13,18:30,Real Sociedad,,,,Granada,,Estadio Municipal de Anoeta,,La-Liga,12,2021-2022
24.0,Sun,2022-02-13,21:00,Espanyol,,,,Barcelona,,RCDE Stadium,,La-Liga,12,2021-2022
24.0,Mon,2022-02-14,21:00,Mallorca,,,,Athletic Club,,Iberostar Estadi,,La-Liga,12,2021-2022
21.0,Wed,2022-02-16,19:00,Atlético Madrid,,,,Levante,,Estadio Wanda Metropolitano,,La-Liga,12,2021-2022
25.0,Sun,2022-02-20,,Celta Vigo,,,,Levante,,,,La-Liga,12,2021-2022
25.0,Sun,2022-02-20,,Cádiz,,,,Getafe,,,,La-Liga,12,2021-2022
25.0,Sun,2022-02-20,,Valencia,,,,Barcelona,,,,La-Liga,12,2021-2022
25.0,Sun,2022-02-20,,Granada,,,,Villarreal,,,,La-Liga,12,2021-2022
25.0,Sun,2022-02-20,,Espanyol,,,,Sevilla,,,,La-Liga,12,2021-2022
25.0,Sun,2022-02-20,,Real Madrid,,,,Alavés,,,,La-Liga,12,2021-2022
25.0,Sun,2022-02-20,,Athletic Club,,,,Real Sociedad,,,,La-Liga,12,2021-2022
25.0,Sun,2022-02-20,,Osasuna,,,,Atlético Madrid,,,,La-Liga,12,2021-2022
25.0,Sun,2022-02-20,,Elche,,,,Rayo Vallecano,,,,La-Liga,12,2021-2022
25.0,Sun,2022-02-20,,Betis,,,,Mallorca,,,,La-Liga,12,2021-2022
26.0,Sun,2022-02-27,,Rayo Vallecano,,,,Real Madrid,,,,La-Liga,12,2021-2022
26.0,Sun,2022-02-27,,Real Sociedad,,,,Osasuna,,,,La-Liga,12,2021-2022
26.0,Sun,2022-02-27,,Levante,,,,Elche,,,,La-Liga,12,2021-2022
26.0,Sun,2022-02-27,,Barcelona,,,,Athletic Club,,,,La-Liga,12,2021-2022
26.0,Sun,2022-02-27,,Granada,,,,Cádiz,,,,La-Liga,12,2021-2022
26.0,Sun,2022-02-27,,Getafe,,,,Alavés,,,,La-Liga,12,2021-2022
26.0,Sun,2022-02-27,,Sevilla,,,,Betis,,,,La-Liga,12,2021-2022
26.0,Sun,2022-02-27,,Mallorca,,,,Valencia,,,,La-Liga,12,2021-2022
26.0,Sun,2022-02-27,,Villarreal,,,,Espanyol,,,,La-Liga,12,2021-2022
26.0,Sun,2022-02-27,,Atlético Madrid,,,,Celta Vigo,,,,La-Liga,12,2021-2022
27.0,Sun,2022-03-06,,Real Madrid,,,,Real Sociedad,,,,La-Liga,12,2021-2022
27.0,Sun,2022-03-06,,Athletic Club,,,,Levante,,,,La-Liga,12,2021-2022
27.0,Sun,2022-03-06,,Alavés,,,,Sevilla,,,,La-Liga,12,2021-2022
27.0,Sun,2022-03-06,,Valencia,,,,Granada,,,,La-Liga,12,2021-2022
27.0,Sun,2022-03-06,,Betis,,,,Atlético Madrid,,,,La-Liga,12,2021-2022
27.0,Sun,2022-03-06,,Espanyol,,,,Getafe,,,,La-Liga,12,2021-2022
27.0,Sun,2022-03-06,,Celta Vigo,,,,Mallorca,,,,La-Liga,12,2021-2022
27.0,Sun,2022-03-06,,Osasuna,,,,Villarreal,,,,La-Liga,12,2021-2022
27.0,Sun,2022-03-06,,Elche,,,,Barcelona,,,,La-Liga,12,2021-2022
27.0,Sun,2022-03-06,,Cádiz,,,,Rayo Vallecano,,,,La-Liga,12,2021-2022
28.0,Sun,2022-03-13,,Granada,,,,Elche,,,,La-Liga,12,2021-2022
28.0,Sun,2022-03-13,,Real Sociedad,,,,Alavés,,,,La-Liga,12,2021-2022
28.0,Sun,2022-03-13,,Getafe,,,,Valencia,,,,La-Liga,12,2021-2022
28.0,Sun,2022-03-13,,Betis,,,,Athletic Club,,,,La-Liga,12,2021-2022
28.0,Sun,2022-03-13,,Levante,,,,Espanyol,,,,La-Liga,12,2021-2022
28.0,Sun,2022-03-13,,Rayo Vallecano,,,,Sevilla,,,,La-Liga,12,2021-2022
28.0,Sun,2022-03-13,,Atlético Madrid,,,,Cádiz,,,,La-Liga,12,2021-2022
28.0,Sun,2022-03-13,,Barcelona,,,,Osasuna,,,,La-Liga,12,2021-2022
28.0,Sun,2022-03-13,,Villarreal,,,,Celta Vigo,,,,La-Liga,12,2021-2022
28.0,Sun,2022-03-13,,Mallorca,,,,Real Madrid,,,,La-Liga,12,2021-2022
29.0,Sun,2022-03-20,,Real Madrid,,,,Barcelona,,,,La-Liga,12,2021-2022
29.0,Sun,2022-03-20,,Alavés,,,,Granada,,,,La-Liga,12,2021-2022
29.0,Sun,2022-03-20,,Rayo Vallecano,,,,Atlético Madrid,,,,La-Liga,12,2021-2022
29.0,Sun,2022-03-20,,Elche,,,,Valencia,,,,La-Liga,12,2021-2022
29.0,Sun,2022-03-20,,Osasuna,,,,Levante,,,,La-Liga,12,2021-2022
29.0,Sun,2022-03-20,,Cádiz,,,,Villarreal,,,,La-Liga,12,2021-2022
29.0,Sun,2022-03-20,,Athletic Club,,,,Getafe,,,,La-Liga,12,2021-2022
29.0,Sun,2022-03-20,,Celta Vigo,,,,Betis,,,,La-Liga,12,2021-2022
29.0,Sun,2022-03-20,,Sevilla,,,,Real Sociedad,,,,La-Liga,12,2021-2022
29.0,Sun,2022-03-20,,Espanyol,,,,Mallorca,,,,La-Liga,12,2021-2022
30.0,Sun,2022-04-03,,Betis,,,,Osasuna,,,,La-Liga,12,2021-2022
30.0,Sun,2022-04-03,,Levante,,,,Villarreal,,,,La-Liga,12,2021-2022
30.0,Sun,2022-04-03,,Barcelona,,,,Sevilla,,,,La-Liga,12,2021-2022
30.0,Sun,2022-04-03,,Granada,,,,Rayo Vallecano,,,,La-Liga,12,2021-2022
30.0,Sun,2022-04-03,,Celta Vigo,,,,Real Madrid,,,,La-Liga,12,2021-2022
30.0,Sun,2022-04-03,,Athletic Club,,,,Elche,,,,La-Liga,12,2021-2022
30.0,Sun,2022-04-03,,Atlético Madrid,,,,Alavés,,,,La-Liga,12,2021-2022
30.0,Sun,2022-04-03,,Valencia,,,,Cádiz,,,,La-Liga,12,2021-2022
30.0,Sun,2022-04-03,,Real Sociedad,,,,Espanyol,,,,La-Liga,12,2021-2022
30.0,Sun,2022-04-03,,Getafe,,,,Mallorca,,,,La-Liga,12,2021-2022
31.0,Sun,2022-04-10,,Osasuna,,,,Alavés,,,,La-Liga,12,2021-2022
31.0,Sun,2022-04-10,,Real Madrid,,,,Getafe,,,,La-Liga,12,2021-2022
31.0,Sun,2022-04-10,,Levante,,,,Barcelona,,,,La-Liga,12,2021-2022
31.0,Sun,2022-04-10,,Sevilla,,,,Granada,,,,La-Liga,12,2021-2022
31.0,Sun,2022-04-10,,Villarreal,,,,Athletic Club,,,,La-Liga,12,2021-2022
31.0,Sun,2022-04-10,,Espanyol,,,,Celta Vigo,,,,La-Liga,12,2021-2022
31.0,Sun,2022-04-10,,Mallorca,,,,Atlético Madrid,,,,La-Liga,12,2021-2022
31.0,Sun,2022-04-10,,Rayo Vallecano,,,,Valencia,,,,La-Liga,12,2021-2022
31.0,Sun,2022-04-10,,Cádiz,,,,Betis,,,,La-Liga,12,2021-2022
31.0,Sun,2022-04-10,,Elche,,,,Real Sociedad,,,,La-Liga,12,2021-2022
32.0,Sun,2022-04-17,,Granada,,,,Levante,,,,La-Liga,12,2021-2022
32.0,Sun,2022-04-17,,Alavés,,,,Rayo Vallecano,,,,La-Liga,12,2021-2022
32.0,Sun,2022-04-17,,Atlético Madrid,,,,Espanyol,,,,La-Liga,12,2021-2022
32.0,Sun,2022-04-17,,Real Sociedad,,,,Betis,,,,La-Liga,12,2021-2022
32.0,Sun,2022-04-17,,Elche,,,,Mallorca,,,,La-Liga,12,2021-2022
32.0,Sun,2022-04-17,,Getafe,,,,Villarreal,,,,La-Liga,12,2021-2022
32.0,Sun,2022-04-17,,Valencia,,,,Osasuna,,,,La-Liga,12,2021-2022
32.0,Sun,2022-04-17,,Sevilla,,,,Real Madrid,,,,La-Liga,12,2021-2022
32.0,Sun,2022-04-17,,Barcelona,,,,Cádiz,,,,La-Liga,12,2021-2022
32.0,Sun,2022-04-17,,Athletic Club,,,,Celta Vigo,,,,La-Liga,12,2021-2022
33.0,Wed,2022-04-20,,Levante,,,,Sevilla,,,,La-Liga,12,2021-2022
33.0,Wed,2022-04-20,,Mallorca,,,,Alavés,,,,La-Liga,12,2021-2022
33.0,Wed,2022-04-20,,Osasuna,,,,Real Madrid,,,,La-Liga,12,2021-2022
33.0,Wed,2022-04-20,,Real Sociedad,,,,Barcelona,,,,La-Liga,12,2021-2022
33.0,Wed,2022-04-20,,Espanyol,,,,Rayo Vallecano,,,,La-Liga,12,2021-2022
33.0,Wed,2022-04-20,,Villarreal,,,,Valencia,,,,La-Liga,12,2021-2022
33.0,Wed,2022-04-20,,Atlético Madrid,,,,Granada,,,,La-Liga,12,2021-2022
33.0,Wed,2022-04-20,,Betis,,,,Elche,,,,La-Liga,12,2021-2022
33.0,Wed,2022-04-20,,Cádiz,,,,Athletic Club,,,,La-Liga,12,2021-2022
33.0,Wed,2022-04-20,,Celta Vigo,,,,Getafe,,,,La-Liga,12,2021-2022
34.0,Sun,2022-05-01,,Elche,,,,Osasuna,,,,La-Liga,12,2021-2022
34.0,Sun,2022-05-01,,Rayo Vallecano,,,,Real Sociedad,,,,La-Liga,12,2021-2022
34.0,Sun,2022-05-01,,Granada,,,,Celta Vigo,,,,La-Liga,12,2021-2022
34.0,Sun,2022-05-01,,Athletic Club,,,,Atlético Madrid,,,,La-Liga,12,2021-2022
34.0,Sun,2022-05-01,,Valencia,,,,Levante,,,,La-Liga,12,2021-2022
34.0,Sun,2022-05-01,,Real Madrid,,,,Espanyol,,,,La-Liga,12,2021-2022
34.0,Sun,2022-05-01,,Getafe,,,,Betis,,,,La-Liga,12,2021-2022
34.0,Sun,2022-05-01,,Barcelona,,,,Mallorca,,,,La-Liga,12,2021-2022
34.0,Sun,2022-05-01,,Sevilla,,,,Cádiz,,,,La-Liga,12,2021-2022
34.0,Sun,2022-05-01,,Alavés,,,,Villarreal,,,,La-Liga,12,2021-2022
35.0,Sun,2022-05-08,,Espanyol,,,,Osasuna,,,,La-Liga,12,2021-2022
35.0,Sun,2022-05-08,,Celta Vigo,,,,Alavés,,,,La-Liga,12,2021-2022
35.0,Sun,2022-05-08,,Athletic Club,,,,Valencia,,,,La-Liga,12,2021-2022
35.0,Sun,2022-05-08,,Mallorca,,,,Granada,,,,La-Liga,12,2021-2022
35.0,Sun,2022-05-08,,Villarreal,,,,Sevilla,,,,La-Liga,12,2021-2022
35.0,Sun,2022-05-08,,Levante,,,,Real Sociedad,,,,La-Liga,12,2021-2022
35.0,Sun,2022-05-08,,Atlético Madrid,,,,Real Madrid,,,,La-Liga,12,2021-2022
35.0,Sun,2022-05-08,,Cádiz,,,,Elche,,,,La-Liga,12,2021-2022
35.0,Sun,2022-05-08,,Betis,,,,Barcelona,,,,La-Liga,12,2021-2022
35.0,Sun,2022-05-08,,Getafe,,,,Rayo Vallecano,,,,La-Liga,12,2021-2022
36.0,Wed,2022-05-11,,Osasuna,,,,Getafe,,,,La-Liga,12,2021-2022
36.0,Wed,2022-05-11,,Real Sociedad,,,,Cádiz,,,,La-Liga,12,2021-2022
36.0,Wed,2022-05-11,,Sevilla,,,,Mallorca,,,,La-Liga,12,2021-2022
36.0,Wed,2022-05-11,,Real Madrid,,,,Levante,,,,La-Liga,12,2021-2022
36.0,Wed,2022-05-11,,Elche,,,,Atlético Madrid,,,,La-Liga,12,2021-2022
36.0,Wed,2022-05-11,,Valencia,,,,Betis,,,,La-Liga,12,2021-2022
36.0,Wed,2022-05-11,,Rayo Vallecano,,,,Villarreal,,,,La-Liga,12,2021-2022
36.0,Wed,2022-05-11,,Barcelona,,,,Celta Vigo,,,,La-Liga,12,2021-2022
36.0,Wed,2022-05-11,,Alavés,,,,Espanyol,,,,La-Liga,12,2021-2022
36.0,Wed,2022-05-11,,Granada,,,,Athletic Club,,,,La-Liga,12,2021-2022
37.0,Sun,2022-05-15,,Celta Vigo,,,,Elche,,,,La-Liga,12,2021-2022
37.0,Sun,2022-05-15,,Athletic Club,,,,Osasuna,,,,La-Liga,12,2021-2022
37.0,Sun,2022-05-15,,Getafe,,,,Barcelona,,,,La-Liga,12,2021-2022
37.0,Sun,2022-05-15,,Espanyol,,,,Valencia,,,,La-Liga,12,2021-2022
37.0,Sun,2022-05-15,,Betis,,,,Granada,,,,La-Liga,12,2021-2022
37.0,Sun,2022-05-15,,Atlético Madrid,,,,Sevilla,,,,La-Liga,12,2021-2022
37.0,Sun,2022-05-15,,Cádiz,,,,Real Madrid,,,,La-Liga,12,2021-2022
37.0,Sun,2022-05-15,,Levante,,,,Alavés,,,,La-Liga,12,2021-2022
37.0,Sun,2022-05-15,,Villarreal,,,,Real Sociedad,,,,La-Liga,12,2021-2022
37.0,Sun,2022-05-15,,Mallorca,,,,Rayo Vallecano,,,,La-Liga,12,2021-2022
38.0,Sun,2022-05-22,,Rayo Vallecano,,,,Levante,,,,La-Liga,12,2021-2022
38.0,Sun,2022-05-22,,Real Sociedad,,,,Atlético Madrid,,,,La-Liga,12,2021-2022
38.0,Sun,2022-05-22,,Alavés,,,,Cádiz,,,,La-Liga,12,2021-2022
38.0,Sun,2022-05-22,,Barcelona,,,,Villarreal,,,,La-Liga,12,2021-2022
38.0,Sun,2022-05-22,,Sevilla,,,,Athletic Club,,,,La-Liga,12,2021-2022
38.0,Sun,2022-05-22,,Real Madrid,,,,Betis,,,,La-Liga,12,2021-2022
38.0,Sun,2022-05-22,,Osasuna,,,,Mallorca,,,,La-Liga,12,2021-2022
38.0,Sun,2022-05-22,,Granada,,,,Espanyol,,,,La-Liga,12,2021-2022
38.0,Sun,2022-05-22,,Valencia,,,,Celta Vigo,,,,La-Liga,12,2021-2022
38.0,Sun,2022-05-22,,Elche,,,,Getafe,,,,La-Liga,12,2021-2022
