Wk,Day,Date,Time,Home,xG,Score,xG.1,Away,Attendance,Venue,Referee,League Name,League ID,Season
1.0,Fri,2017-08-11,19:45,Arsenal,2.3,4–3,1.3,Leicester City,59387.0,Emirates Stadium,Mike Dean,Premier-League,9,2017-2018
1.0,Sat,2017-08-12,12:30,Watford,2.1,3–3,3.1,Liverpool,20407.0,Vicarage Road Stadium,Anthony Taylor,Premier-League,9,2017-2018
1.0,Sat,2017-08-12,15:00,West Brom,1.2,1–0,0.4,Bournemouth,25011.0,The Hawthorns,Robert Madley,Premier-League,9,2017-2018
1.0,Sat,2017-08-12,15:00,Everton,0.5,1–0,0.3,Stoke City,39045.0,Goodison Park,Niel Swarbrick,Premier-League,9,2017-2018
1.0,Sat,2017-08-12,15:00,Southampton,2.1,0–0,0.5,Swansea City,31447.0,St. Mary's Stadium,Mike Jones,Premier-League,9,2017-2018
1.0,Sat,2017-08-12,15:00,Chelsea,1.3,2–3,0.8,Burnley,41616.0,Stamford Bridge,Craig Pawson,Premier-League,9,2017-2018
1.0,Sat,2017-08-12,15:00,Crystal Palace,1.1,0–3,1.7,Huddersfield,25448.0,Selhurst Park,Jonathan Moss,Premier-League,9,2017-2018
1.0,Sat,2017-08-12,17:30,Brighton,0.3,0–2,1.8,Manchester City,30415.0,The American Express Community Stadium,Michael Oliver,Premier-League,9,2017-2018
1.0,Sun,2017-08-13,13:30,Newcastle Utd,0.6,0–2,1.9,Tottenham,52077.0,St. James' Park,Andre Marriner,Premier-League,9,2017-2018
1.0,Sun,2017-08-13,16:00,Manchester Utd,2.1,4–0,0.6,West Ham,74928.0,Old Trafford,Martin Atkinson,Premier-League,9,2017-2018
,,,,,,,,,,,,Premier-League,9,2017-2018
2.0,Sat,2017-08-19,12:30,Swansea City,0.3,0–4,3.3,Manchester Utd,20862.0,Liberty Stadium,Jonathan Moss,Premier-League,9,2017-2018
2.0,Sat,2017-08-19,15:00,Southampton,2.1,3–2,1.7,West Ham,31424.0,St. Mary's Stadium,Lee Mason,Premier-League,9,2017-2018
2.0,Sat,2017-08-19,15:00,Leicester City,1.7,2–0,0.2,Brighton,31902.0,King Power Stadium,Lee Probert,Premier-League,9,2017-2018
2.0,Sat,2017-08-19,15:00,Bournemouth,0.9,0–2,2.1,Watford,10501.0,Vitality Stadium,Roger East,Premier-League,9,2017-2018
2.0,Sat,2017-08-19,15:00,Burnley,1.2,0–1,1.0,West Brom,19619.0,Turf Moor,Martin Atkinson,Premier-League,9,2017-2018
2.0,Sat,2017-08-19,15:00,Liverpool,2.4,1–0,0.6,Crystal Palace,53138.0,Anfield,Kevin Friend,Premier-League,9,2017-2018
2.0,Sat,2017-08-19,17:30,Stoke City,1.0,1–0,1.6,Arsenal,29459.0,Bet365 Stadium,Andre Marriner,Premier-League,9,2017-2018
2.0,Sun,2017-08-20,13:30,Huddersfield,0.3,1–0,1.4,Newcastle Utd,24128.0,The John Smith's Stadium,Craig Pawson,Premier-League,9,2017-2018
2.0,Sun,2017-08-20,16:00,Tottenham,0.6,1–2,0.8,Chelsea,73587.0,Wembley Stadium,Anthony Taylor,Premier-League,9,2017-2018
2.0,Mon,2017-08-21,20:00,Manchester City,1.2,1–1,0.6,Everton,49108.0,Etihad Stadium,Robert Madley,Premier-League,9,2017-2018
3.0,Sat,2017-08-26,12:30,Bournemouth,0.4,1–2,1.6,Manchester City,10419.0,Vitality Stadium,Mike Dean,Premier-League,9,2017-2018
3.0,Sat,2017-08-26,15:00,Crystal Palace,0.9,0–2,1.1,Swansea City,23477.0,Selhurst Park,Andre Marriner,Premier-League,9,2017-2018
3.0,Sat,2017-08-26,15:00,Huddersfield,1.4,0–0,0.8,Southampton,23548.0,The John Smith's Stadium,Stuart Attwell,Premier-League,9,2017-2018
3.0,Sat,2017-08-26,15:00,Watford,0.3,0–0,0.9,Brighton,20181.0,Vicarage Road Stadium,Graham Scott,Premier-League,9,2017-2018
3.0,Sat,2017-08-26,15:00,Newcastle Utd,3.3,3–0,0.5,West Ham,52093.0,St. James' Park,Niel Swarbrick,Premier-League,9,2017-2018
3.0,Sat,2017-08-26,17:30,Manchester Utd,2.6,2–0,0.6,Leicester City,75021.0,Old Trafford,Michael Oliver,Premier-League,9,2017-2018
3.0,Sun,2017-08-27,13:30,West Brom,0.6,1–1,1.2,Stoke City,22704.0,The Hawthorns,Anthony Taylor,Premier-League,9,2017-2018
3.0,Sun,2017-08-27,13:30,Chelsea,1.1,2–0,0.6,Everton,41382.0,Stamford Bridge,Jonathan Moss,Premier-League,9,2017-2018
3.0,Sun,2017-08-27,16:00,Tottenham,2.3,1–1,0.9,Burnley,67862.0,Wembley Stadium,Lee Mason,Premier-League,9,2017-2018
3.0,Sun,2017-08-27,16:00,Liverpool,3.0,4–0,0.7,Arsenal,53206.0,Anfield,Craig Pawson,Premier-League,9,2017-2018
4.0,Sat,2017-09-09,12:30,Manchester City,2.7,5–0,0.7,Liverpool,54172.0,Etihad Stadium,Jonathan Moss,Premier-League,9,2017-2018
4.0,Sat,2017-09-09,15:00,Southampton,0.4,0–2,0.6,Watford,31435.0,St. Mary's Stadium,Lee Probert,Premier-League,9,2017-2018
4.0,Sat,2017-09-09,15:00,Brighton,0.4,3–1,0.8,West Brom,30381.0,The American Express Community Stadium,Chris Kavanagh,Premier-League,9,2017-2018
4.0,Sat,2017-09-09,15:00,Leicester City,1.6,1–2,1.5,Chelsea,30923.0,King Power Stadium,Lee Mason,Premier-League,9,2017-2018
4.0,Sat,2017-09-09,15:00,Everton,0.9,0–3,2.0,Tottenham,38835.0,Goodison Park,Graham Scott,Premier-League,9,2017-2018
4.0,Sat,2017-09-09,15:00,Arsenal,2.0,3–0,0.9,Bournemouth,59262.0,Emirates Stadium,Anthony Taylor,Premier-League,9,2017-2018
4.0,Sat,2017-09-09,17:30,Stoke City,1.1,2–2,2.4,Manchester Utd,29320.0,Bet365 Stadium,Niel Swarbrick,Premier-League,9,2017-2018
4.0,Sun,2017-09-10,13:30,Burnley,0.4,1–0,1.6,Crystal Palace,18862.0,Turf Moor,Michael Oliver,Premier-League,9,2017-2018
4.0,Sun,2017-09-10,16:00,Swansea City,1.1,0–1,0.9,Newcastle Utd,20872.0,Liberty Stadium,Mike Jones,Premier-League,9,2017-2018
4.0,Mon,2017-09-11,20:00,West Ham,1.7,2–0,0.3,Huddersfield,56977.0,London Stadium,Kevin Friend,Premier-League,9,2017-2018
5.0,Fri,2017-09-15,20:00,Bournemouth,1.5,2–1,0.7,Brighton,10369.0,Vitality Stadium,Craig Pawson,Premier-League,9,2017-2018
5.0,Sat,2017-09-16,12:30,Crystal Palace,2.1,0–1,0.9,Southampton,24199.0,Selhurst Park,Robert Madley,Premier-League,9,2017-2018
5.0,Sat,2017-09-16,15:00,Liverpool,2.1,1–1,0.6,Burnley,53231.0,Anfield,Roger East,Premier-League,9,2017-2018
5.0,Sat,2017-09-16,15:00,Watford,0.5,0–6,3.6,Manchester City,20305.0,Vicarage Road Stadium,Anthony Taylor,Premier-League,9,2017-2018
5.0,Sat,2017-09-16,15:00,West Brom,0.6,0–0,0.3,West Ham,24942.0,The Hawthorns,Paul Tierney,Premier-League,9,2017-2018
5.0,Sat,2017-09-16,15:00,Huddersfield,1.1,1–1,1.4,Leicester City,24129.0,The John Smith's Stadium,Jonathan Moss,Premier-League,9,2017-2018
5.0,Sat,2017-09-16,15:00,Newcastle Utd,2.0,2–1,0.7,Stoke City,51795.0,St. James' Park,Stuart Attwell,Premier-League,9,2017-2018
5.0,Sat,2017-09-16,17:30,Tottenham,1.5,0–0,0.2,Swansea City,65366.0,Wembley Stadium,Mike Dean,Premier-League,9,2017-2018
5.0,Sun,2017-09-17,13:30,Chelsea,0.8,0–0,1.4,Arsenal,41478.0,Stamford Bridge,Michael Oliver,Premier-League,9,2017-2018
5.0,Sun,2017-09-17,16:00,Manchester Utd,3.5,4–0,0.8,Everton,75042.0,Old Trafford,Andre Marriner,Premier-League,9,2017-2018
6.0,Sat,2017-09-23,12:30,West Ham,0.9,2–3,1.5,Tottenham,56988.0,London Stadium,Michael Oliver,Premier-League,9,2017-2018
6.0,Sat,2017-09-23,15:00,Southampton,1.3,0–1,1.3,Manchester Utd,31930.0,St. Mary's Stadium,Craig Pawson,Premier-League,9,2017-2018
6.0,Sat,2017-09-23,15:00,Burnley,0.5,0–0,0.3,Huddersfield,20759.0,Turf Moor,Chris Kavanagh,Premier-League,9,2017-2018
6.0,Sat,2017-09-23,15:00,Everton,2.2,2–1,0.8,Bournemouth,38133.0,Goodison Park,Martin Atkinson,Premier-League,9,2017-2018
6.0,Sat,2017-09-23,15:00,Swansea City,1.2,1–2,1.7,Watford,20372.0,Liberty Stadium,Lee Mason,Premier-League,9,2017-2018
6.0,Sat,2017-09-23,15:00,Stoke City,0.6,0–4,1.4,Chelsea,29661.0,Bet365 Stadium,Mike Dean,Premier-League,9,2017-2018
6.0,Sat,2017-09-23,15:00,Manchester City,4.4,5–0,0.4,Crystal Palace,53526.0,Etihad Stadium,Niel Swarbrick,Premier-League,9,2017-2018
6.0,Sat,2017-09-23,17:30,Leicester City,3.0,2–3,1.9,Liverpool,32004.0,King Power Stadium,Anthony Taylor,Premier-League,9,2017-2018
6.0,Sun,2017-09-24,16:00,Brighton,1.0,1–0,1.3,Newcastle Utd,30468.0,The American Express Community Stadium,Andre Marriner,Premier-League,9,2017-2018
6.0,Mon,2017-09-25,20:00,Arsenal,2.4,2–0,0.7,West Brom,59134.0,Emirates Stadium,Robert Madley,Premier-League,9,2017-2018
7.0,Sat,2017-09-30,12:30,Huddersfield,0.2,0–4,2.0,Tottenham,24169.0,The John Smith's Stadium,Niel Swarbrick,Premier-League,9,2017-2018
7.0,Sat,2017-09-30,15:00,Stoke City,2.5,2–1,1.9,Southampton,29285.0,Bet365 Stadium,Mike Jones,Premier-League,9,2017-2018
7.0,Sat,2017-09-30,15:00,Manchester Utd,2.7,4–0,0.3,Crystal Palace,75118.0,Old Trafford,Mike Dean,Premier-League,9,2017-2018
7.0,Sat,2017-09-30,15:00,Bournemouth,1.7,0–0,0.4,Leicester City,10444.0,Vitality Stadium,Graham Scott,Premier-League,9,2017-2018
7.0,Sat,2017-09-30,15:00,West Ham,0.9,1–0,0.2,Swansea City,56922.0,London Stadium,Roger East,Premier-League,9,2017-2018
7.0,Sat,2017-09-30,15:00,West Brom,1.6,2–2,1.6,Watford,24606.0,The Hawthorns,Michael Oliver,Premier-League,9,2017-2018
7.0,Sat,2017-09-30,17:30,Chelsea,0.3,0–1,1.1,Manchester City,41530.0,Stamford Bridge,Martin Atkinson,Premier-League,9,2017-2018
7.0,Sun,2017-10-01,12:00,Arsenal,3.0,2–0,0.4,Brighton,59378.0,Emirates Stadium,Kevin Friend,Premier-League,9,2017-2018
7.0,Sun,2017-10-01,14:15,Everton,1.3,0–1,0.7,Burnley,38448.0,Goodison Park,Jonathan Moss,Premier-League,9,2017-2018
7.0,Sun,2017-10-01,16:30,Newcastle Utd,0.7,1–1,1.7,Liverpool,52303.0,St. James' Park,Craig Pawson,Premier-League,9,2017-2018
8.0,Sat,2017-10-14,12:30,Liverpool,1.6,0–0,0.3,Manchester Utd,52912.0,Anfield,Martin Atkinson,Premier-League,9,2017-2018
8.0,Sat,2017-10-14,15:00,Tottenham,2.4,1–0,0.4,Bournemouth,73502.0,Wembley Stadium,Robert Madley,Premier-League,9,2017-2018
8.0,Sat,2017-10-14,15:00,Swansea City,1.5,2–0,0.4,Huddersfield,20657.0,Liberty Stadium,Paul Tierney,Premier-League,9,2017-2018
8.0,Sat,2017-10-14,15:00,Crystal Palace,1.5,2–1,1.0,Chelsea,25480.0,Selhurst Park,Andre Marriner,Premier-League,9,2017-2018
8.0,Sat,2017-10-14,15:00,Burnley,1.3,1–1,1.1,West Ham,20945.0,Turf Moor,Stuart Attwell,Premier-League,9,2017-2018
8.0,Sat,2017-10-14,15:00,Manchester City,3.9,7–2,0.7,Stoke City,54128.0,Etihad Stadium,Craig Pawson,Premier-League,9,2017-2018
8.0,Sat,2017-10-14,17:30,Watford,1.8,2–1,1.1,Arsenal,20384.0,Vicarage Road Stadium,Niel Swarbrick,Premier-League,9,2017-2018
8.0,Sun,2017-10-15,13:30,Brighton,1.1,1–1,1.5,Everton,30565.0,The American Express Community Stadium,Michael Oliver,Premier-League,9,2017-2018
8.0,Sun,2017-10-15,16:00,Southampton,1.7,2–2,1.0,Newcastle Utd,31437.0,St. Mary's Stadium,Kevin Friend,Premier-League,9,2017-2018
8.0,Mon,2017-10-16,20:00,Leicester City,0.9,1–1,0.2,West Brom,30203.0,King Power Stadium,Mike Dean,Premier-League,9,2017-2018
9.0,Fri,2017-10-20,20:00,West Ham,0.6,0–3,1.4,Brighton,56977.0,London Stadium,Martin Atkinson,Premier-League,9,2017-2018
9.0,Sat,2017-10-21,12:30,Chelsea,1.5,4–2,2.2,Watford,41467.0,Stamford Bridge,Jonathan Moss,Premier-League,9,2017-2018
9.0,Sat,2017-10-21,15:00,Swansea City,0.9,1–2,1.7,Leicester City,20521.0,Liberty Stadium,Michael Oliver,Premier-League,9,2017-2018
9.0,Sat,2017-10-21,15:00,Newcastle Utd,0.3,1–0,0.6,Crystal Palace,52251.0,St. James' Park,Stuart Attwell,Premier-League,9,2017-2018
9.0,Sat,2017-10-21,15:00,Manchester City,2.9,3–0,0.3,Burnley,54118.0,Etihad Stadium,Roger East,Premier-League,9,2017-2018
9.0,Sat,2017-10-21,15:00,Stoke City,1.3,1–2,1.0,Bournemouth,29500.0,Bet365 Stadium,Lee Probert,Premier-League,9,2017-2018
9.0,Sat,2017-10-21,15:00,Huddersfield,1.2,2–1,1.0,Manchester Utd,24426.0,The John Smith's Stadium,Lee Mason,Premier-League,9,2017-2018
9.0,Sat,2017-10-21,17:30,Southampton,1.9,1–0,0.4,West Brom,29947.0,St. Mary's Stadium,Graham Scott,Premier-League,9,2017-2018
9.0,Sun,2017-10-22,13:30,Everton,1.3,2–5,2.8,Arsenal,39189.0,Goodison Park,Craig Pawson,Premier-League,9,2017-2018
9.0,Sun,2017-10-22,16:00,Tottenham,1.8,4–1,0.6,Liverpool,80827.0,Wembley Stadium,Andre Marriner,Premier-League,9,2017-2018
10.0,Sat,2017-10-28,12:30,Manchester Utd,0.8,1–0,1.0,Tottenham,75034.0,Old Trafford,Jonathan Moss,Premier-League,9,2017-2018
10.0,Sat,2017-10-28,15:00,Liverpool,2.4,3–0,0.0,Huddersfield,53268.0,Anfield,Kevin Friend,Premier-League,9,2017-2018
10.0,Sat,2017-10-28,15:00,Crystal Palace,2.7,2–2,0.9,West Ham,25242.0,Selhurst Park,Robert Madley,Premier-League,9,2017-2018
10.0,Sat,2017-10-28,15:00,West Brom,1.1,2–3,2.6,Manchester City,24003.0,The Hawthorns,Mike Jones,Premier-League,9,2017-2018
10.0,Sat,2017-10-28,15:00,Arsenal,1.6,2–1,0.6,Swansea City,59493.0,Emirates Stadium,Lee Mason,Premier-League,9,2017-2018
10.0,Sat,2017-10-28,15:00,Watford,1.1,0–1,0.7,Stoke City,20087.0,Vicarage Road Stadium,Michael Oliver,Premier-League,9,2017-2018
10.0,Sat,2017-10-28,17:30,Bournemouth,0.7,0–1,1.9,Chelsea,10998.0,Vitality Stadium,Craig Pawson,Premier-League,9,2017-2018
10.0,Sun,2017-10-29,13:30,Brighton,0.9,1–1,0.5,Southampton,30564.0,The American Express Community Stadium,Niel Swarbrick,Premier-League,9,2017-2018
10.0,Sun,2017-10-29,16:00,Leicester City,1.6,2–0,0.4,Everton,31891.0,King Power Stadium,Andre Marriner,Premier-League,9,2017-2018
10.0,Mon,2017-10-30,20:00,Burnley,0.8,1–0,0.5,Newcastle Utd,21031.0,Turf Moor,Mike Dean,Premier-League,9,2017-2018
11.0,Sat,2017-11-04,12:30,Stoke City,0.9,2–2,1.4,Leicester City,29602.0,Bet365 Stadium,Robert Madley,Premier-League,9,2017-2018
11.0,Sat,2017-11-04,15:00,Southampton,1.1,0–1,0.2,Burnley,30491.0,St. Mary's Stadium,Lee Probert,Premier-League,9,2017-2018
11.0,Sat,2017-11-04,15:00,Swansea City,1.5,0–1,0.7,Brighton,20822.0,Liberty Stadium,Mike Dean,Premier-League,9,2017-2018
11.0,Sat,2017-11-04,15:00,Newcastle Utd,1.2,0–1,1.8,Bournemouth,52237.0,St. James' Park,Paul Tierney,Premier-League,9,2017-2018
11.0,Sat,2017-11-04,15:00,Huddersfield,0.3,1–0,0.5,West Brom,24169.0,The John Smith's Stadium,Roger East,Premier-League,9,2017-2018
11.0,Sat,2017-11-04,17:30,West Ham,1.2,1–4,2.0,Liverpool,56961.0,London Stadium,Niel Swarbrick,Premier-League,9,2017-2018
11.0,Sun,2017-11-05,12:00,Tottenham,0.9,1–0,1.0,Crystal Palace,65270.0,Wembley Stadium,Kevin Friend,Premier-League,9,2017-2018
11.0,Sun,2017-11-05,14:15,Manchester City,2.0,3–1,0.4,Arsenal,54286.0,Etihad Stadium,Michael Oliver,Premier-League,9,2017-2018
11.0,Sun,2017-11-05,16:30,Everton,2.3,3–2,1.9,Watford,38609.0,Goodison Park,Graham Scott,Premier-League,9,2017-2018
11.0,Sun,2017-11-05,16:30,Chelsea,1.4,1–0,0.8,Manchester Utd,41615.0,Stamford Bridge,Anthony Taylor,Premier-League,9,2017-2018
12.0,Sat,2017-11-18,12:30,Arsenal,1.4,2–0,1.4,Tottenham,59530.0,Emirates Stadium,Mike Dean,Premier-League,9,2017-2018
12.0,Sat,2017-11-18,15:00,Bournemouth,1.3,4–0,1.3,Huddersfield,10879.0,Vitality Stadium,Lee Probert,Premier-League,9,2017-2018
12.0,Sat,2017-11-18,15:00,Leicester City,0.2,0–2,2.0,Manchester City,31908.0,King Power Stadium,Graham Scott,Premier-League,9,2017-2018
12.0,Sat,2017-11-18,15:00,Burnley,1.6,2–0,0.7,Swansea City,18895.0,Turf Moor,Martin Atkinson,Premier-League,9,2017-2018
12.0,Sat,2017-11-18,15:00,Crystal Palace,1.9,2–2,2.1,Everton,25526.0,Selhurst Park,Anthony Taylor,Premier-League,9,2017-2018
12.0,Sat,2017-11-18,15:00,West Brom,0.7,0–4,2.4,Chelsea,23592.0,The Hawthorns,Jonathan Moss,Premier-League,9,2017-2018
12.0,Sat,2017-11-18,15:00,Liverpool,2.0,3–0,0.5,Southampton,53256.0,Anfield,Mike Jones,Premier-League,9,2017-2018
12.0,Sat,2017-11-18,17:30,Manchester Utd,3.2,4–1,0.9,Newcastle Utd,75035.0,Old Trafford,Craig Pawson,Premier-League,9,2017-2018
12.0,Sun,2017-11-19,16:00,Watford,1.3,2–0,1.6,West Ham,20018.0,Vicarage Road Stadium,Andre Marriner,Premier-League,9,2017-2018
12.0,Mon,2017-11-20,20:00,Brighton,0.5,2–2,1.4,Stoke City,29676.0,The American Express Community Stadium,Lee Mason,Premier-League,9,2017-2018
13.0,Fri,2017-11-24,20:00,West Ham,0.6,1–1,0.5,Leicester City,56897.0,London Stadium,Martin Atkinson,Premier-League,9,2017-2018
13.0,Sat,2017-11-25,15:00,Swansea City,0.7,0–0,0.5,Bournemouth,20228.0,Liberty Stadium,Stuart Attwell,Premier-League,9,2017-2018
13.0,Sat,2017-11-25,15:00,Manchester Utd,1.1,1–0,0.5,Brighton,75018.0,Old Trafford,Niel Swarbrick,Premier-League,9,2017-2018
13.0,Sat,2017-11-25,15:00,Tottenham,1.6,1–1,0.7,West Brom,65905.0,Wembley Stadium,Mike Jones,Premier-League,9,2017-2018
13.0,Sat,2017-11-25,15:00,Newcastle Utd,1.4,0–3,2.3,Watford,52188.0,St. James' Park,Chris Kavanagh,Premier-League,9,2017-2018
13.0,Sat,2017-11-25,15:00,Crystal Palace,2.2,2–1,1.5,Stoke City,23723.0,Selhurst Park,Mike Dean,Premier-League,9,2017-2018
13.0,Sat,2017-11-25,17:30,Liverpool,1.2,1–1,0.6,Chelsea,53225.0,Anfield,Michael Oliver,Premier-League,9,2017-2018
13.0,Sun,2017-11-26,13:30,Southampton,1.9,4–1,0.2,Everton,30461.0,St. Mary's Stadium,Kevin Friend,Premier-League,9,2017-2018
13.0,Sun,2017-11-26,14:00,Burnley,0.4,0–1,1.8,Arsenal,21722.0,Turf Moor,Lee Mason,Premier-League,9,2017-2018
13.0,Sun,2017-11-26,16:00,Huddersfield,0.4,1–2,2.1,Manchester City,24121.0,The John Smith's Stadium,Craig Pawson,Premier-League,9,2017-2018
14.0,Tue,2017-11-28,19:45,Brighton,0.4,0–0,0.8,Crystal Palace,29889.0,The American Express Community Stadium,Andre Marriner,Premier-League,9,2017-2018
14.0,Tue,2017-11-28,19:45,Leicester City,0.6,2–1,2.6,Tottenham,31950.0,King Power Stadium,Anthony Taylor,Premier-League,9,2017-2018
14.0,Tue,2017-11-28,20:00,West Brom,1.5,2–2,0.8,Newcastle Utd,25534.0,The Hawthorns,Lee Probert,Premier-League,9,2017-2018
14.0,Tue,2017-11-28,20:00,Watford,1.4,2–4,1.6,Manchester Utd,20552.0,Vicarage Road Stadium,Jonathan Moss,Premier-League,9,2017-2018
14.0,Wed,2017-11-29,19:45,Arsenal,4.5,5–0,0.8,Huddersfield,59285.0,Emirates Stadium,Graham Scott,Premier-League,9,2017-2018
14.0,Wed,2017-11-29,19:45,Bournemouth,0.8,1–2,1.6,Burnley,10302.0,Vitality Stadium,Roger East,Premier-League,9,2017-2018
14.0,Wed,2017-11-29,19:45,Chelsea,1.6,1–0,0.0,Swansea City,41365.0,Stamford Bridge,Niel Swarbrick,Premier-League,9,2017-2018
14.0,Wed,2017-11-29,20:00,Stoke City,0.6,0–3,1.9,Liverpool,29423.0,Bet365 Stadium,Martin Atkinson,Premier-League,9,2017-2018
14.0,Wed,2017-11-29,20:00,Manchester City,1.9,2–1,1.0,Southampton,53407.0,Etihad Stadium,Paul Tierney,Premier-League,9,2017-2018
14.0,Wed,2017-11-29,20:00,Everton,1.8,4–0,1.0,West Ham,38242.0,Goodison Park,Michael Oliver,Premier-League,9,2017-2018
15.0,Sat,2017-12-02,12:30,Chelsea,3.5,3–1,0.5,Newcastle Utd,41538.0,Stamford Bridge,Kevin Friend,Premier-League,9,2017-2018
15.0,Sat,2017-12-02,15:00,Everton,1.2,2–0,0.5,Huddersfield,39167.0,Goodison Park,Chris Kavanagh,Premier-League,9,2017-2018
15.0,Sat,2017-12-02,15:00,West Brom,1.7,0–0,0.6,Crystal Palace,23531.0,The Hawthorns,Michael Oliver,Premier-League,9,2017-2018
15.0,Sat,2017-12-02,15:00,Brighton,1.7,1–5,1.6,Liverpool,30634.0,The American Express Community Stadium,Graham Scott,Premier-League,9,2017-2018
15.0,Sat,2017-12-02,15:00,Leicester City,1.3,1–0,0.8,Burnley,30714.0,King Power Stadium,Paul Tierney,Premier-League,9,2017-2018
15.0,Sat,2017-12-02,15:00,Watford,0.3,1–1,1.1,Tottenham,20278.0,Vicarage Road Stadium,Martin Atkinson,Premier-League,9,2017-2018
15.0,Sat,2017-12-02,15:00,Stoke City,1.2,2–1,0.3,Swansea City,28261.0,Bet365 Stadium,Craig Pawson,Premier-League,9,2017-2018
15.0,Sat,2017-12-02,17:30,Arsenal,3.8,1–3,2.4,Manchester Utd,59547.0,Emirates Stadium,Andre Marriner,Premier-League,9,2017-2018
15.0,Sun,2017-12-03,13:30,Bournemouth,1.6,1–1,1.2,Southampton,10764.0,Vitality Stadium,Jonathan Moss,Premier-League,9,2017-2018
15.0,Sun,2017-12-03,16:00,Manchester City,2.5,2–1,0.7,West Ham,54203.0,Etihad Stadium,Mike Dean,Premier-League,9,2017-2018
16.0,Sat,2017-12-09,12:30,West Ham,0.2,1–0,1.3,Chelsea,56953.0,London Stadium,Anthony Taylor,Premier-League,9,2017-2018
16.0,Sat,2017-12-09,15:00,Burnley,1.0,1–0,1.0,Watford,19479.0,Turf Moor,Lee Probert,Premier-League,9,2017-2018
16.0,Sat,2017-12-09,15:00,Crystal Palace,5.2,2–2,1.1,Bournemouth,24823.0,Selhurst Park,Kevin Friend,Premier-League,9,2017-2018
16.0,Sat,2017-12-09,15:00,Tottenham,3.4,5–1,0.6,Stoke City,62202.0,Wembley Stadium,Roger East,Premier-League,9,2017-2018
16.0,Sat,2017-12-09,15:00,Huddersfield,2.0,2–0,0.3,Brighton,24018.0,The John Smith's Stadium,Stuart Attwell,Premier-League,9,2017-2018
16.0,Sat,2017-12-09,15:00,Swansea City,1.5,1–0,0.3,West Brom,19580.0,Liberty Stadium,Mike Dean,Premier-League,9,2017-2018
16.0,Sat,2017-12-09,17:30,Newcastle Utd,1.1,2–3,0.8,Leicester City,52117.0,St. James' Park,Niel Swarbrick,Premier-League,9,2017-2018
16.0,Sun,2017-12-10,12:00,Southampton,1.5,1–1,0.8,Arsenal,31643.0,St. Mary's Stadium,Robert Madley,Premier-League,9,2017-2018
16.0,Sun,2017-12-10,14:15,Liverpool,1.4,1–1,0.8,Everton,53082.0,Anfield,Craig Pawson,Premier-League,9,2017-2018
16.0,Sun,2017-12-10,16:30,Manchester Utd,1.1,1–2,2.1,Manchester City,74847.0,Old Trafford,Michael Oliver,Premier-League,9,2017-2018
17.0,Tue,2017-12-12,19:45,Burnley,0.3,1–0,0.8,Stoke City,19909.0,Turf Moor,Mike Jones,Premier-League,9,2017-2018
17.0,Tue,2017-12-12,20:00,Huddersfield,0.4,1–3,1.8,Chelsea,24169.0,The John Smith's Stadium,Andre Marriner,Premier-League,9,2017-2018
17.0,Tue,2017-12-12,20:00,Crystal Palace,1.4,2–1,1.4,Watford,23566.0,Selhurst Park,Lee Mason,Premier-League,9,2017-2018
17.0,Wed,2017-12-13,19:45,Swansea City,0.4,0–4,2.8,Manchester City,20870.0,Liberty Stadium,Anthony Taylor,Premier-League,9,2017-2018
17.0,Wed,2017-12-13,19:45,Newcastle Utd,0.9,0–1,1.0,Everton,51042.0,St. James' Park,Martin Atkinson,Premier-League,9,2017-2018
17.0,Wed,2017-12-13,19:45,Southampton,1.4,1–4,1.8,Leicester City,27714.0,St. Mary's Stadium,Chris Kavanagh,Premier-League,9,2017-2018
17.0,Wed,2017-12-13,20:00,West Ham,0.6,0–0,1.2,Arsenal,56921.0,London Stadium,Jonathan Moss,Premier-League,9,2017-2018
17.0,Wed,2017-12-13,20:00,Liverpool,1.5,0–0,0.3,West Brom,53243.0,Anfield,Paul Tierney,Premier-League,9,2017-2018
17.0,Wed,2017-12-13,20:00,Manchester Utd,1.0,1–0,0.9,Bournemouth,74798.0,Old Trafford,Graham Scott,Premier-League,9,2017-2018
17.0,Wed,2017-12-13,20:00,Tottenham,1.8,2–0,0.6,Brighton,46438.0,Wembley Stadium,Robert Madley,Premier-League,9,2017-2018
18.0,Sat,2017-12-16,12:30,Leicester City,0.6,0–3,1.7,Crystal Palace,31081.0,King Power Stadium,Martin Atkinson,Premier-League,9,2017-2018
18.0,Sat,2017-12-16,15:00,Watford,0.8,1–4,4.0,Huddersfield,20026.0,Vicarage Road Stadium,Michael Oliver,Premier-League,9,2017-2018
18.0,Sat,2017-12-16,15:00,Arsenal,1.8,1–0,0.4,Newcastle Utd,59379.0,Emirates Stadium,Stuart Attwell,Premier-League,9,2017-2018
18.0,Sat,2017-12-16,15:00,Chelsea,1.4,1–0,0.6,Southampton,41562.0,Stamford Bridge,Roger East,Premier-League,9,2017-2018
18.0,Sat,2017-12-16,15:00,Brighton,1.4,0–0,1.6,Burnley,29921.0,The American Express Community Stadium,Chris Kavanagh,Premier-League,9,2017-2018
18.0,Sat,2017-12-16,16:00,Stoke City,1.2,0–3,3.1,West Ham,29265.0,Bet365 Stadium,Graham Scott,Premier-League,9,2017-2018
18.0,Sat,2017-12-16,17:30,Manchester City,4.4,4–1,0.3,Tottenham,54214.0,Etihad Stadium,Craig Pawson,Premier-League,9,2017-2018
18.0,Sun,2017-12-17,14:15,West Brom,1.3,1–2,0.7,Manchester Utd,24782.0,The Hawthorns,Anthony Taylor,Premier-League,9,2017-2018
18.0,Sun,2017-12-17,16:30,Bournemouth,0.8,0–4,2.2,Liverpool,10780.0,Vitality Stadium,Andre Marriner,Premier-League,9,2017-2018
18.0,Mon,2017-12-18,20:00,Everton,2.2,3–1,0.6,Swansea City,37580.0,Goodison Park,Jonathan Moss,Premier-League,9,2017-2018
19.0,Fri,2017-12-22,19:45,Arsenal,1.1,3–3,2.1,Liverpool,59409.0,Emirates Stadium,Martin Atkinson,Premier-League,9,2017-2018
19.0,Sat,2017-12-23,12:30,Everton,0.3,0–0,1.8,Chelsea,39191.0,Goodison Park,Robert Madley,Premier-League,9,2017-2018
19.0,Sat,2017-12-23,15:00,Southampton,1.4,1–1,1.0,Huddersfield,29675.0,St. Mary's Stadium,Lee Probert,Premier-League,9,2017-2018
19.0,Sat,2017-12-23,15:00,Swansea City,0.4,1–1,1.3,Crystal Palace,20354.0,Liberty Stadium,Craig Pawson,Premier-League,9,2017-2018
19.0,Sat,2017-12-23,15:00,West Ham,2.3,2–3,1.6,Newcastle Utd,56955.0,London Stadium,Lee Mason,Premier-League,9,2017-2018
19.0,Sat,2017-12-23,15:00,Stoke City,1.9,3–1,1.4,West Brom,29057.0,Bet365 Stadium,Niel Swarbrick,Premier-League,9,2017-2018
19.0,Sat,2017-12-23,15:00,Brighton,1.5,1–0,1.0,Watford,30473.0,The American Express Community Stadium,Paul Tierney,Premier-League,9,2017-2018
19.0,Sat,2017-12-23,15:00,Manchester City,1.8,4–0,0.5,Bournemouth,54270.0,Etihad Stadium,Mike Jones,Premier-League,9,2017-2018
19.0,Sat,2017-12-23,17:30,Burnley,0.3,0–3,3.9,Tottenham,21650.0,Turf Moor,Michael Oliver,Premier-League,9,2017-2018
19.0,Sat,2017-12-23,19:45,Leicester City,1.3,2–2,1.8,Manchester Utd,32202.0,King Power Stadium,Jonathan Moss,Premier-League,9,2017-2018
20.0,Tue,2017-12-26,12:30,Tottenham,3.0,5–2,1.1,Southampton,55412.0,Wembley Stadium,Graham Scott,Premier-League,9,2017-2018
20.0,Tue,2017-12-26,15:00,Huddersfield,1.9,1–1,1.8,Stoke City,24047.0,The John Smith's Stadium,Anthony Taylor,Premier-League,9,2017-2018
20.0,Tue,2017-12-26,15:00,Bournemouth,3.6,3–3,2.2,West Ham,10596.0,Vitality Stadium,Stuart Attwell,Premier-League,9,2017-2018
20.0,Tue,2017-12-26,15:00,West Brom,1.1,0–0,0.4,Everton,25364.0,The Hawthorns,Roger East,Premier-League,9,2017-2018
20.0,Tue,2017-12-26,15:00,Manchester Utd,1.9,2–2,0.5,Burnley,75046.0,Old Trafford,Martin Atkinson,Premier-League,9,2017-2018
20.0,Tue,2017-12-26,15:00,Chelsea,2.2,2–0,0.3,Brighton,41568.0,Stamford Bridge,Mike Dean,Premier-League,9,2017-2018
20.0,Tue,2017-12-26,15:00,Watford,1.4,2–1,1.3,Leicester City,20308.0,Vicarage Road Stadium,Chris Kavanagh,Premier-League,9,2017-2018
20.0,Tue,2017-12-26,17:30,Liverpool,3.3,5–0,0.3,Swansea City,52850.0,Anfield,Kevin Friend,Premier-League,9,2017-2018
20.0,Wed,2017-12-27,19:45,Newcastle Utd,0.3,0–1,1.8,Manchester City,52311.0,St. James' Park,Andre Marriner,Premier-League,9,2017-2018
20.0,Thu,2017-12-28,20:00,Crystal Palace,1.2,2–3,1.2,Arsenal,25762.0,Selhurst Park,Michael Oliver,Premier-League,9,2017-2018
21.0,Sat,2017-12-30,15:00,Bournemouth,1.0,2–1,0.8,Everton,10497.0,Vitality Stadium,Lee Probert,Premier-League,9,2017-2018
21.0,Sat,2017-12-30,15:00,Watford,1.1,1–2,1.3,Swansea City,20002.0,Vicarage Road Stadium,Martin Atkinson,Premier-League,9,2017-2018
21.0,Sat,2017-12-30,15:00,Chelsea,2.3,5–0,0.3,Stoke City,41433.0,Stamford Bridge,Kevin Friend,Premier-League,9,2017-2018
21.0,Sat,2017-12-30,15:00,Newcastle Utd,0.3,0–0,0.6,Brighton,52209.0,St. James' Park,Anthony Taylor,Premier-League,9,2017-2018
21.0,Sat,2017-12-30,15:00,Huddersfield,0.1,0–0,1.2,Burnley,24095.0,The John Smith's Stadium,Paul Tierney,Premier-League,9,2017-2018
21.0,Sat,2017-12-30,15:00,Liverpool,2.8,2–1,0.9,Leicester City,53226.0,Anfield,Niel Swarbrick,Premier-League,9,2017-2018
21.0,Sat,2017-12-30,17:30,Manchester Utd,1.4,0–0,0.7,Southampton,75051.0,Old Trafford,Craig Pawson,Premier-League,9,2017-2018
21.0,Sun,2017-12-31,12:00,Crystal Palace,1.4,0–0,1.0,Manchester City,25804.0,Selhurst Park,Jonathan Moss,Premier-League,9,2017-2018
21.0,Sun,2017-12-31,16:30,West Brom,1.6,1–1,1.4,Arsenal,26223.0,The Hawthorns,Mike Dean,Premier-League,9,2017-2018
22.0,Mon,2018-01-01,12:30,Brighton,2.2,2–2,1.6,Bournemouth,30152.0,The American Express Community Stadium,Michael Oliver,Premier-League,9,2017-2018
22.0,Mon,2018-01-01,15:00,Stoke City,1.0,0–1,2.1,Newcastle Utd,28471.0,Bet365 Stadium,Chris Kavanagh,Premier-League,9,2017-2018
22.0,Mon,2018-01-01,15:00,Leicester City,1.5,3–0,0.4,Huddersfield,31748.0,King Power Stadium,Graham Scott,Premier-League,9,2017-2018
22.0,Mon,2018-01-01,15:00,Burnley,1.3,1–2,1.6,Liverpool,21756.0,Turf Moor,Roger East,Premier-League,9,2017-2018
22.0,Mon,2018-01-01,17:30,Everton,1.5,0–2,1.3,Manchester Utd,39188.0,Goodison Park,Andre Marriner,Premier-League,9,2017-2018
22.0,Tue,2018-01-02,19:45,West Ham,1.0,2–1,0.7,West Brom,56888.0,London Stadium,Mike Jones,Premier-League,9,2017-2018
22.0,Tue,2018-01-02,19:45,Southampton,0.8,1–2,1.2,Crystal Palace,28411.0,St. Mary's Stadium,Stuart Attwell,Premier-League,9,2017-2018
22.0,Tue,2018-01-02,19:45,Swansea City,0.4,0–2,1.4,Tottenham,20615.0,Liberty Stadium,Robert Madley,Premier-League,9,2017-2018
22.0,Tue,2018-01-02,20:00,Manchester City,3.0,3–1,1.4,Watford,53556.0,Etihad Stadium,Lee Mason,Premier-League,9,2017-2018
22.0,Wed,2018-01-03,19:45,Arsenal,1.6,2–2,3.2,Chelsea,59379.0,Emirates Stadium,Anthony Taylor,Premier-League,9,2017-2018
21.0,Thu,2018-01-04,20:00,Tottenham,2.1,1–1,0.3,West Ham,50034.0,Wembley Stadium,Mike Dean,Premier-League,9,2017-2018
23.0,Sat,2018-01-13,15:00,Huddersfield,0.4,1–4,1.7,West Ham,24105.0,The John Smith's Stadium,Jonathan Moss,Premier-League,9,2017-2018
23.0,Sat,2018-01-13,15:00,Watford,2.3,2–2,1.1,Southampton,20018.0,Vicarage Road Stadium,Roger East,Premier-League,9,2017-2018
23.0,Sat,2018-01-13,15:00,Chelsea,0.6,0–0,1.1,Leicester City,41552.0,Stamford Bridge,Mike Jones,Premier-League,9,2017-2018
23.0,Sat,2018-01-13,15:00,Crystal Palace,1.1,1–0,0.6,Burnley,24696.0,Selhurst Park,Michael Oliver,Premier-League,9,2017-2018
23.0,Sat,2018-01-13,15:00,Newcastle Utd,1.1,1–1,1.4,Swansea City,51444.0,St. James' Park,Graham Scott,Premier-League,9,2017-2018
23.0,Sat,2018-01-13,15:00,West Brom,1.1,2–0,0.6,Brighton,25240.0,The Hawthorns,Martin Atkinson,Premier-League,9,2017-2018
23.0,Sat,2018-01-13,17:30,Tottenham,3.5,4–0,0.3,Everton,76251.0,Wembley Stadium,Craig Pawson,Premier-League,9,2017-2018
23.0,Sun,2018-01-14,13:30,Bournemouth,1.1,2–1,1.3,Arsenal,10836.0,Vitality Stadium,Kevin Friend,Premier-League,9,2017-2018
23.0,Sun,2018-01-14,16:00,Liverpool,1.0,4–3,1.0,Manchester City,53285.0,Anfield,Andre Marriner,Premier-League,9,2017-2018
23.0,Mon,2018-01-15,20:00,Manchester Utd,2.3,3–0,1.3,Stoke City,74726.0,Old Trafford,Anthony Taylor,Premier-League,9,2017-2018
24.0,Sat,2018-01-20,12:30,Brighton,1.5,0–4,1.5,Chelsea,30600.0,The American Express Community Stadium,Jonathan Moss,Premier-League,9,2017-2018
24.0,Sat,2018-01-20,15:00,Leicester City,2.2,2–0,0.8,Watford,31891.0,King Power Stadium,Lee Probert,Premier-League,9,2017-2018
24.0,Sat,2018-01-20,15:00,Burnley,1.1,0–1,0.9,Manchester Utd,21841.0,Turf Moor,Mike Dean,Premier-League,9,2017-2018
24.0,Sat,2018-01-20,15:00,Arsenal,2.5,4–1,0.7,Crystal Palace,59386.0,Emirates Stadium,Chris Kavanagh,Premier-League,9,2017-2018
24.0,Sat,2018-01-20,15:00,Everton,0.7,1–1,1.4,West Brom,39061.0,Goodison Park,Stuart Attwell,Premier-League,9,2017-2018
24.0,Sat,2018-01-20,15:00,Stoke City,1.4,2–0,0.1,Huddersfield,29785.0,Bet365 Stadium,Michael Oliver,Premier-League,9,2017-2018
24.0,Sat,2018-01-20,15:00,West Ham,1.0,1–1,0.6,Bournemouth,56948.0,London Stadium,Martin Atkinson,Premier-League,9,2017-2018
24.0,Sat,2018-01-20,17:30,Manchester City,2.2,3–1,0.6,Newcastle Utd,54452.0,Etihad Stadium,Paul Tierney,Premier-League,9,2017-2018
24.0,Sun,2018-01-21,16:00,Southampton,0.8,1–1,2.1,Tottenham,31361.0,St. Mary's Stadium,Kevin Friend,Premier-League,9,2017-2018
24.0,Mon,2018-01-22,20:00,Swansea City,0.3,1–0,2.1,Liverpool,20886.0,Liberty Stadium,Niel Swarbrick,Premier-League,9,2017-2018
25.0,Tue,2018-01-30,19:45,Swansea City,1.7,3–1,1.0,Arsenal,20819.0,Liberty Stadium,Lee Mason,Premier-League,9,2017-2018
25.0,Tue,2018-01-30,19:45,West Ham,1.4,1–1,0.4,Crystal Palace,56911.0,London Stadium,Niel Swarbrick,Premier-League,9,2017-2018
25.0,Tue,2018-01-30,20:00,Huddersfield,0.4,0–3,1.8,Liverpool,24121.0,The John Smith's Stadium,Kevin Friend,Premier-League,9,2017-2018
25.0,Wed,2018-01-31,19:45,Everton,1.7,2–1,1.8,Leicester City,38390.0,Goodison Park,Chris Kavanagh,Premier-League,9,2017-2018
25.0,Wed,2018-01-31,19:45,Chelsea,1.3,0–3,1.4,Bournemouth,41464.0,Stamford Bridge,Lee Probert,Premier-League,9,2017-2018
25.0,Wed,2018-01-31,19:45,Newcastle Utd,2.3,1–1,0.8,Burnley,50174.0,St. James' Park,Simon Hooper,Premier-League,9,2017-2018
25.0,Wed,2018-01-31,19:45,Southampton,1.1,1–1,1.1,Brighton,30034.0,St. Mary's Stadium,Mike Dean,Premier-League,9,2017-2018
25.0,Wed,2018-01-31,20:00,Tottenham,2.0,2–0,1.0,Manchester Utd,81978.0,Wembley Stadium,Andre Marriner,Premier-League,9,2017-2018
25.0,Wed,2018-01-31,20:00,Stoke City,1.3,0–0,1.2,Watford,27458.0,Bet365 Stadium,Jonathan Moss,Premier-League,9,2017-2018
25.0,Wed,2018-01-31,20:00,Manchester City,2.9,3–0,0.5,West Brom,53241.0,Etihad Stadium,Robert Madley,Premier-League,9,2017-2018
26.0,Sat,2018-02-03,12:30,Burnley,0.8,1–1,2.9,Manchester City,21658.0,Turf Moor,Martin Atkinson,Premier-League,9,2017-2018
26.0,Sat,2018-02-03,15:00,Manchester Utd,1.7,2–0,0.1,Huddersfield,74742.0,Old Trafford,Stuart Attwell,Premier-League,9,2017-2018
26.0,Sat,2018-02-03,15:00,Leicester City,1.5,1–1,0.3,Swansea City,31179.0,King Power Stadium,Anthony Taylor,Premier-League,9,2017-2018
26.0,Sat,2018-02-03,15:00,Brighton,2.5,3–1,0.7,West Ham,30589.0,The American Express Community Stadium,Roger East,Premier-League,9,2017-2018
26.0,Sat,2018-02-03,15:00,West Brom,0.6,2–3,1.0,Southampton,25911.0,The Hawthorns,Michael Oliver,Premier-League,9,2017-2018
26.0,Sat,2018-02-03,15:00,Bournemouth,2.1,2–1,0.6,Stoke City,10614.0,Vitality Stadium,Paul Tierney,Premier-League,9,2017-2018
26.0,Sat,2018-02-03,17:30,Arsenal,2.7,5–1,1.2,Everton,59306.0,Emirates Stadium,Niel Swarbrick,Premier-League,9,2017-2018
26.0,Sun,2018-02-04,14:15,Crystal Palace,3.0,1–1,1.1,Newcastle Utd,25746.0,Selhurst Park,Andre Marriner,Premier-League,9,2017-2018
26.0,Sun,2018-02-04,16:30,Liverpool,1.1,2–2,2.2,Tottenham,53213.0,Anfield,Jonathan Moss,Premier-League,9,2017-2018
26.0,Mon,2018-02-05,20:00,Watford,2.0,4–1,0.7,Chelsea,20157.0,Vicarage Road Stadium,Mike Dean,Premier-League,9,2017-2018
27.0,Sat,2018-02-10,12:30,Tottenham,2.1,1–0,0.6,Arsenal,83222.0,Wembley Stadium,Anthony Taylor,Premier-League,9,2017-2018
27.0,Sat,2018-02-10,15:00,Everton,1.3,3–1,1.8,Crystal Palace,39139.0,Goodison Park,Jonathan Moss,Premier-League,9,2017-2018
27.0,Sat,2018-02-10,15:00,West Ham,1.6,2–0,0.5,Watford,56197.0,London Stadium,Graham Scott,Premier-League,9,2017-2018
27.0,Sat,2018-02-10,15:00,Stoke City,1.6,1–1,1.0,Brighton,29876.0,Bet365 Stadium,Robert Madley,Premier-League,9,2017-2018
27.0,Sat,2018-02-10,15:00,Swansea City,0.7,1–0,0.5,Burnley,20179.0,Liberty Stadium,Andre Marriner,Premier-League,9,2017-2018
27.0,Sat,2018-02-10,17:30,Manchester City,2.5,5–1,0.2,Leicester City,54416.0,Etihad Stadium,Mike Jones,Premier-League,9,2017-2018
27.0,Sun,2018-02-11,12:00,Huddersfield,1.9,4–1,0.7,Bournemouth,23823.0,The John Smith's Stadium,Michael Oliver,Premier-League,9,2017-2018
27.0,Sun,2018-02-11,14:15,Newcastle Utd,0.9,1–0,2.3,Manchester Utd,52309.0,St. James' Park,Craig Pawson,Premier-League,9,2017-2018
27.0,Sun,2018-02-11,16:30,Southampton,0.5,0–2,2.6,Liverpool,31915.0,St. Mary's Stadium,Martin Atkinson,Premier-League,9,2017-2018
27.0,Mon,2018-02-12,20:00,Chelsea,2.3,3–0,0.7,West Brom,41071.0,Stamford Bridge,Lee Mason,Premier-League,9,2017-2018
28.0,Sat,2018-02-24,12:30,Leicester City,1.0,1–1,0.2,Stoke City,31769.0,King Power Stadium,Michael Oliver,Premier-League,9,2017-2018
28.0,Sat,2018-02-24,15:00,Liverpool,4.0,4–1,0.3,West Ham,53256.0,Anfield,Stuart Attwell,Premier-League,9,2017-2018
28.0,Sat,2018-02-24,15:00,West Brom,1.2,1–2,1.1,Huddersfield,25920.0,The Hawthorns,Jonathan Moss,Premier-League,9,2017-2018
28.0,Sat,2018-02-24,15:00,Brighton,3.2,4–1,0.5,Swansea City,30523.0,The American Express Community Stadium,Mike Dean,Premier-League,9,2017-2018
28.0,Sat,2018-02-24,15:00,Burnley,1.3,1–1,0.7,Southampton,20982.0,Turf Moor,Robert Madley,Premier-League,9,2017-2018
28.0,Sat,2018-02-24,15:00,Bournemouth,1.6,2–2,2.9,Newcastle Utd,10808.0,Vitality Stadium,Roger East,Premier-League,9,2017-2018
28.0,Sat,2018-02-24,17:30,Watford,0.6,1–0,0.9,Everton,20430.0,Vicarage Road Stadium,Anthony Taylor,Premier-League,9,2017-2018
28.0,Sun,2018-02-25,12:00,Crystal Palace,0.3,0–1,1.4,Tottenham,25287.0,Selhurst Park,Kevin Friend,Premier-League,9,2017-2018
28.0,Sun,2018-02-25,14:05,Manchester Utd,1.4,2–1,1.3,Chelsea,75060.0,Old Trafford,Martin Atkinson,Premier-League,9,2017-2018
28.0,Thu,2018-03-01,19:45,Arsenal,1.3,0–3,1.5,Manchester City,58420.0,Emirates Stadium,Andre Marriner,Premier-League,9,2017-2018
29.0,Sat,2018-03-03,12:30,Burnley,2.0,2–1,1.2,Everton,20802.0,Turf Moor,Chris Kavanagh,Premier-League,9,2017-2018
29.0,Sat,2018-03-03,15:00,Tottenham,1.8,2–0,0.1,Huddersfield,68311.0,Wembley Stadium,Kevin Friend,Premier-League,9,2017-2018
29.0,Sat,2018-03-03,15:00,Watford,1.4,1–0,0.7,West Brom,20022.0,Vicarage Road Stadium,Paul Tierney,Premier-League,9,2017-2018
29.0,Sat,2018-03-03,15:00,Swansea City,2.0,4–1,0.7,West Ham,20829.0,Liberty Stadium,Martin Atkinson,Premier-League,9,2017-2018
29.0,Sat,2018-03-03,15:00,Southampton,1.0,0–0,0.7,Stoke City,30335.0,St. Mary's Stadium,Anthony Taylor,Premier-League,9,2017-2018
29.0,Sat,2018-03-03,15:00,Leicester City,2.4,1–1,1.5,Bournemouth,31384.0,King Power Stadium,Lee Probert,Premier-League,9,2017-2018
29.0,Sat,2018-03-03,17:30,Liverpool,1.3,2–0,0.3,Newcastle Utd,53287.0,Anfield,Graham Scott,Premier-League,9,2017-2018
29.0,Sun,2018-03-04,13:30,Brighton,0.9,2–1,1.3,Arsenal,30620.0,The American Express Community Stadium,Stuart Attwell,Premier-League,9,2017-2018
29.0,Sun,2018-03-04,16:00,Manchester City,0.7,1–0,0.2,Chelsea,54328.0,Etihad Stadium,Michael Oliver,Premier-League,9,2017-2018
29.0,Mon,2018-03-05,20:00,Crystal Palace,0.8,2–3,1.8,Manchester Utd,25840.0,Selhurst Park,Niel Swarbrick,Premier-League,9,2017-2018
30.0,Sat,2018-03-10,12:30,Manchester Utd,0.7,2–1,0.8,Liverpool,74855.0,Old Trafford,Craig Pawson,Premier-League,9,2017-2018
30.0,Sat,2018-03-10,15:00,Newcastle Utd,1.5,3–0,0.4,Southampton,52246.0,St. James' Park,Andre Marriner,Premier-League,9,2017-2018
30.0,Sat,2018-03-10,15:00,Everton,1.6,2–0,0.4,Brighton,39199.0,Goodison Park,Roger East,Premier-League,9,2017-2018
30.0,Sat,2018-03-10,15:00,West Ham,0.8,0–3,1.7,Burnley,56904.0,London Stadium,Lee Mason,Premier-League,9,2017-2018
30.0,Sat,2018-03-10,15:00,West Brom,0.6,1–4,1.7,Leicester City,23558.0,The Hawthorns,Robert Madley,Premier-League,9,2017-2018
30.0,Sat,2018-03-10,15:00,Huddersfield,1.6,0–0,0.0,Swansea City,23567.0,The John Smith's Stadium,Michael Oliver,Premier-League,9,2017-2018
30.0,Sat,2018-03-10,17:30,Chelsea,3.4,2–1,1.1,Crystal Palace,40800.0,Stamford Bridge,Anthony Taylor,Premier-League,9,2017-2018
30.0,Sun,2018-03-11,13:30,Arsenal,2.8,3–0,1.5,Watford,59131.0,Emirates Stadium,Martin Atkinson,Premier-League,9,2017-2018
30.0,Sun,2018-03-11,16:00,Bournemouth,0.8,1–4,2.1,Tottenham,10623.0,Vitality Stadium,Mike Dean,Premier-League,9,2017-2018
30.0,Mon,2018-03-12,20:00,Stoke City,0.3,0–2,1.7,Manchester City,29138.0,Bet365 Stadium,Jonathan Moss,Premier-League,9,2017-2018
31.0,Sat,2018-03-17,15:00,Stoke City,0.8,1–2,2.4,Everton,30022.0,Bet365 Stadium,Martin Atkinson,Premier-League,9,2017-2018
31.0,Sat,2018-03-17,15:00,Huddersfield,0.3,0–2,3.0,Crystal Palace,23918.0,The John Smith's Stadium,Mike Dean,Premier-League,9,2017-2018
31.0,Sat,2018-03-17,15:00,Bournemouth,0.5,2–1,1.2,West Brom,10242.0,Vitality Stadium,Graham Scott,Premier-League,9,2017-2018
31.0,Sat,2018-03-17,17:30,Liverpool,2.5,5–0,0.2,Watford,53287.0,Anfield,Anthony Taylor,Premier-League,9,2017-2018
32.0,Sat,2018-03-31,12:30,Crystal Palace,1.7,1–2,1.5,Liverpool,25807.0,Selhurst Park,Niel Swarbrick,Premier-League,9,2017-2018
32.0,Sat,2018-03-31,15:00,Newcastle Utd,2.5,1–0,0.2,Huddersfield,52261.0,St. James' Park,Martin Atkinson,Premier-League,9,2017-2018
32.0,Sat,2018-03-31,15:00,West Brom,0.7,1–2,1.3,Burnley,23455.0,The Hawthorns,Lee Probert,Premier-League,9,2017-2018
32.0,Sat,2018-03-31,15:00,West Ham,1.7,3–0,0.7,Southampton,56882.0,London Stadium,Jonathan Moss,Premier-League,9,2017-2018
32.0,Sat,2018-03-31,15:00,Manchester Utd,2.3,2–0,0.2,Swansea City,75038.0,Old Trafford,Robert Madley,Premier-League,9,2017-2018
32.0,Sat,2018-03-31,15:00,Brighton,1.7,0–2,1.1,Leicester City,30629.0,The American Express Community Stadium,Chris Kavanagh,Premier-League,9,2017-2018
32.0,Sat,2018-03-31,15:00,Watford,1.1,2–2,2.2,Bournemouth,20393.0,Vicarage Road Stadium,Andy Madley,Premier-League,9,2017-2018
32.0,Sat,2018-03-31,17:30,Everton,0.4,1–3,1.7,Manchester City,39221.0,Goodison Park,Paul Tierney,Premier-League,9,2017-2018
32.0,Sun,2018-04-01,13:30,Arsenal,4.0,3–0,0.4,Stoke City,59371.0,Emirates Stadium,Craig Pawson,Premier-League,9,2017-2018
32.0,Sun,2018-04-01,16:00,Chelsea,1.2,1–3,1.1,Tottenham,41364.0,Stamford Bridge,Andre Marriner,Premier-League,9,2017-2018
33.0,Sat,2018-04-07,12:30,Everton,0.5,0–0,0.9,Liverpool,39220.0,Goodison Park,Michael Oliver,Premier-League,9,2017-2018
33.0,Sat,2018-04-07,15:00,Leicester City,1.2,1–2,0.6,Newcastle Utd,32066.0,King Power Stadium,Stuart Attwell,Premier-League,9,2017-2018
33.0,Sat,2018-04-07,15:00,Brighton,1.4,1–1,1.8,Huddersfield,30501.0,The American Express Community Stadium,Anthony Taylor,Premier-League,9,2017-2018
33.0,Sat,2018-04-07,15:00,Watford,1.1,1–2,1.4,Burnley,20044.0,Vicarage Road Stadium,Paul Tierney,Premier-League,9,2017-2018
33.0,Sat,2018-04-07,15:00,Bournemouth,2.2,2–2,1.4,Crystal Palace,10730.0,Vitality Stadium,Jonathan Moss,Premier-League,9,2017-2018
33.0,Sat,2018-04-07,15:00,Stoke City,1.4,1–2,1.5,Tottenham,29515.0,Bet365 Stadium,Graham Scott,Premier-League,9,2017-2018
33.0,Sat,2018-04-07,15:00,West Brom,1.1,1–1,0.6,Swansea City,23297.0,The Hawthorns,Roger East,Premier-League,9,2017-2018
33.0,Sat,2018-04-07,17:30,Manchester City,3.1,2–3,1.1,Manchester Utd,54259.0,Etihad Stadium,Martin Atkinson,Premier-League,9,2017-2018
33.0,Sun,2018-04-08,14:15,Arsenal,1.8,3–2,2.2,Southampton,59374.0,Emirates Stadium,Andre Marriner,Premier-League,9,2017-2018
33.0,Sun,2018-04-08,16:30,Chelsea,2.2,1–1,0.4,West Ham,41324.0,Stamford Bridge,Kevin Friend,Premier-League,9,2017-2018
34.0,Sat,2018-04-14,12:30,Southampton,1.3,2–3,1.0,Chelsea,31764.0,St. Mary's Stadium,Mike Dean,Premier-League,9,2017-2018
34.0,Sat,2018-04-14,15:00,Swansea City,1.3,1–1,1.5,Everton,20933.0,Liberty Stadium,Lee Mason,Premier-League,9,2017-2018
34.0,Sat,2018-04-14,15:00,Burnley,0.9,2–1,1.7,Leicester City,21727.0,Turf Moor,Martin Atkinson,Premier-League,9,2017-2018
34.0,Sat,2018-04-14,15:00,Crystal Palace,1.9,3–2,1.6,Brighton,24656.0,Selhurst Park,Andre Marriner,Premier-League,9,2017-2018
34.0,Sat,2018-04-14,15:00,Huddersfield,0.8,1–0,0.3,Watford,23961.0,The John Smith's Stadium,Craig Pawson,Premier-League,9,2017-2018
34.0,Sat,2018-04-14,17:30,Liverpool,2.4,3–0,0.7,Bournemouth,52959.0,Anfield,Chris Kavanagh,Premier-League,9,2017-2018
34.0,Sat,2018-04-14,19:45,Tottenham,0.5,1–3,2.9,Manchester City,80811.0,Wembley Stadium,Jonathan Moss,Premier-League,9,2017-2018
34.0,Sun,2018-04-15,13:30,Newcastle Utd,1.1,2–1,1.1,Arsenal,52210.0,St. James' Park,Anthony Taylor,Premier-League,9,2017-2018
34.0,Sun,2018-04-15,16:00,Manchester Utd,1.0,0–1,0.8,West Brom,75095.0,Old Trafford,Paul Tierney,Premier-League,9,2017-2018
34.0,Mon,2018-04-16,20:00,West Ham,0.8,1–1,1.3,Stoke City,56795.0,London Stadium,Michael Oliver,Premier-League,9,2017-2018
35.0,Tue,2018-04-17,19:45,Brighton,1.0,1–1,1.2,Tottenham,30440.0,The American Express Community Stadium,Kevin Friend,Premier-League,9,2017-2018
35.0,Wed,2018-04-18,19:45,Bournemouth,1.1,0–2,1.7,Manchester Utd,10952.0,Vitality Stadium,Graham Scott,Premier-League,9,2017-2018
31.0,Thu,2018-04-19,19:45,Burnley,0.4,1–2,1.7,Chelsea,21264.0,Turf Moor,Robert Madley,Premier-League,9,2017-2018
35.0,Thu,2018-04-19,19:45,Leicester City,0.7,0–0,0.6,Southampton,31160.0,King Power Stadium,Roger East,Premier-League,9,2017-2018
35.0,Sat,2018-04-21,12:30,West Brom,1.4,2–2,1.4,Liverpool,24520.0,The Hawthorns,Stuart Attwell,Premier-League,9,2017-2018
35.0,Sat,2018-04-21,15:00,Watford,0.9,0–0,0.2,Crystal Palace,20401.0,Vicarage Road Stadium,Chris Kavanagh,Premier-League,9,2017-2018
35.0,Sun,2018-04-22,13:30,Arsenal,1.5,4–1,1.1,West Ham,59422.0,Emirates Stadium,Lee Mason,Premier-League,9,2017-2018
35.0,Sun,2018-04-22,13:30,Stoke City,0.4,1–1,1.4,Burnley,29532.0,Bet365 Stadium,Mike Dean,Premier-League,9,2017-2018
35.0,Sun,2018-04-22,16:30,Manchester City,3.3,5–0,0.3,Swansea City,54387.0,Etihad Stadium,Craig Pawson,Premier-League,9,2017-2018
35.0,Mon,2018-04-23,20:00,Everton,0.7,1–0,0.9,Newcastle Utd,39061.0,Goodison Park,Robert Madley,Premier-League,9,2017-2018
36.0,Sat,2018-04-28,12:30,Liverpool,2.0,0–0,0.8,Stoke City,53255.0,Anfield,Andre Marriner,Premier-League,9,2017-2018
36.0,Sat,2018-04-28,15:00,Newcastle Utd,1.5,0–1,0.8,West Brom,52283.0,St. James' Park,David Coote,Premier-League,9,2017-2018
36.0,Sat,2018-04-28,15:00,Huddersfield,0.4,0–2,0.5,Everton,24121.0,The John Smith's Stadium,Lee Probert,Premier-League,9,2017-2018
36.0,Sat,2018-04-28,15:00,Southampton,1.2,2–1,1.0,Bournemouth,31778.0,St. Mary's Stadium,Anthony Taylor,Premier-League,9,2017-2018
36.0,Sat,2018-04-28,15:00,Burnley,1.4,0–0,0.4,Brighton,19459.0,Turf Moor,Roger East,Premier-League,9,2017-2018
36.0,Sat,2018-04-28,15:00,Crystal Palace,3.0,5–0,0.7,Leicester City,25750.0,Selhurst Park,Mike Dean,Premier-League,9,2017-2018
36.0,Sat,2018-04-28,17:30,Swansea City,0.8,0–1,1.8,Chelsea,20900.0,Liberty Stadium,Jonathan Moss,Premier-League,9,2017-2018
36.0,Sun,2018-04-29,14:15,West Ham,0.3,1–4,2.6,Manchester City,56904.0,London Stadium,Niel Swarbrick,Premier-League,9,2017-2018
36.0,Sun,2018-04-29,16:30,Manchester Utd,1.7,2–1,0.4,Arsenal,75035.0,Old Trafford,Kevin Friend,Premier-League,9,2017-2018
36.0,Mon,2018-04-30,20:00,Tottenham,1.4,2–0,0.9,Watford,52675.0,Wembley Stadium,Michael Oliver,Premier-League,9,2017-2018
37.0,Fri,2018-05-04,20:00,Brighton,0.7,1–0,0.8,Manchester Utd,30611.0,The American Express Community Stadium,Craig Pawson,Premier-League,9,2017-2018
37.0,Sat,2018-05-05,12:30,Stoke City,0.5,1–2,1.4,Crystal Palace,29687.0,Bet365 Stadium,Martin Atkinson,Premier-League,9,2017-2018
37.0,Sat,2018-05-05,15:00,Watford,2.5,2–1,0.7,Newcastle Utd,20375.0,Vicarage Road Stadium,Roger East,Premier-League,9,2017-2018
37.0,Sat,2018-05-05,15:00,West Brom,1.4,1–0,1.0,Tottenham,23685.0,The Hawthorns,Mike Jones,Premier-League,9,2017-2018
37.0,Sat,2018-05-05,15:00,Bournemouth,1.7,1–0,1.3,Swansea City,10820.0,Vitality Stadium,Kevin Friend,Premier-League,9,2017-2018
37.0,Sat,2018-05-05,15:00,Leicester City,0.5,0–2,1.2,West Ham,32013.0,King Power Stadium,Chris Kavanagh,Premier-League,9,2017-2018
37.0,Sat,2018-05-05,17:30,Everton,0.3,1–1,0.7,Southampton,38225.0,Goodison Park,Jonathan Moss,Premier-League,9,2017-2018
37.0,Sun,2018-05-06,13:30,Manchester City,1.0,0–0,0.5,Huddersfield,54350.0,Etihad Stadium,Mike Dean,Premier-League,9,2017-2018
37.0,Sun,2018-05-06,16:30,Arsenal,2.5,5–0,0.3,Burnley,59540.0,Emirates Stadium,Andre Marriner,Premier-League,9,2017-2018
37.0,Sun,2018-05-06,16:30,Chelsea,0.5,1–0,0.9,Liverpool,41314.0,Stamford Bridge,Anthony Taylor,Premier-League,9,2017-2018
31.0,Tue,2018-05-08,19:45,Swansea City,0.4,0–1,1.3,Southampton,20858.0,Liberty Stadium,Michael Oliver,Premier-League,9,2017-2018
31.0,Wed,2018-05-09,19:45,Leicester City,2.2,3–1,1.4,Arsenal,32095.0,King Power Stadium,Graham Scott,Premier-League,9,2017-2018
35.0,Wed,2018-05-09,19:45,Chelsea,2.0,1–1,0.5,Huddersfield,38910.0,Stamford Bridge,Lee Mason,Premier-League,9,2017-2018
31.0,Wed,2018-05-09,20:00,Manchester City,1.8,3–1,1.0,Brighton,54013.0,Etihad Stadium,Paul Tierney,Premier-League,9,2017-2018
31.0,Wed,2018-05-09,20:00,Tottenham,0.9,1–0,1.4,Newcastle Utd,54923.0,Wembley Stadium,Niel Swarbrick,Premier-League,9,2017-2018
31.0,Thu,2018-05-10,19:45,West Ham,1.1,0–0,0.8,Manchester Utd,56902.0,London Stadium,Jonathan Moss,Premier-League,9,2017-2018
38.0,Sun,2018-05-13,15:00,Burnley,0.6,1–2,1.6,Bournemouth,20720.0,Turf Moor,Paul Tierney,Premier-League,9,2017-2018
38.0,Sun,2018-05-13,15:00,Liverpool,3.4,4–0,0.1,Brighton,50752.0,Anfield,Kevin Friend,Premier-League,9,2017-2018
38.0,Sun,2018-05-13,15:00,Newcastle Utd,2.3,3–0,0.9,Chelsea,52294.0,St. James' Park,Martin Atkinson,Premier-League,9,2017-2018
38.0,Sun,2018-05-13,15:00,West Ham,0.9,3–1,1.7,Everton,56926.0,London Stadium,Graham Scott,Premier-League,9,2017-2018
38.0,Sun,2018-05-13,15:00,Southampton,0.5,0–1,1.1,Manchester City,31882.0,St. Mary's Stadium,Andre Marriner,Premier-League,9,2017-2018
38.0,Sun,2018-05-13,15:00,Crystal Palace,2.4,2–0,0.3,West Brom,25357.0,Selhurst Park,Jonathan Moss,Premier-League,9,2017-2018
38.0,Sun,2018-05-13,15:00,Tottenham,2.2,5–4,1.7,Leicester City,77841.0,Wembley Stadium,Craig Pawson,Premier-League,9,2017-2018
38.0,Sun,2018-05-13,15:00,Huddersfield,1.5,0–1,2.1,Arsenal,24122.0,The John Smith's Stadium,Michael Oliver,Premier-League,9,2017-2018
38.0,Sun,2018-05-13,15:00,Manchester Utd,0.9,1–0,0.8,Watford,75049.0,Old Trafford,Lee Mason,Premier-League,9,2017-2018
38.0,Sun,2018-05-13,15:00,Swansea City,2.8,1–2,1.6,Stoke City,20673.0,Liberty Stadium,Anthony Taylor,Premier-League,9,2017-2018
